"Time","CO {DeviceID=""AirSENCE-0322068B40233"", name=""Pollutant""}","CO {DeviceID=""AirSENCE-032206C140232"", name=""Pollutant""}","CO {DeviceID=""AirSENCE-0322223F40230"", name=""Pollutant""}","CO {DeviceID=""AirSENCE-032223EF40231"", name=""Pollutant""}","CO {DeviceID=""AirSENCE-1021BFD040215"", name=""Pollutant""}","CO {DeviceID=""AirSENCE-1021C46E40217"", name=""Pollutant""}","CO {DeviceID=""AirSENCE-1021C53740216"", name=""Pollutant""}","CO {DeviceID=""AirSENCE-1021C65A40214"", name=""Pollutant""}","CO {DeviceID=""AirSENCE-1021C6C640218"", name=""Pollutant""}","CO {DeviceID=""AirSENCE-1021C73840220"", name=""Pollutant""}"
2022-10-09 10:00:00,278,290,299,281,259,259,260,274,266,241
2022-10-09 11:00:00,282,270,295,255,236,234,241,257,236,224
2022-10-09 12:00:00,223,248,262,239,219,241,231,246,227,212
2022-10-09 13:00:00,224,245,260,258,229,226,219,239,227,213
2022-10-09 14:00:00,223,245,259,266,214,221,217,232,236,229
2022-10-09 15:00:00,259,370,302,302,295,299,325,280,285,288
2022-10-09 16:00:00,322,446,342,340,301,347,348,306,306,304
2022-10-09 17:00:00,289,330,329,302,256,266,281,272,272,270
2022-10-09 18:00:00,299,334,309,277,262,286,282,273,265,257
2022-10-09 19:00:00,286,326,326,295,257,269,275,267,279,283
2022-10-09 20:00:00,272,312,305,288,238,252,255,244,260,279
2022-10-09 21:00:00,272,322,340,317,257,258,272,261,268,272
2022-10-09 22:00:00,307,379,323,316,302,298,291,265,283,290
2022-10-09 23:00:00,289,365,320,317,281,321,318,270,294,293
2022-10-10 00:00:00,260,350,272,272,268,322,292,259,305,309
2022-10-10 01:00:00,256,334,254,259,265,316,306,256,269,271
2022-10-10 02:00:00,248,309,251,255,264,277,247,245,254,258
2022-10-10 03:00:00,235,282,232,231,237,240,233,231,242,238
2022-10-10 04:00:00,234,283,229,229,233,239,230,226,238,234
2022-10-10 05:00:00,236,283,226,229,229,234,220,224,231,225
2022-10-10 06:00:00,232,274,226,227,235,229,222,226,232,242
2022-10-10 07:00:00,241,279,231,227,231,235,224,224,231,224
2022-10-10 08:00:00,246,301,242,245,243,253,242,237,247,248
2022-10-10 09:00:00,262,297,247,237,292,267,254,263,315,266
2022-10-10 10:00:00,255,301,250,256,299,246,245,256,250,248
2022-10-10 11:00:00,237,275,234,234,262,236,225,234,247,238
2022-10-10 12:00:00,185,244,229,223,236,210,201,220,213,194
2022-10-10 13:00:00,176,238,224,205,205,219,207,209,214,197
2022-10-10 14:00:00,212,268,247,248,236,231,220,216,232,241
2022-10-10 15:00:00,258,309,264,259,289,291,296,270,267,274
2022-10-10 16:00:00,273,303,253,252,335,265,261,284,260,257
2022-10-10 17:00:00,267,308,265,258,268,260,257,277,279,279
2022-10-10 18:00:00,283,322,261,298,290,284,285,299,304,291
2022-10-10 19:00:00,288,344,288,322,357,264,285,339,296,306
2022-10-10 20:00:00,299,444,317,367,373,369,383,357,320,345
2022-10-10 21:00:00,433,611,374,413,356,343,370,366,300,316
2022-10-10 22:00:00,368,400,369,366,304,329,321,291,305,338
2022-10-10 23:00:00,297,310,327,334,258,279,262,243,263,259
2022-10-11 00:00:00,301,302,269,272,249,257,245,232,258,257
2022-10-11 01:00:00,278,303,281,273,269,276,270,253,268,300
2022-10-11 02:00:00,327,362,287,286,265,280,266,255,229,222
2022-10-11 03:00:00,331,369,275,267,244,260,252,238,248,248
2022-10-11 04:00:00,290,333,297,292,244,248,236,240,274,282
2022-10-11 05:00:00,295,363,302,297,306,323,327,300,304,302
2022-10-11 06:00:00,345,423,330,311,352,383,423,360,333,315
2022-10-11 07:00:00,330,455,424,382,438,470,449,413,323,346
2022-10-11 08:00:00,389,581,655,527,423,472,487,405,321,450
2022-10-11 09:00:00,492,759,592,553,596,658,636,619,340,331
2022-10-11 10:00:00,484,565,450,499,524,489,441,525,378,381
2022-10-11 11:00:00,362,411,340,358,385,388,375,385,335,341
2022-10-11 12:00:00,286,396,336,316,321,361,373,369,349,317
2022-10-11 13:00:00,238,412,337,299,311,343,420,356,336,259
2022-10-11 14:00:00,236,456,309,272,304,289,249,289,306,256
2022-10-11 15:00:00,259,464,295,272,358,354,306,316,277,296
2022-10-11 16:00:00,400,483,303,300,434,382,468,371,348,370
2022-10-11 17:00:00,466,489,336,348,391,450,463,384,360,389
2022-10-11 18:00:00,529,530,370,409,395,367,442,402,374,404
2022-10-11 19:00:00,437,691,401,410,432,379,424,379,355,408
2022-10-11 20:00:00,348,650,362,342,343,348,363,319,300,322
2022-10-11 21:00:00,293,545,315,332,345,305,340,303,281,305
2022-10-11 22:00:00,316,547,333,321,396,323,350,318,340,361
2022-10-11 23:00:00,302,479,319,313,359,317,333,298,313,341
2022-10-12 00:00:00,293,444,316,311,366,353,334,311,314,326
2022-10-12 01:00:00,285,407,351,295,329,295,304,281,294,309
2022-10-12 02:00:00,255,368,262,256,289,260,267,257,262,275
2022-10-12 03:00:00,267,367,249,245,274,251,258,250,251,259
2022-10-12 04:00:00,256,414,256,254,278,258,267,252,256,264
2022-10-12 05:00:00,253,370,255,256,268,253,255,239,249,257
2022-10-12 06:00:00,250,443,277,255,279,264,280,252,248,254
2022-10-12 07:00:00,283,524,301,291,318,311,342,296,271,273
2022-10-12 08:00:00,367,593,359,383,340,304,332,311,298,304
2022-10-12 09:00:00,389,558,415,531,403,338,364,373,321,315
2022-10-12 10:00:00,371,472,365,393,333,327,360,325,316,323
2022-10-12 11:00:00,265,416,294,276,329,324,363,297,298,298
2022-10-12 12:00:00,299,449,301,290,332,331,360,297,304,299
2022-10-12 13:00:00,289,473,307,293,319,345,433,294,309,316
2022-10-12 14:00:00,277,502,315,307,319,315,335,291,308,303
2022-10-12 15:00:00,292,494,306,285,363,323,344,321,317,322
2022-10-12 16:00:00,337,538,333,321,359,328,383,316,312,344
2022-10-12 17:00:00,376,532,329,364,344,352,393,317,329,315
2022-10-12 18:00:00,454,624,362,422,405,368,449,392,349,344
2022-10-12 19:00:00,394,622,369,398,401,364,401,373,352,336
2022-10-12 20:00:00,334,633,360,465,418,359,373,373,358,334
2022-10-12 21:00:00,344,536,327,357,362,330,335,345,300,311
2022-10-12 22:00:00,308,493,320,277,332,322,331,299,291,290
2022-10-12 23:00:00,270,454,281,286,326,300,309,297,282,289
2022-10-13 00:00:00,255,430,259,267,312,276,295,275,265,272
2022-10-13 01:00:00,264,425,265,260,297,277,293,267,270,282
2022-10-13 02:00:00,275,400,260,254,280,258,271,264,259,269
2022-10-13 03:00:00,265,396,262,260,280,260,268,267,259,268
2022-10-13 04:00:00,257,375,254,255,262,251,253,254,250,255
2022-10-13 05:00:00,246,360,242,243,254,243,250,247,242,244
2022-10-13 06:00:00,243,353,241,239,253,248,248,244,239,237
2022-10-13 07:00:00,265,407,281,253,273,261,292,260,250,244
2022-10-13 08:00:00,294,430,311,274,308,314,305,306,263,265
2022-10-13 09:00:00,392,409,402,399,341,354,353,331,308,309
2022-10-13 10:00:00,321,365,397,365,287,281,301,277,301,314
2022-10-13 11:00:00,323,389,381,331,317,326,334,312,299,295
2022-10-13 12:00:00,317,491,386,303,321,328,353,336,307,302
2022-10-13 13:00:00,325,449,350,278,396,392,485,383,292,325
2022-10-13 14:00:00,301,461,368,295,341,359,363,318,304,307
2022-10-13 15:00:00,271,418,315,301,331,319,344,307,291,309
2022-10-13 16:00:00,300,460,306,285,315,321,378,282,259,265
2022-10-13 17:00:00,261,386,281,246,290,325,314,254,254,259
2022-10-13 18:00:00,296,376,281,220,251,266,284,240,228,225
2022-10-13 19:00:00,308,474,293,242,268,281,278,257,262,259
2022-10-13 20:00:00,306,471,319,267,291,308,326,289,282,280
2022-10-13 21:00:00,289,490,310,277,310,315,308,285,267,284
2022-10-13 22:00:00,302,446,333,300,323,317,308,293,298,306
2022-10-13 23:00:00,302,419,318,302,300,321,315,285,288,288
2022-10-14 00:00:00,316,411,326,320,323,333,377,337,311,312
2022-10-14 01:00:00,339,436,339,332,344,382,390,336,387,369
2022-10-14 02:00:00,317,415,311,318,325,341,335,324,323,330
2022-10-14 03:00:00,230,266,231,220,240,234,224,231,227,226
2022-10-14 04:00:00,213,247,215,206,223,221,203,213,218,212
2022-10-14 05:00:00,202,229,210,192,227,226,195,209,207,202
2022-10-14 06:00:00,239,300,242,219,240,241,238,232,235,229
2022-10-14 07:00:00,289,446,330,269,284,290,309,313,269,271
2022-10-14 08:00:00,338,588,366,319,354,352,357,371,333,332
2022-10-14 09:00:00,394,614,468,413,402,416,445,424,351,382
2022-10-14 10:00:00,341,445,401,316,338,352,353,353,336,346
2022-10-14 11:00:00,309,356,347,328,317,318,317,329,332,318
2022-10-14 12:00:00,307,370,316,269,287,311,306,273,283,280
2022-10-14 13:00:00,273,370,351,262,311,330,338,289,264,269
2022-10-14 14:00:00,261,323,301,275,284,312,318,292,281,302
2022-10-14 15:00:00,252,351,303,269,281,297,320,259,293,268
2022-10-14 16:00:00,375,336,283,280,296,319,362,280,289,296
2022-10-14 17:00:00,348,325,278,301,323,347,363,309,312,299
2022-10-14 18:00:00,416,360,284,350,333,366,365,307,312,324
2022-10-14 19:00:00,351,470,310,310,339,368,414,314,300,342
2022-10-14 20:00:00,323,596,408,434,404,362,380,408,334,382
2022-10-14 21:00:00,368,644,495,451,396,393,340,360,299,310
2022-10-14 22:00:00,376,473,365,397,373,367,359,370,285,281
2022-10-14 23:00:00,287,328,264,284,296,287,284,279,253,256
2022-10-15 00:00:00,273,300,257,264,282,275,270,264,251,251
2022-10-15 01:00:00,266,314,251,261,287,266,268,267,251,249
2022-10-15 02:00:00,246,333,264,257,276,264,254,265,257,247
2022-10-15 03:00:00,237,286,236,234,266,241,238,251,239,235
2022-10-15 04:00:00,233,283,226,226,250,230,225,235,231,228
2022-10-15 05:00:00,222,267,221,217,241,223,218,223,221,221
2022-10-15 06:00:00,219,254,206,205,225,210,206,205,214,210
2022-10-15 07:00:00,203,246,199,196,233,213,212,221,217,209
2022-10-15 08:00:00,208,251,201,199,219,201,199,199,211,206
2022-10-15 09:00:00,235,287,240,220,239,234,238,224,225,219
2022-10-15 10:00:00,249,345,299,232,273,281,268,254,234,234
2022-10-15 11:00:00,289,366,317,239,269,275,276,248,246,246
2022-10-15 12:00:00,302,349,361,286,279,284,289,267,262,264
2022-10-15 13:00:00,235,281,291,248,240,248,248,237,235,229
2022-10-15 14:00:00,256,263,271,219,227,226,219,213,222,219
2022-10-15 15:00:00,230,267,249,198,227,230,211,209,221,217
2022-10-15 16:00:00,232,256,254,208,221,219,209,202,222,223
2022-10-15 17:00:00,226,260,269,214,218,217,214,205,233,253
2022-10-15 18:00:00,252,273,275,222,241,241,241,224,233,223
2022-10-15 19:00:00,268,285,297,244,252,249,252,245,239,241
2022-10-15 20:00:00,288,299,310,263,280,307,310,263,256,258
2022-10-15 21:00:00,302,366,332,299,287,314,299,295,282,284
2022-10-15 22:00:00,333,414,322,296,274,322,326,293,296,285
2022-10-15 23:00:00,335,383,322,310,277,302,301,291,292,300
2022-10-16 00:00:00,275,300,325,275,259,275,277,263,259,260
2022-10-16 01:00:00,256,277,284,247,246,256,255,247,249,238
2022-10-16 02:00:00,247,272,255,243,249,254,258,250,244,244
2022-10-16 03:00:00,257,309,255,268,244,263,260,246,250,243
2022-10-16 04:00:00,270,329,282,271,255,256,250,250,262,260
2022-10-16 05:00:00,268,303,263,260,268,254,246,250,255,251
2022-10-16 06:00:00,259,295,261,255,258,260,246,251,253,251
2022-10-16 07:00:00,271,321,270,258,270,268,262,260,261,258
2022-10-16 08:00:00,269,342,309,273,272,263,254,265,262,260
2022-10-16 09:00:00,291,350,327,297,265,276,257,262,271,269
2022-10-16 10:00:00,296,417,355,312,290,293,295,278,293,290
2022-10-16 11:00:00,317,392,356,312,299,318,331,289,292,290
2022-10-16 12:00:00,296,380,290,273,289,290,312,285,280,276
2022-10-16 13:00:00,266,364,315,261,302,306,328,313,275,277
2022-10-16 14:00:00,246,380,295,248,277,283,277,275,259,261
2022-10-16 15:00:00,276,393,297,265,307,310,330,283,268,292
2022-10-16 16:00:00,307,432,317,298,313,331,369,304,285,313
2022-10-16 17:00:00,306,457,346,342,344,367,413,324,313,323
2022-10-16 18:00:00,336,461,347,346,340,347,366,337,314,338
2022-10-16 19:00:00,288,368,339,322,349,305,316,269,313,322
2022-10-16 20:00:00,280,375,326,295,372,282,325,262,286,280
2022-10-16 21:00:00,280,438,356,346,354,302,334,267,292,296
2022-10-16 22:00:00,287,369,296,291,320,332,335,273,326,346
2022-10-16 23:00:00,261,370,283,289,326,312,331,296,286,287
2022-10-17 00:00:00,272,329,279,283,312,309,272,281,270,273
2022-10-17 01:00:00,251,300,246,254,264,266,243,246,251,252
2022-10-17 02:00:00,252,301,242,244,264,260,246,250,254,255
2022-10-17 03:00:00,248,292,238,240,273,311,246,270,245,242
2022-10-17 04:00:00,257,298,272,252,268,263,263,254,258,266
2022-10-17 05:00:00,269,305,260,266,265,261,262,255,267,273
2022-10-17 06:00:00,287,352,285,286,291,284,266,280,271,269
2022-10-17 07:00:00,322,424,373,334,309,302,301,289,289,286
2022-10-17 08:00:00,369,412,342,348,320,316,322,325,291,312
2022-10-17 09:00:00,384,381,388,323,320,358,376,353,305,311
2022-10-17 10:00:00,317,347,339,272,274,288,306,279,279,272
2022-10-17 11:00:00,279,353,375,276,313,325,318,307,278,284
2022-10-17 12:00:00,282,365,319,276,306,323,370,288,297,307
2022-10-17 13:00:00,273,361,316,268,293,317,326,279,270,292
2022-10-17 14:00:00,267,345,290,257,289,289,345,269,264,270
2022-10-17 15:00:00,281,337,288,271,299,307,320,281,275,289
2022-10-17 16:00:00,313,370,302,258,297,328,330,278,259,276
2022-10-17 17:00:00,325,371,365,262,300,313,353,282,257,279
2022-10-17 18:00:00,315,370,307,271,306,316,327,299,261,261
2022-10-17 19:00:00,287,375,287,255,314,348,321,301,265,267
2022-10-17 20:00:00,273,318,279,243,287,315,385,267,239,250
2022-10-17 21:00:00,243,307,262,227,272,275,255,250,229,236
2022-10-17 22:00:00,240,260,242,221,239,251,231,235,227,222
2022-10-17 23:00:00,233,246,226,213,237,246,233,229,218,218
2022-10-18 00:00:00,231,253,230,218,243,242,223,249,220,214
2022-10-18 01:00:00,225,241,223,219,233,241,224,232,223,212
2022-10-18 02:00:00,225,246,337,219,227,232,214,221,227,222
2022-10-18 03:00:00,234,258,226,231,231,246,231,222,235,237
2022-10-18 04:00:00,243,266,232,233,232,233,220,222,238,236
2022-10-18 05:00:00,291,280,248,244,246,242,229,231,254,245
2022-10-18 06:00:00,285,292,252,246,242,254,251,232,251,248
2022-10-18 07:00:00,323,349,360,335,284,296,306,275,297,340
2022-10-18 08:00:00,363,380,375,355,304,340,331,296,314,340
2022-10-18 09:00:00,374,357,424,378,305,326,344,313,324,342
2022-10-18 10:00:00,379,380,389,359,326,366,367,349,338,373
2022-10-18 11:00:00,379,439,400,358,356,387,392,389,352,352
2022-10-18 12:00:00,359,397,355,301,307,335,323,308,321,322
2022-10-18 13:00:00,281,293,290,236,245,266,249,246,254,248
2022-10-18 14:00:00,248,317,301,225,248,279,275,277,244,233
2022-10-18 15:00:00,274,375,276,242,306,318,392,293,260,284
2022-10-18 16:00:00,351,342,315,268,278,294,311,282,276,379
2022-10-18 17:00:00,360,328,329,259,268,302,311,275,263,254
2022-10-18 18:00:00,331,382,305,270,311,336,365,314,275,295
2022-10-18 19:00:00,396,394,333,272,305,331,355,303,274,272
2022-10-18 20:00:00,294,416,324,274,297,351,375,304,264,288
2022-10-18 21:00:00,273,361,277,252,308,340,337,305,279,276
2022-10-18 22:00:00,259,320,266,244,290,301,295,285,259,269
2022-10-18 23:00:00,282,346,255,244,264,304,295,279,249,258
2022-10-19 00:00:00,254,316,263,244,284,439,313,270,248,242
2022-10-19 01:00:00,239,290,238,225,251,268,246,250,259,276
2022-10-19 02:00:00,237,274,232,229,241,246,231,235,236,234
2022-10-19 03:00:00,258,294,238,236,245,271,252,250,245,238
2022-10-19 04:00:00,257,285,241,240,238,238,231,229,250,246
2022-10-19 05:00:00,239,263,234,233,231,228,218,228,250,239
2022-10-19 06:00:00,240,273,246,238,241,248,247,247,251,242
2022-10-19 07:00:00,262,364,331,248,286,264,266,269,266,257
2022-10-19 08:00:00,294,380,335,298,286,315,292,298,295,297
2022-10-19 09:00:00,399,418,375,336,327,320,384,331,338,348
2022-10-19 10:00:00,411,404,430,345,322,329,368,394,346,344
2022-10-19 11:00:00,335,365,377,310,305,310,319,340,328,315
2022-10-19 12:00:00,310,332,341,287,284,287,318,298,305,299
2022-10-19 13:00:00,281,381,313,287,313,350,333,312,305,299
2022-10-19 14:00:00,287,355,317,298,300,317,337,284,287,319
2022-10-19 15:00:00,279,351,291,294,291,343,364,279,292,308
2022-10-19 16:00:00,325,407,341,269,302,320,369,275,287,316
2022-10-19 17:00:00,316,329,343,277,325,344,318,302,283,291
2022-10-19 18:00:00,311,293,334,297,268,272,276,266,276,302
2022-10-19 19:00:00,285,282,350,347,255,278,259,247,258,282
2022-10-19 20:00:00,257,259,348,284,230,237,235,224,246,251
2022-10-19 21:00:00,251,267,293,253,232,236,234,234,248,265
2022-10-19 22:00:00,252,265,264,229,240,229,222,228,230,227
2022-10-19 23:00:00,244,259,256,229,242,269,241,232,235,228
2022-10-20 00:00:00,242,261,248,230,227,231,222,220,233,231
2022-10-20 01:00:00,236,252,229,221,219,220,215,216,226,217
2022-10-20 02:00:00,229,251,219,214,220,222,214,220,227,218
2022-10-20 03:00:00,219,240,224,207,212,211,199,204,219,208
2022-10-20 04:00:00,217,237,205,202,208,206,196,201,212,204
2022-10-20 05:00:00,227,248,217,216,218,224,206,214,222,215
2022-10-20 06:00:00,234,258,214,208,210,212,203,204,215,208
2022-10-20 07:00:00,256,268,264,213,220,227,218,214,223,210
2022-10-20 08:00:00,281,293,333,247,235,253,231,231,234,224
2022-10-20 09:00:00,323,314,320,255,248,265,256,247,256,239
2022-10-20 10:00:00,313,310,308,248,250,276,258,253,254,241
2022-10-20 11:00:00,293,280,300,243,248,261,250,246,251,240
2022-10-20 12:00:00,270,279,281,229,240,248,243,249,240,228
2022-10-20 13:00:00,267,268,285,231,241,260,230,228,237,225
2022-10-20 14:00:00,266,272,402,243,242,249,237,234,248,237
2022-10-20 15:00:00,300,290,326,258,270,263,271,256,265,250
2022-10-20 16:00:00,353,313,305,248,271,281,286,268,254,250
2022-10-20 17:00:00,333,339,331,266,269,306,302,275,266,261
2022-10-20 18:00:00,327,370,316,264,306,325,344,300,262,263
2022-10-20 19:00:00,332,316,317,269,258,295,275,262,251,240
2022-10-20 20:00:00,316,314,320,282,278,318,317,311,269,255
2022-10-20 21:00:00,357,455,320,299,300,337,337,315,284,285
2022-10-20 22:00:00,305,337,284,269,266,296,302,281,280,274
2022-10-20 23:00:00,292,292,295,273,266,296,284,263,256,247
2022-10-21 00:00:00,266,293,288,267,257,271,268,256,259,246
2022-10-21 01:00:00,281,321,287,281,263,288,281,266,275,269
2022-10-21 02:00:00,290,308,282,301,263,280,272,265,279,265
2022-10-21 03:00:00,307,343,275,281,267,280,274,272,278,278
2022-10-21 04:00:00,286,333,285,289,276,291,287,272,323,303
2022-10-21 05:00:00,283,335,296,294,257,277,264,257,271,267
2022-10-21 06:00:00,284,350,288,293,318,385,350,310,261,261
2022-10-21 07:00:00,284,429,397,348,295,318,256,273,242,227
2022-10-21 08:00:00,365,618,518,406,314,300,280,307,265,249
2022-10-21 09:00:00,450,798,608,521,636,591,528,514,348,338
2022-10-21 10:00:00,483,611,484,501,374,399,386,380,386,391
2022-10-21 11:00:00,337,394,340,302,309,314,325,303,292,295
2022-10-21 12:00:00,233,341,310,258,272,323,328,272,274,257
2022-10-21 13:00:00,234,322,354,250,280,332,343,259,282,288
2022-10-21 14:00:00,213,321,350,258,269,288,292,251,266,325
2022-10-21 15:00:00,220,362,262,237,282,279,298,257,266,298
2022-10-21 16:00:00,396,426,279,242,318,325,394,273,289,300
2022-10-21 17:00:00,315,445,297,251,353,358,384,282,291,314
2022-10-21 18:00:00,318,452,315,263,380,305,334,273,286,300
2022-10-21 19:00:00,315,464,310,277,360,309,328,291,292,319
2022-10-21 20:00:00,282,421,304,275,350,318,341,290,277,291
2022-10-21 21:00:00,283,435,298,278,335,306,339,285,279,294
2022-10-21 22:00:00,270,397,266,261,327,313,310,284,277,289
2022-10-21 23:00:00,251,350,261,253,303,268,270,258,262,273
2022-10-22 00:00:00,242,350,251,241,285,260,266,251,256,273
2022-10-22 01:00:00,234,317,240,231,264,241,237,235,244,246
2022-10-22 02:00:00,238,317,242,228,253,234,232,231,240,240
2022-10-22 03:00:00,260,359,243,240,282,266,273,260,264,262
2022-10-22 04:00:00,258,346,257,250,258,245,248,239,255,255
2022-10-22 05:00:00,242,325,237,236,247,238,240,231,244,241
2022-10-22 06:00:00,264,413,252,251,263,250,255,250,261,258
2022-10-22 07:00:00,259,334,255,251,276,254,250,249,262,259
2022-10-22 08:00:00,273,440,283,249,292,279,281,270,264,256
2022-10-22 09:00:00,314,519,324,294,331,308,320,296,283,284
2022-10-22 10:00:00,320,456,359,298,326,302,336,290,281,283
2022-10-22 11:00:00,335,459,352,299,371,352,355,330,313,318
2022-10-22 12:00:00,260,477,323,281,344,362,366,318,295,258
2022-10-22 13:00:00,260,444,273,265,410,412,471,434,308,306
2022-10-22 14:00:00,220,441,292,253,318,296,231,296,286,241
2022-10-22 15:00:00,272,452,279,245,338,310,316,291,268,309
2022-10-22 16:00:00,298,448,307,253,325,331,362,292,280,289
2022-10-22 17:00:00,288,470,295,267,314,327,383,306,300,309
2022-10-22 18:00:00,324,523,346,331,293,321,455,307,328,335
2022-10-22 19:00:00,384,704,386,419,440,414,407,392,373,398
2022-10-22 20:00:00,423,743,463,526,542,491,426,427,374,411
2022-10-22 21:00:00,434,652,495,502,402,358,357,370,343,361
2022-10-22 22:00:00,426,629,496,522,471,571,476,435,295,293
2022-10-22 23:00:00,418,580,540,518,574,677,690,650,363,433
2022-10-23 00:00:00,438,600,548,525,460,506,533,450,321,343
2022-10-23 01:00:00,417,580,331,452,327,306,304,295,313,307
2022-10-23 02:00:00,417,537,386,393,368,364,362,314,317,336
2022-10-23 03:00:00,349,440,394,388,420,521,485,390,307,325
2022-10-23 04:00:00,364,465,405,385,414,447,455,390,371,380
2022-10-23 05:00:00,410,524,417,427,481,507,555,464,384,394
2022-10-23 06:00:00,429,543,413,429,445,476,455,433,458,458
2022-10-23 07:00:00,396,496,365,363,402,413,356,366,457,471
2022-10-23 08:00:00,375,522,478,434,404,447,345,411,309,332
2022-10-23 09:00:00,403,493,397,397,345,352,302,296,280,289
2022-10-23 10:00:00,376,480,390,418,389,406,343,330,297,301
2022-10-23 11:00:00,358,430,365,377,370,388,338,333,326,333
2022-10-23 12:00:00,264,373,266,306,290,332,315,278,284,240
2022-10-23 13:00:00,258,380,255,274,294,330,301,266,262,231
2022-10-23 14:00:00,207,395,229,260,288,275,192,242,259,217
2022-10-23 15:00:00,251,385,259,232,317,299,251,258,248,296
2022-10-23 16:00:00,303,416,261,225,326,321,326,280,295,301
2022-10-23 17:00:00,282,408,307,278,300,295,310,266,278,286
2022-10-23 18:00:00,370,444,310,322,316,304,320,282,303,316
2022-10-23 19:00:00,387,474,406,430,399,374,344,302,338,356
2022-10-23 20:00:00,400,425,334,402,414,360,317,300,311,320
2022-10-23 21:00:00,309,410,345,404,404,368,306,301,318,323
2022-10-23 22:00:00,337,412,317,351,400,374,308,304,330,318
2022-10-23 23:00:00,337,415,308,347,373,387,315,315,318,313
2022-10-24 00:00:00,305,392,303,316,345,344,304,293,313,311
2022-10-24 01:00:00,315,383,293,306,326,313,294,285,298,311
2022-10-24 02:00:00,303,383,291,298,305,286,288,281,292,308
2022-10-24 03:00:00,289,367,309,304,323,312,300,291,302,323
2022-10-24 04:00:00,306,373,300,297,324,311,305,298,325,337
2022-10-24 05:00:00,304,379,290,287,303,319,278,286,336,333
2022-10-24 06:00:00,332,435,308,310,348,358,287,308,369,363
2022-10-24 07:00:00,396,642,435,413,451,536,393,416,421,417
2022-10-24 08:00:00,457,734,483,530,532,518,409,406,444,456
2022-10-24 09:00:00,545,669,536,567,589,576,446,474,496,576
2022-10-24 10:00:00,531,642,496,512,478,471,425,422,411,421
2022-10-24 11:00:00,438,537,427,436,460,453,434,439,408,435
2022-10-24 12:00:00,253,373,294,331,323,369,336,328,317,285
2022-10-24 13:00:00,222,327,245,267,282,347,305,272,295,240
2022-10-24 14:00:00,220,375,233,238,296,310,196,268,255,238
2022-10-24 15:00:00,301,483,233,254,345,417,265,279,243,316
2022-10-24 16:00:00,363,376,262,237,328,382,348,276,262,300
2022-10-24 17:00:00,335,364,274,247,304,302,322,287,278,286
2022-10-24 18:00:00,465,440,352,348,272,303,312,280,290,314
2022-10-24 19:00:00,374,492,398,440,418,352,329,305,313,336
2022-10-24 20:00:00,359,467,389,451,413,371,331,317,331,348
2022-10-24 21:00:00,324,451,361,428,380,389,322,312,305,317
2022-10-24 22:00:00,326,376,323,395,299,349,277,271,283,295
2022-10-24 23:00:00,295,352,262,294,294,305,248,254,256,263
2022-10-25 00:00:00,263,341,259,304,289,304,250,264,287,264
2022-10-25 01:00:00,257,336,267,285,308,297,280,283,260,261
2022-10-25 02:00:00,255,321,252,262,273,261,249,248,256,258
2022-10-25 03:00:00,251,312,248,256,259,243,243,243,252,254
2022-10-25 04:00:00,255,315,248,255,258,247,244,245,253,257
2022-10-25 05:00:00,265,309,239,246,253,240,243,242,251,251
2022-10-25 06:00:00,259,313,245,251,276,273,245,257,262,256
2022-10-25 07:00:00,288,481,314,313,349,438,315,323,333,356
2022-10-25 08:00:00,300,492,333,417,470,460,318,325,331,401
2022-10-25 09:00:00,400,508,398,476,408,434,350,367,411,462
2022-10-25 10:00:00,396,509,418,409,504,495,387,387,385,429
2022-10-25 11:00:00,407,483,393,410,450,474,406,405,391,412
2022-10-25 12:00:00,310,376,300,320,320,369,361,321,300,313
2022-10-25 13:00:00,286,376,282,312,300,356,333,292,290,313
2022-10-25 14:00:00,280,398,283,309,351,344,285,318,319,307
2022-10-25 15:00:00,302,414,251,298,339,323,306,296,298,321
2022-10-25 16:00:00,421,402,284,339,338,355,344,294,283,305
2022-10-25 17:00:00,394,423,333,382,335,332,330,291,314,332
2022-10-25 18:00:00,396,405,360,427,339,319,316,301,306,319
2022-10-25 19:00:00,356,403,349,451,339,351,305,296,291,293
2022-10-25 20:00:00,328,387,338,408,332,312,296,295,294,299
2022-10-25 21:00:00,356,387,315,380,321,360,281,285,286,289
2022-10-25 22:00:00,339,401,366,405,328,347,281,285,298,294
2022-10-25 23:00:00,333,389,307,360,310,317,278,283,286,290
2022-10-26 00:00:00,288,394,340,348,302,311,291,282,293,324
2022-10-26 01:00:00,274,380,276,278,301,298,284,289,280,286
2022-10-26 02:00:00,265,369,275,267,295,295,278,277,275,276
2022-10-26 03:00:00,255,336,256,254,279,271,264,263,260,261
2022-10-26 04:00:00,262,348,274,274,282,272,267,260,254,259
2022-10-26 05:00:00,284,345,279,277,309,307,278,273,249,255
2022-10-26 06:00:00,316,429,286,283,318,308,289,297,260,263
2022-10-26 07:00:00,316,495,324,344,319,361,258,290,263,264
2022-10-26 08:00:00,316,538,409,377,401,438,323,373,280,281
2022-10-26 09:00:00,443,601,529,558,441,466,349,375,303,315
2022-10-26 10:00:00,467,596,456,517,389,390,361,364,363,375
2022-10-26 11:00:00,554,401,315,347,366,332,323,346,317,319
2022-10-26 12:00:00,314,426,337,339,370,359,346,341,332,368
2022-10-26 13:00:00,323,505,378,332,391,412,466,346,351,371
2022-10-26 14:00:00,397,597,455,393,442,465,479,393,407,435
2022-10-26 15:00:00,357,535,382,337,416,430,510,358,344,355
2022-10-26 16:00:00,363,480,373,321,377,380,408,326,314,341
2022-10-26 17:00:00,354,513,360,315,389,384,392,332,310,332
2022-10-26 18:00:00,355,536,360,318,388,373,398,348,324,326
2022-10-26 19:00:00,343,538,398,359,352,348,354,336,322,329
2022-10-26 20:00:00,267,305,339,332,266,269,265,242,258,253
2022-10-26 21:00:00,249,280,323,305,250,240,234,226,251,242
2022-10-26 22:00:00,228,252,248,239,218,211,202,197,227,221
2022-10-26 23:00:00,212,245,242,230,216,209,202,194,223,217
2022-10-27 00:00:00,218,238,216,205,207,213,196,185,230,220
2022-10-27 01:00:00,193,213,193,183,194,195,179,175,216,208
2022-10-27 02:00:00,193,214,193,186,193,187,175,176,205,197
2022-10-27 03:00:00,194,207,193,179,189,182,171,174,203,194
2022-10-27 04:00:00,203,197,182,180,184,181,164,170,197,187
2022-10-27 05:00:00,208,212,187,177,188,182,168,173,202,190
2022-10-27 06:00:00,206,221,199,188,194,200,184,182,211,200
2022-10-27 07:00:00,200,276,222,203,201,229,212,181,219,229
2022-10-27 08:00:00,221,315,273,270,220,286,265,202,254,264
2022-10-27 09:00:00,294,429,344,324,272,318,323,253,287,348
2022-10-27 10:00:00,265,302,336,316,283,308,302,308,271,338
2022-10-27 11:00:00,277,286,321,279,269,284,282,269,282,293
2022-10-27 12:00:00,248,281,289,297,269,272,265,246,248,260
2022-10-27 13:00:00,234,287,264,251,282,274,258,241,272,273
2022-10-27 14:00:00,226,292,257,265,286,259,245,233,282,276
2022-10-27 15:00:00,246,269,285,286,286,273,236,227,269,271
2022-10-27 16:00:00,295,311,289,317,290,294,271,238,316,308
2022-10-27 17:00:00,286,341,288,319,334,322,340,256,339,305
2022-10-27 18:00:00,308,386,309,325,313,343,301,259,307,307
2022-10-27 19:00:00,271,412,380,347,352,349,344,271,405,344
2022-10-27 20:00:00,319,458,353,350,368,383,370,307,351,375
2022-10-27 21:00:00,321,383,367,345,390,404,396,336,345,369
2022-10-27 22:00:00,297,370,329,345,362,334,292,315,289,293
2022-10-27 23:00:00,312,377,329,342,307,342,285,300,305,303
2022-10-28 00:00:00,322,411,314,317,311,356,322,295,338,324
2022-10-28 01:00:00,325,377,296,303,284,323,309,278,348,351
2022-10-28 02:00:00,302,355,305,298,287,312,300,283,312,313
2022-10-28 03:00:00,296,323,263,265,274,281,270,267,272,298
2022-10-28 04:00:00,271,299,245,248,281,306,279,280,247,282
2022-10-28 05:00:00,257,285,232,232,280,314,303,285,239,268
2022-10-28 06:00:00,262,307,242,248,278,309,272,288,244,268
2022-10-28 07:00:00,312,461,301,303,319,409,417,323,268,294
2022-10-28 08:00:00,349,427,329,348,444,469,325,399,267,284
2022-10-28 09:00:00,428,398,357,397,397,415,318,334,336,307
2022-10-28 10:00:00,424,398,361,391,409,448,344,371,354,343
2022-10-28 11:00:00,306,263,234,246,282,304,251,284,308,298
2022-10-28 12:00:00,235,225,223,249,254,285,251,241,256,261
2022-10-28 13:00:00,248,224,241,259,250,272,248,230,228,276
2022-10-28 14:00:00,266,231,250,245,244,267,236,222,216,222
2022-10-28 15:00:00,248,239,228,256,272,312,232,241,216,224
2022-10-28 16:00:00,341,248,234,260,266,282,259,237,215,216
2022-10-28 17:00:00,287,233,256,292,263,302,227,235,218,214
2022-10-28 18:00:00,306,242,254,276,252,296,247,238,225,224
2022-10-28 19:00:00,318,265,283,369,276,300,245,247,246,237
2022-10-28 20:00:00,301,361,341,419,368,355,258,276,257,252
2022-10-28 21:00:00,283,366,344,383,415,487,293,395,275,255
2022-10-28 22:00:00,312,470,366,359,410,620,502,400,264,270
2022-10-28 23:00:00,359,547,445,360,421,537,554,431,253,264
2022-10-29 00:00:00,336,526,384,365,516,589,597,471,253,258
2022-10-29 01:00:00,413,546,412,386,467,544,555,451,331,448
2022-10-29 02:00:00,439,539,418,417,490,598,600,487,336,438
2022-10-29 03:00:00,436,565,442,438,458,535,550,462,459,495
2022-10-29 04:00:00,436,546,394,404,423,483,483,421,482,496
2022-10-29 05:00:00,371,478,352,369,388,449,453,382,478,485
2022-10-29 06:00:00,368,463,336,361,379,432,433,375,469,471
2022-10-29 07:00:00,354,478,367,332,355,413,408,358,452,431
2022-10-29 08:00:00,410,607,408,360,380,478,455,382,510,469
2022-10-29 09:00:00,519,804,555,498,356,475,461,346,510,464
2022-10-29 10:00:00,532,706,498,549,458,521,537,463,498,453
2022-10-29 11:00:00,457,558,464,472,465,487,534,483,459,474
2022-10-29 12:00:00,394,506,545,384,418,458,480,442,415,413
2022-10-29 13:00:00,289,460,453,320,370,388,483,357,360,363
2022-10-29 14:00:00,248,367,362,266,301,340,319,299,298,291
2022-10-29 15:00:00,255,362,314,257,330,324,346,300,335,445
2022-10-29 16:00:00,267,361,311,243,348,340,370,287,332,363
2022-10-29 17:00:00,309,462,319,337,424,369,418,326,323,354
2022-10-29 18:00:00,339,507,341,407,366,339,401,328,340,359
2022-10-29 19:00:00,363,457,380,436,473,346,382,404,350,379
2022-10-29 20:00:00,490,469,407,513,400,292,307,381,314,319
2022-10-29 21:00:00,371,525,406,417,434,306,305,360,300,311
2022-10-29 22:00:00,354,505,478,454,358,322,302,323,361,312
2022-10-29 23:00:00,318,521,454,408,343,308,276,303,285,262
2022-10-30 00:00:00,382,581,577,415,460,553,439,453,257,265
2022-10-30 01:00:00,411,568,573,481,464,543,544,468,284,396
2022-10-30 02:00:00,448,608,488,468,477,520,518,466,367,450
2022-10-30 03:00:00,460,603,470,465,475,508,539,458,509,538
2022-10-30 04:00:00,380,478,344,346,368,431,421,361,461,491
2022-10-30 05:00:00,333,423,323,325,346,360,344,338,438,437
2022-10-30 06:00:00,360,536,370,373,375,422,431,384,464,433
2022-10-30 07:00:00,357,478,394,406,417,465,480,403,377,429
2022-10-30 08:00:00,349,424,342,333,400,434,439,389,281,326
2022-10-30 09:00:00,326,356,295,300,287,279,277,268,276,290
2022-10-30 10:00:00,317,374,331,342,338,371,303,334,331,327
2022-10-30 11:00:00,334,405,342,396,352,365,337,334,342,367
2022-10-30 12:00:00,360,434,370,386,393,429,418,400,385,404
2022-10-30 13:00:00,356,476,387,374,388,425,482,402,379,392
2022-10-30 14:00:00,343,483,348,362,428,429,486,424,412,447
2022-10-30 15:00:00,309,415,304,339,361,384,324,314,342,390
2022-10-30 16:00:00,294,381,282,304,365,325,346,334,347,391
2022-10-30 17:00:00,335,433,294,321,374,354,433,325,328,421
2022-10-30 18:00:00,321,415,289,345,411,318,340,339,355,404
2022-10-30 19:00:00,352,458,347,372,420,329,331,355,357,397
2022-10-30 20:00:00,382,427,369,427,432,327,339,367,360,374
2022-10-30 21:00:00,340,474,394,384,365,314,298,302,311,325
2022-10-30 22:00:00,379,510,472,432,411,410,366,362,345,357
2022-10-30 23:00:00,429,575,473,459,469,506,525,438,459,524
2022-10-31 00:00:00,565,756,494,454,466,548,573,463,527,535
2022-10-31 01:00:00,579,721,480,488,464,525,533,445,538,494
2022-10-31 02:00:00,544,696,508,513,536,553,594,521,490,489
2022-10-31 03:00:00,507,647,470,491,527,537,573,508,537,558
2022-10-31 04:00:00,475,590,447,456,488,492,519,469,535,543
2022-10-31 05:00:00,433,539,436,449,453,469,455,418,421,458
2022-10-31 06:00:00,426,532,437,458,429,426,387,377,338,348
2022-10-31 07:00:00,428,644,449,433,387,403,353,349,344,351
2022-10-31 08:00:00,466,588,481,513,417,407,374,360,379,402
2022-10-31 09:00:00,476,701,525,581,417,444,422,396,352,372
2022-10-31 10:00:00,509,779,560,577,593,633,629,560,463,481
2022-10-31 11:00:00,506,694,525,539,577,560,575,562,486,524
2022-10-31 12:00:00,448,536,431,485,511,558,521,471,450,461
2022-10-31 13:00:00,358,471,403,421,449,441,421,398,388,392
2022-10-31 14:00:00,397,457,332,403,374,407,393,357,366,400
2022-10-31 15:00:00,404,429,380,392,381,434,402,350,364,379
2022-10-31 16:00:00,403,426,353,412,423,432,450,371,346,363
2022-10-31 17:00:00,394,431,377,376,392,384,388,358,351,354
2022-10-31 18:00:00,428,421,340,374,400,400,361,365,361,351
2022-10-31 19:00:00,362,443,380,446,359,324,322,315,325,328
2022-10-31 20:00:00,329,513,431,472,436,420,356,346,350,364
2022-10-31 21:00:00,334,507,446,472,481,485,367,378,408,441
2022-10-31 22:00:00,361,491,424,443,479,502,391,383,456,463
2022-10-31 23:00:00,392,567,410,407,427,479,430,399,483,489
2022-11-01 00:00:00,398,555,400,415,426,467,456,406,482,511
2022-11-01 01:00:00,431,604,421,455,440,476,471,420,453,458
2022-11-01 02:00:00,424,589,443,402,398,412,446,389,419,439
2022-11-01 03:00:00,417,590,398,402,407,407,431,392,434,454
2022-11-01 04:00:00,378,533,382,380,340,329,350,322,375,399
2022-11-01 05:00:00,345,497,351,347,350,342,363,328,373,394
2022-11-01 06:00:00,383,583,383,368,380,374,398,352,393,415
2022-11-01 07:00:00,497,794,466,495,431,479,493,403,410,502
2022-11-01 08:00:00,520,879,627,687,568,631,650,538,551,589
2022-11-01 09:00:00,781,1008,676,789,703,865,821,650,664,769
2022-11-01 10:00:00,624,813,754,758,651,704,719,605,662,714
2022-11-01 11:00:00,449,626,524,449,486,509,485,410,494,529
2022-11-01 12:00:00,366,613,449,434,474,534,528,405,503,524
2022-11-01 13:00:00,388,557,427,410,434,439,442,348,423,409
2022-11-01 14:00:00,281,508,337,321,373,330,288,301,342,310
2022-11-01 15:00:00,260,477,314,290,354,335,320,281,302,398
2022-11-01 16:00:00,387,604,399,301,461,433,519,380,417,493
2022-11-01 17:00:00,425,674,435,344,472,438,525,395,423,472
2022-11-01 18:00:00,478,657,500,388,426,474,518,397,477,488
2022-11-01 19:00:00,619,617,565,545,419,457,497,384,487,534
2022-11-01 20:00:00,527,647,566,740,464,501,529,412,487,600
2022-11-01 21:00:00,514,692,550,599,481,497,531,444,497,590
2022-11-01 22:00:00,466,543,499,532,413,448,419,348,428,483
2022-11-01 23:00:00,407,519,411,488,387,436,418,337,412,463
2022-11-02 00:00:00,393,574,421,386,422,450,476,384,458,509
2022-11-02 01:00:00,395,548,396,386,337,332,352,306,501,536
2022-11-02 02:00:00,369,487,381,383,329,321,336,295,442,483
2022-11-02 03:00:00,390,547,365,369,314,318,321,286,411,449
2022-11-02 04:00:00,352,503,389,391,362,355,373,337,405,465
2022-11-02 05:00:00,431,411,376,362,320,345,348,309,372,407
2022-11-02 06:00:00,369,471,392,383,307,383,380,289,347,381
2022-11-02 07:00:00,377,594,496,381,361,464,454,344,439,460
2022-11-02 08:00:00,440,719,672,544,501,619,701,502,651,662
2022-11-02 09:00:00,768,1214,959,766,863,972,1091,835,915,924
2022-11-02 10:00:00,750,1011,706,773,803,868,791,784,719,830
2022-11-02 11:00:00,599,812,598,646,632,695,638,594,618,675
2022-11-02 12:00:00,424,694,532,532,562,619,602,554,530,524
2022-11-02 13:00:00,364,553,407,428,488,467,477,456,442,457
2022-11-02 14:00:00,326,489,333,370,397,474,377,361,398,407
2022-11-02 15:00:00,340,468,334,358,392,426,410,347,389,476
2022-11-02 16:00:00,463,476,373,375,426,447,454,361,403,459
2022-11-02 17:00:00,458,466,368,402,388,387,400,352,397,430
2022-11-02 18:00:00,563,481,396,451,386,416,439,349,404,442
2022-11-02 19:00:00,448,503,414,517,465,416,424,398,421,446
2022-11-02 20:00:00,401,500,419,409,472,444,412,377,401,419
2022-11-02 21:00:00,384,457,385,431,429,428,401,391,394,427
2022-11-02 22:00:00,335,389,335,354,375,377,369,345,352,362
2022-11-02 23:00:00,309,343,292,330,318,330,310,295,313,341
2022-11-03 00:00:00,283,344,287,298,342,343,306,307,301,336
2022-11-03 01:00:00,267,330,274,273,293,304,300,273,318,321
2022-11-03 02:00:00,287,354,288,288,308,306,308,287,337,340
2022-11-03 03:00:00,285,349,288,300,303,296,306,283,328,330
2022-11-03 04:00:00,282,348,286,284,315,303,314,296,324,326
2022-11-03 05:00:00,331,411,323,329,357,350,375,346,368,370
2022-11-03 06:00:00,330,405,329,318,328,321,341,312,337,339
2022-11-03 07:00:00,355,447,429,356,325,336,378,318,356,357
2022-11-03 08:00:00,343,486,423,381,386,388,427,376,379,387
2022-11-03 09:00:00,453,526,538,418,406,412,463,404,438,458
2022-11-03 10:00:00,493,526,515,479,445,441,480,462,454,486
2022-11-03 11:00:00,447,561,487,443,441,458,486,458,462,478
2022-11-03 12:00:00,409,534,433,409,430,449,454,412,430,438
2022-11-03 13:00:00,318,463,391,352,390,401,411,382,389,389
2022-11-03 14:00:00,449,630,548,478,509,537,624,494,497,540
2022-11-03 15:00:00,491,680,518,502,511,527,574,495,518,528
2022-11-03 16:00:00,509,633,521,495,483,549,645,467,486,536
2022-11-03 17:00:00,471,657,522,522,485,507,585,457,485,527
2022-11-03 18:00:00,527,664,512,551,499,489,530,473,479,484
2022-11-03 19:00:00,447,657,612,491,523,538,573,461,438,457
2022-11-03 20:00:00,511,849,670,598,625,634,571,511,456,521
2022-11-03 21:00:00,494,750,566,591,598,618,618,580,510,582
2022-11-03 22:00:00,369,441,352,371,479,417,423,425,387,417
2022-11-03 23:00:00,374,406,332,354,402,562,423,368,361,372
2022-11-04 00:00:00,357,390,321,348,376,450,372,342,350,370
2022-11-04 01:00:00,313,386,309,316,377,371,354,351,350,360
2022-11-04 02:00:00,313,398,315,322,356,362,356,331,371,389
2022-11-04 03:00:00,303,381,315,323,360,344,363,338,357,388
2022-11-04 04:00:00,311,384,310,320,339,324,338,312,332,339
2022-11-04 05:00:00,300,356,283,285,316,307,309,294,311,314
2022-11-04 06:00:00,320,392,311,320,349,344,320,311,322,340
2022-11-04 07:00:00,350,444,416,414,422,457,372,363,363,379
2022-11-04 08:00:00,379,578,423,389,439,518,492,424,407,460
2022-11-04 09:00:00,473,691,495,478,502,637,609,483,393,429
2022-11-04 10:00:00,531,786,563,540,604,660,675,589,430,459
2022-11-04 11:00:00,476,638,484,520,463,476,465,456,423,425
2022-11-04 12:00:00,262,529,386,308,357,376,388,334,340,312
2022-11-04 13:00:00,278,509,340,307,399,368,412,353,328,341
2022-11-04 14:00:00,256,553,304,287,382,389,363,326,336,385
2022-11-04 15:00:00,318,591,343,317,387,452,471,318,348,388
2022-11-04 16:00:00,311,586,322,305,397,357,397,314,347,371
2022-11-04 17:00:00,284,556,316,262,381,349,406,301,330,347
2022-11-04 18:00:00,314,615,330,268,399,369,401,316,331,351
2022-11-04 19:00:00,301,573,346,288,417,341,387,328,332,383
2022-11-04 20:00:00,295,567,438,327,422,349,472,326,349,398
2022-11-04 21:00:00,326,610,384,322,421,342,404,346,337,358
2022-11-04 22:00:00,308,628,326,304,382,328,372,321,331,336
2022-11-04 23:00:00,303,526,363,302,368,314,341,307,328,337
2022-11-05 00:00:00,283,485,311,286,377,354,322,299,316,340
2022-11-05 01:00:00,266,470,295,265,340,345,305,281,297,327
2022-11-05 02:00:00,244,436,259,253,314,286,288,276,295,301
2022-11-05 03:00:00,239,421,258,246,305,278,289,269,287,294
2022-11-05 04:00:00,232,387,248,243,287,261,269,253,272,277
2022-11-05 05:00:00,225,362,233,232,265,244,251,239,254,257
2022-11-05 06:00:00,221,359,232,232,260,245,247,234,256,254
2022-11-05 07:00:00,219,376,234,223,272,251,249,239,253,253
2022-11-05 08:00:00,222,371,257,223,271,250,245,234,249,247
2022-11-05 09:00:00,242,430,280,246,285,276,259,255,279,267
2022-11-05 10:00:00,251,427,294,270,277,283,305,254,267,264
2022-11-05 11:00:00,243,429,321,270,276,272,310,259,273,276
2022-11-05 12:00:00,250,440,311,274,303,297,350,282,283,282
2022-11-05 13:00:00,225,437,280,261,289,302,347,266,268,259
2022-11-05 14:00:00,223,446,260,247,287,288,337,273,277,242
2022-11-05 15:00:00,203,444,246,223,282,263,263,249,238,233
2022-11-05 16:00:00,220,456,238,207,276,266,301,248,223,232
2022-11-05 17:00:00,208,415,257,201,274,267,266,244,224,239
2022-11-05 18:00:00,241,457,291,239,275,279,326,269,257,245
2022-11-05 19:00:00,242,419,235,246,264,263,280,254,228,229
2022-11-05 20:00:00,238,410,228,244,278,262,262,256,227,221
2022-11-05 21:00:00,220,413,229,241,277,264,278,264,228,227
2022-11-05 22:00:00,218,407,233,245,269,254,251,260,236,235
2022-11-05 23:00:00,210,394,282,220,259,248,260,240,241,262
2022-11-06 00:00:00,211,385,238,222,267,255,244,241,228,233
2022-11-06 01:00:00,232,391,241,234,257,252,262,248,245,246
2022-11-06 01:00:00,259,403,264,260,256,260,283,264,251,248
2022-11-06 02:00:00,239,370,258,249,246,256,270,257,248,247
2022-11-06 03:00:00,230,351,237,243,239,246,251,243,239,235
2022-11-06 04:00:00,210,310,213,212,226,215,218,218,224,219
2022-11-06 05:00:00,198,279,205,192,196,194,199,195,198,189
2022-11-06 06:00:00,178,244,180,173,188,182,175,179,196,180
2022-11-06 07:00:00,185,254,199,185,201,198,198,192,206,196
2022-11-06 08:00:00,213,269,224,206,215,222,209,206,214,205
2022-11-06 09:00:00,217,278,243,218,221,225,224,217,223,214
2022-11-06 10:00:00,230,284,438,218,228,229,229,226,232,212
2022-11-06 11:00:00,225,299,256,211,227,239,239,227,221,211
2022-11-06 12:00:00,215,310,275,220,238,246,250,237,237,218
2022-11-06 13:00:00,206,369,291,233,304,267,240,269,262,216
2022-11-06 14:00:00,228,374,284,239,347,285,290,287,247,274
2022-11-06 15:00:00,301,403,306,268,304,325,330,289,293,278
2022-11-06 16:00:00,287,424,302,265,288,304,330,280,270,302
2022-11-06 17:00:00,291,422,365,255,262,271,286,253,246,250
2022-11-06 18:00:00,300,368,314,234,259,278,280,262,242,239
2022-11-06 19:00:00,289,346,294,252,251,280,271,261,255,245
2022-11-06 20:00:00,275,369,323,265,257,266,269,259,257,246
2022-11-06 21:00:00,287,341,335,278,262,281,288,288,275,257
2022-11-06 22:00:00,267,316,300,275,263,279,288,265,271,260
2022-11-06 23:00:00,261,321,275,260,253,276,278,263,260,250
2022-11-07 00:00:00,255,351,310,279,257,267,261,258,269,265
2022-11-07 01:00:00,263,332,274,271,262,259,259,260,261,261
2022-11-07 02:00:00,260,351,276,271,258,266,270,262,262,265
2022-11-07 03:00:00,245,300,257,263,245,247,244,248,253,252
2022-11-07 04:00:00,234,287,232,235,231,230,222,230,234,228
2022-11-07 05:00:00,233,280,224,228,227,227,217,223,229,224
2022-11-07 06:00:00,237,277,233,240,231,234,226,226,227,225
2022-11-07 07:00:00,259,285,277,254,256,247,244,237,244,247
2022-11-07 08:00:00,352,325,343,283,261,275,265,258,272,270
2022-11-07 09:00:00,281,296,351,298,251,270,250,253,259,265
2022-11-07 10:00:00,261,271,293,258,225,229,227,236,233,234
2022-11-07 11:00:00,228,261,270,249,220,230,219,221,217,205
2022-11-07 12:00:00,220,248,258,244,222,221,217,223,222,218
2022-11-07 13:00:00,213,247,280,256,223,226,210,214,211,212
2022-11-07 14:00:00,276,260,273,264,226,237,221,216,221,237
2022-11-07 15:00:00,278,262,304,280,230,238,233,223,235,240
2022-11-07 16:00:00,288,276,304,309,247,263,245,226,244,237
2022-11-07 17:00:00,322,304,312,305,296,263,258,241,259,265
2022-11-07 18:00:00,326,274,318,324,279,266,242,226,256,247
2022-11-07 19:00:00,289,274,322,306,266,265,254,238,252,241
2022-11-07 20:00:00,322,288,333,301,286,278,286,273,261,248
2022-11-07 21:00:00,286,298,326,315,267,272,279,288,270,270
2022-11-07 22:00:00,302,295,334,358,254,262,264,265,258,282
2022-11-07 23:00:00,273,291,299,289,250,260,253,254,260,260
2022-11-08 00:00:00,273,289,275,289,243,258,244,247,247,246
2022-11-08 01:00:00,268,288,273,270,248,251,243,249,266,263
2022-11-08 02:00:00,282,272,250,249,235,240,226,237,248,242
2022-11-08 03:00:00,261,262,235,237,223,235,213,225,229,223
2022-11-08 04:00:00,254,258,228,231,220,225,209,222,221,215
2022-11-08 05:00:00,290,270,235,233,231,236,219,228,230,231
2022-11-08 06:00:00,281,284,254,246,242,271,248,242,242,258
2022-11-08 07:00:00,265,366,268,262,245,329,282,249,263,269
2022-11-08 08:00:00,281,421,343,334,281,332,288,267,317,284
2022-11-08 09:00:00,309,391,316,374,316,359,300,298,326,296
2022-11-08 10:00:00,274,324,267,276,298,358,269,274,258,246
2022-11-08 11:00:00,223,274,241,259,270,281,234,246,257,236
2022-11-08 12:00:00,214,263,241,249,291,312,235,238,234,224
2022-11-08 13:00:00,221,280,233,279,269,296,227,234,244,224
2022-11-08 14:00:00,235,270,233,278,288,399,291,250,237,253
2022-11-08 15:00:00,275,295,256,273,316,320,262,251,251,239
2022-11-08 16:00:00,404,303,262,300,322,361,341,333,281,284
2022-11-08 17:00:00,477,285,292,317,298,369,330,286,272,280
2022-11-08 18:00:00,390,313,297,360,301,298,291,278,266,274
2022-11-08 19:00:00,341,361,398,378,325,311,280,283,271,277
2022-11-08 20:00:00,332,389,366,353,301,317,261,297,275,287
2022-11-08 21:00:00,335,328,358,359,284,329,250,279,271,275
2022-11-08 22:00:00,319,374,300,311,298,334,264,316,246,241
2022-11-08 23:00:00,318,358,297,313,320,388,276,307,244,240
2022-11-09 00:00:00,265,279,239,259,307,314,301,295,221,214
2022-11-09 01:00:00,235,240,219,214,236,233,221,243,210,201
2022-11-09 02:00:00,223,223,206,202,222,211,196,219,207,195
2022-11-09 03:00:00,207,214,200,195,208,202,187,207,199,190
2022-11-09 04:00:00,207,219,197,194,207,201,188,201,200,192
2022-11-09 05:00:00,210,218,205,199,210,202,191,202,196,188
2022-11-09 06:00:00,214,221,207,203,208,213,194,207,200,193
2022-11-09 07:00:00,252,227,231,237,215,268,200,216,218,215
2022-11-09 08:00:00,272,238,237,250,220,273,215,229,220,211
2022-11-09 09:00:00,336,247,255,276,248,306,266,257,224,216
2022-11-09 10:00:00,290,241,238,257,245,287,247,256,223,213
2022-11-09 11:00:00,257,235,252,266,272,305,249,276,236,227
2022-11-09 12:00:00,255,248,258,267,269,285,268,277,251,243
2022-11-09 13:00:00,267,283,247,293,283,306,284,282,271,244
2022-11-09 14:00:00,281,318,271,307,332,308,300,301,296,303
2022-11-09 15:00:00,338,346,316,349,345,367,377,310,287,310
2022-11-09 16:00:00,418,416,306,393,547,410,438,395,364,367
2022-11-09 17:00:00,429,394,316,408,364,343,380,316,312,321
2022-11-09 18:00:00,447,433,368,470,424,355,375,377,324,318
2022-11-09 19:00:00,405,496,423,444,387,323,324,359,292,294
2022-11-09 20:00:00,393,427,385,429,383,363,342,376,267,274
2022-11-09 21:00:00,338,405,413,347,384,415,324,375,266,284
2022-11-09 22:00:00,314,413,404,399,348,397,398,349,343,360
2022-11-09 23:00:00,325,423,451,391,351,354,377,304,272,314
2022-11-10 00:00:00,356,441,425,401,310,291,290,290,280,288
2022-11-10 01:00:00,364,450,391,385,289,272,268,270,280,283
2022-11-10 02:00:00,313,377,298,290,277,269,267,262,284,284
2022-11-10 03:00:00,272,330,254,245,270,250,243,245,259,259
2022-11-10 04:00:00,242,305,243,232,257,254,238,237,245,244
2022-11-10 05:00:00,257,343,259,250,266,248,245,239,258,266
2022-11-10 06:00:00,292,456,286,268,277,272,264,254,273,274
2022-11-10 07:00:00,304,471,308,279,283,294,284,278,280,276
2022-11-10 08:00:00,321,495,363,303,340,296,297,282,317,309
2022-11-10 09:00:00,389,473,389,328,345,334,343,312,321,328
2022-11-10 10:00:00,342,460,368,292,339,340,360,314,327,332
2022-11-10 11:00:00,262,429,354,282,356,362,360,327,299,278
2022-11-10 12:00:00,297,453,314,281,333,356,451,321,292,293
2022-11-10 13:00:00,252,479,308,274,350,335,291,331,299,293
2022-11-10 14:00:00,314,513,317,276,375,351,333,336,307,349
2022-11-10 15:00:00,364,512,372,282,353,362,414,315,309,361
2022-11-10 16:00:00,377,567,390,297,403,419,452,358,321,359
2022-11-10 17:00:00,388,567,403,341,397,412,401,347,321,369
2022-11-10 18:00:00,373,516,399,320,391,349,392,329,309,363
2022-11-10 19:00:00,407,722,428,364,406,391,422,363,362,381
2022-11-10 20:00:00,414,738,464,376,421,382,416,367,377,391
2022-11-10 21:00:00,369,675,425,376,370,332,364,324,333,366
2022-11-10 22:00:00,350,592,397,357,374,337,357,320,349,376
2022-11-10 23:00:00,290,428,315,275,335,289,303,302,283,292
2022-11-11 00:00:00,284,425,292,276,319,288,296,284,285,294
2022-11-11 01:00:00,281,414,310,276,315,300,291,279,286,297
2022-11-11 02:00:00,291,410,316,275,305,283,291,278,273,279
2022-11-11 03:00:00,279,417,262,255,279,262,267,256,259,264
2022-11-11 04:00:00,265,377,252,242,265,241,242,238,244,249
2022-11-11 05:00:00,248,363,245,236,257,251,239,231,242,248
2022-11-11 06:00:00,251,368,259,255,276,274,251,249,251,260
2022-11-11 07:00:00,289,479,327,365,314,370,313,291,284,271
2022-11-11 08:00:00,338,563,397,456,386,524,375,403,310,325
2022-11-11 09:00:00,365,584,431,529,471,489,465,454,394,401
2022-11-11 10:00:00,364,567,400,450,469,565,531,461,423,432
2022-11-11 11:00:00,402,533,369,389,438,431,395,433,396,421
2022-11-11 12:00:00,354,667,364,428,425,389,416,414,337,347
2022-11-11 13:00:00,329,545,428,489,471,478,395,386,389,405
2022-11-11 14:00:00,437,530,498,574,447,461,420,409,433,432
2022-11-11 15:00:00,406,501,437,473,458,459,395,399,385,389
2022-11-11 16:00:00,420,392,326,409,378,398,322,315,326,322
2022-11-11 17:00:00,394,445,332,441,424,409,314,332,318,318
2022-11-11 18:00:00,419,547,448,507,522,502,378,422,379,361
2022-11-11 19:00:00,467,504,476,546,442,439,402,423,377,380
2022-11-11 20:00:00,502,603,509,494,553,520,525,483,471,495
2022-11-11 21:00:00,513,601,542,480,576,550,558,459,497,521
2022-11-11 22:00:00,368,460,393,367,424,441,431,353,409,426
2022-11-11 23:00:00,341,441,364,356,393,404,390,337,424,404
2022-11-12 00:00:00,295,386,303,289,292,302,286,262,309,317
2022-11-12 01:00:00,266,321,269,255,265,268,256,233,278,290
2022-11-12 02:00:00,238,292,238,232,239,240,226,212,254,262
2022-11-12 03:00:00,227,268,234,228,223,211,201,198,232,236
2022-11-12 04:00:00,191,234,210,190,201,188,177,176,209,209
2022-11-12 05:00:00,198,235,205,192,207,194,183,181,211,210
2022-11-12 06:00:00,204,227,209,197,208,197,187,181,216,216
2022-11-12 07:00:00,216,241,220,210,220,213,205,195,224,232
2022-11-12 08:00:00,240,259,252,227,246,234,224,222,244,241
2022-11-12 09:00:00,241,258,294,232,234,229,227,226,240,239
2022-11-12 10:00:00,257,264,314,253,232,236,223,225,237,239
2022-11-12 11:00:00,264,293,320,238,234,244,234,223,243,236
2022-11-12 12:00:00,265,298,305,268,231,255,239,226,240,249
2022-11-12 13:00:00,254,270,306,263,223,239,235,216,237,243
2022-11-12 14:00:00,260,265,305,281,227,241,227,225,245,258
2022-11-12 15:00:00,266,272,313,265,240,245,264,236,252,259
2022-11-12 16:00:00,263,259,306,288,240,245,248,235,256,253
2022-11-12 17:00:00,259,262,310,336,235,261,251,241,259,261
2022-11-12 18:00:00,286,280,376,318,250,268,283,256,257,271
2022-11-12 19:00:00,299,304,368,273,270,279,290,271,288,270
2022-11-12 20:00:00,298,307,332,264,279,290,286,281,264,261
2022-11-12 21:00:00,288,304,306,263,266,279,272,266,269,269
2022-11-12 22:00:00,278,303,310,255,260,269,263,265,263,281
2022-11-12 23:00:00,279,294,312,258,283,268,256,266,260,262
2022-11-13 00:00:00,259,279,269,281,236,247,231,233,260,248
2022-11-13 01:00:00,286,293,267,271,215,229,212,211,233,227
2022-11-13 02:00:00,240,242,254,231,203,219,215,199,219,209
2022-11-13 03:00:00,235,237,219,214,211,221,209,198,224,211
2022-11-13 04:00:00,244,298,213,210,200,208,201,195,216,207
2022-11-13 05:00:00,211,244,206,200,198,206,193,194,209,202
2022-11-13 06:00:00,215,221,204,202,194,199,185,192,205,198
2022-11-13 07:00:00,214,240,206,206,206,217,201,197,211,209
2022-11-13 08:00:00,222,252,217,208,204,219,199,198,218,210
2022-11-13 09:00:00,227,242,223,227,219,222,202,204,217,204
2022-11-13 10:00:00,231,245,227,228,237,234,224,218,222,210
2022-11-13 11:00:00,253,252,242,250,238,251,223,217,226,221
2022-11-13 12:00:00,245,252,252,234,239,228,211,212,222,212
2022-11-13 13:00:00,256,232,278,239,230,225,223,226,227,223
2022-11-13 14:00:00,256,225,292,247,238,239,227,222,226,221
2022-11-13 15:00:00,236,223,269,244,224,224,218,216,219,206
2022-11-13 16:00:00,240,247,253,243,220,241,205,204,245,216
2022-11-13 17:00:00,248,275,272,267,251,242,230,216,223,217
2022-11-13 18:00:00,269,232,290,309,235,239,219,220,227,210
2022-11-13 19:00:00,261,237,272,256,218,226,210,213,215,198
2022-11-13 20:00:00,275,238,258,244,221,227,225,222,224,207
2022-11-13 21:00:00,250,246,263,248,225,229,234,224,223,229
2022-11-13 22:00:00,261,256,259,237,222,229,224,224,225,217
2022-11-13 23:00:00,241,249,248,236,215,225,211,213,220,215
2022-11-14 00:00:00,231,243,238,224,208,217,208,210,221,228
2022-11-14 01:00:00,238,253,243,235,215,226,210,216,246,229
2022-11-14 02:00:00,253,264,235,234,223,233,219,225,224,214
2022-11-14 03:00:00,245,239,248,224,197,212,197,199,221,207
2022-11-14 04:00:00,247,254,230,234,206,219,212,206,216,204
2022-11-14 05:00:00,256,247,225,220,196,310,220,199,214,206
2022-11-14 06:00:00,252,234,243,225,197,208,218,200,211,200
2022-11-14 07:00:00,284,259,273,250,222,253,235,226,240,226
2022-11-14 08:00:00,315,317,322,293,261,289,289,257,256,250
2022-11-14 09:00:00,345,330,453,389,262,292,297,270,277,311
2022-11-14 10:00:00,354,328,341,308,266,280,283,270,277,277
2022-11-14 11:00:00,333,252,292,272,255,245,242,253,256,248
2022-11-14 12:00:00,253,238,275,451,265,254,238,258,224,221
2022-11-14 13:00:00,266,272,260,261,311,251,235,235,248,236
2022-11-14 14:00:00,250,237,254,267,267,270,242,235,245,245
2022-11-14 15:00:00,254,249,293,334,249,252,243,227,244,232
2022-11-14 16:00:00,327,308,333,344,249,264,245,239,265,243
2022-11-14 17:00:00,269,355,352,366,366,297,282,257,271,259
2022-11-14 18:00:00,265,336,290,321,326,313,330,285,293,330
2022-11-14 19:00:00,250,345,310,317,309,364,310,285,303,295
2022-11-14 20:00:00,246,307,281,313,302,342,286,275,393,307
2022-11-14 21:00:00,270,326,310,347,315,378,289,304,297,281
2022-11-14 22:00:00,321,353,310,346,306,354,280,295,261,298
2022-11-14 23:00:00,340,395,331,362,310,362,334,306,281,277
2022-11-15 00:00:00,352,406,325,327,320,357,322,324,300,313
2022-11-15 01:00:00,355,436,324,326,309,336,321,310,272,281
2022-11-15 02:00:00,326,370,301,300,282,300,285,282,267,271
2022-11-15 03:00:00,289,324,273,273,262,273,257,263,253,244
2022-11-15 04:00:00,262,289,242,239,248,258,233,245,235,225
2022-11-15 05:00:00,231,247,218,214,222,232,208,220,218,209
2022-11-15 06:00:00,228,244,209,210,237,243,203,223,215,201
2022-11-15 07:00:00,235,274,233,239,258,282,209,229,228,213
2022-11-15 08:00:00,269,277,264,287,276,288,231,246,238,232
2022-11-15 09:00:00,280,338,279,295,289,340,248,265,269,258
2022-11-15 10:00:00,280,333,312,540,316,336,278,296,276,266
2022-11-15 11:00:00,279,297,320,590,315,313,247,271,260,248
2022-11-15 12:00:00,254,270,290,578,261,288,229,243,261,246
2022-11-15 13:00:00,256,297,308,750,267,309,243,251,280,246
2022-11-15 14:00:00,276,315,332,851,274,307,239,255,281,246
2022-11-15 15:00:00,435,292,322,769,314,405,301,286,262,242
2022-11-15 16:00:00,301,295,314,997,303,370,257,272,267,240
2022-11-15 17:00:00,338,286,267,381,289,350,261,262,268,243
2022-11-15 18:00:00,295,281,256,285,280,320,240,255,264,247
2022-11-15 19:00:00,278,275,269,333,272,314,230,249,263,243
2022-11-15 20:00:00,262,256,258,304,274,377,233,254,269,234
2022-11-15 21:00:00,240,245,232,254,248,281,210,232,240,220
2022-11-15 22:00:00,237,248,226,243,238,264,202,222,237,220
2022-11-15 23:00:00,237,249,234,256,244,275,207,225,238,219
2022-11-16 00:00:00,228,244,225,231,231,253,203,225,233,216
2022-11-16 01:00:00,223,239,217,229,221,239,201,216,223,209
2022-11-16 02:00:00,219,232,212,206,222,240,196,215,218,204
2022-11-16 03:00:00,221,236,206,201,217,244,199,214,215,202
2022-11-16 04:00:00,216,247,212,204,213,230,191,208,211,198
2022-11-16 05:00:00,217,242,208,199,212,222,188,205,211,197
2022-11-16 06:00:00,221,249,213,205,227,248,201,218,217,206
2022-11-16 07:00:00,240,308,257,268,274,490,297,276,240,220
2022-11-16 08:00:00,286,452,315,451,341,395,261,324,259,239
2022-11-16 09:00:00,313,482,344,345,358,426,336,342,306,287
2022-11-16 10:00:00,368,549,467,1202,388,427,389,351,365,373
2022-11-16 11:00:00,386,464,504,1413,396,455,407,363,382,398
2022-11-16 12:00:00,423,480,494,945,390,407,408,369,380,406
2022-11-16 13:00:00,430,473,546,814,398,420,451,398,404,424
2022-11-16 14:00:00,424,384,457,606,314,377,355,307,332,338
2022-11-16 15:00:00,354,378,475,638,308,318,341,285,309,296
2022-11-16 16:00:00,383,335,462,728,301,339,318,289,309,280
2022-11-16 17:00:00,411,423,449,493,297,368,363,302,334,312
2022-11-16 18:00:00,383,495,529,478,371,404,419,373,558,448
2022-11-16 19:00:00,455,617,517,538,359,391,398,412,478,528
2022-11-16 20:00:00,515,719,593,554,484,559,546,512,555,600
2022-11-16 21:00:00,576,862,652,593,494,565,555,522,523,575
2022-11-16 22:00:00,501,588,629,583,442,518,499,452,514,552
2022-11-16 23:00:00,384,443,394,390,347,404,379,343,374,384
2022-11-17 00:00:00,363,361,316,319,271,297,288,266,297,304
2022-11-17 01:00:00,318,314,284,279,257,273,268,253,271,272
2022-11-17 02:00:00,263,290,253,238,242,256,240,236,255,264
2022-11-17 03:00:00,267,296,256,234,244,254,246,241,257,266
2022-11-17 04:00:00,307,312,291,257,250,256,248,245,271,274
2022-11-17 05:00:00,280,313,267,250,265,270,268,261,269,277
2022-11-17 06:00:00,260,251,248,223,215,218,209,212,232,225
2022-11-17 07:00:00,295,252,299,223,204,219,207,196,226,207
2022-11-17 08:00:00,286,253,294,252,208,228,218,201,228,215
2022-11-17 09:00:00,301,249,318,275,209,223,214,205,228,214
2022-11-17 10:00:00,275,254,334,267,204,209,210,205,220,206
2022-11-17 11:00:00,268,261,313,256,208,214,222,215,217,207
2022-11-17 12:00:00,243,254,303,246,207,219,215,210,229,228
2022-11-17 13:00:00,280,330,303,268,198,220,211,202,242,230
2022-11-17 14:00:00,253,306,297,260,193,205,205,196,218,240
2022-11-17 15:00:00,272,318,289,256,201,220,213,200,228,248
2022-11-17 16:00:00,291,297,315,322,222,230,251,223,237,240
2022-11-17 17:00:00,321,357,336,414,244,260,275,251,277,332
2022-11-17 18:00:00,353,326,355,312,273,303,289,290,333,314
2022-11-17 19:00:00,354,308,347,270,264,293,275,279,287,269
2022-11-17 20:00:00,306,294,359,274,262,283,277,271,274,258
2022-11-17 21:00:00,319,338,353,276,289,325,310,308,288,297
2022-11-17 22:00:00,301,305,367,266,265,296,293,278,269,259
2022-11-17 23:00:00,267,280,323,240,250,277,262,258,251,240
2022-11-18 00:00:00,255,267,266,225,236,245,241,236,247,240
2022-11-18 01:00:00,239,256,246,209,226,232,221,220,252,229
2022-11-18 02:00:00,226,245,217,197,213,212,202,204,243,222
2022-11-18 03:00:00,218,237,210,194,205,204,194,199,224,210
2022-11-18 04:00:00,218,236,211,193,205,203,191,198,218,202
2022-11-18 05:00:00,219,237,232,198,204,201,192,200,215,207
2022-11-18 06:00:00,229,247,245,206,216,220,205,208,227,216
2022-11-18 07:00:00,262,267,294,226,236,235,228,230,246,231
2022-11-18 08:00:00,310,316,375,293,269,270,260,258,277,282
2022-11-18 09:00:00,343,352,410,289,278,289,284,276,289,278
2022-11-18 09:51:57,297,301,344,264,258,259,263,261,263,249

