"Time","CO2 {DeviceID=""AirSENCE-0322068B40233"", name=""Pollutant""}","CO2 {DeviceID=""AirSENCE-032206C140232"", name=""Pollutant""}","CO2 {DeviceID=""AirSENCE-0322223F40230"", name=""Pollutant""}","CO2 {DeviceID=""AirSENCE-032223EF40231"", name=""Pollutant""}","CO2 {DeviceID=""AirSENCE-1021C53740216"", name=""Pollutant""}","CO2 {DeviceID=""AirSENCE-1021C65A40214"", name=""Pollutant""}","CO2 {DeviceID=""AirSENCE-1021C6C640218"", name=""Pollutant""}"
2022-10-09 10:00:00,,,460,,446,473,450
2022-10-09 11:00:00,,,457,,440,468,446
2022-10-09 12:00:00,,,453,,435,467,444
2022-10-09 13:00:00,,,455,,432,464,444
2022-10-09 14:00:00,,,459,,431,466,443
2022-10-09 15:00:00,,,461,,453,477,453
2022-10-09 16:00:00,,,470,,455,478,457
2022-10-09 17:00:00,,,473,,437,469,448
2022-10-09 18:00:00,,,461,,441,472,449
2022-10-09 19:00:00,,,463,,437,469,450
2022-10-09 20:00:00,,,457,,434,463,446
2022-10-09 21:00:00,,,464,,440,468,449
2022-10-09 22:00:00,,,470,,450,472,454
2022-10-09 23:00:00,,,465,,453,473,457
2022-10-10 00:00:00,,,451,,448,472,455
2022-10-10 01:00:00,,,449,,449,472,453
2022-10-10 02:00:00,,,449,,445,471,451
2022-10-10 03:00:00,,,447,,444,469,451
2022-10-10 04:00:00,,,448,,444,471,452
2022-10-10 05:00:00,,,447,,444,472,449
2022-10-10 06:00:00,,,448,,447,473,453
2022-10-10 07:00:00,,,454,,448,474,453
2022-10-10 08:00:00,489,454,459,,462,485,460
2022-10-10 09:00:00,489,446,462,,460,486,465
2022-10-10 10:00:00,485,439,458,,453,480,459
2022-10-10 11:00:00,475,430,451,,444,470,455
2022-10-10 12:00:00,460,417,446,,431,461,441
2022-10-10 13:00:00,460,415,446,,431,460,441
2022-10-10 14:00:00,465,418,449,,437,461,445
2022-10-10 15:00:00,471,422,448,,451,470,448
2022-10-10 16:00:00,468,420,447,,441,471,446
2022-10-10 17:00:00,474,422,445,,441,476,447
2022-10-10 18:00:00,475,425,443,,441,473,452
2022-10-10 19:00:00,476,429,450,,442,481,457
2022-10-10 20:00:00,490,463,470,,475,507,466
2022-10-10 21:00:00,528,502,482,,474,503,459
2022-10-10 22:00:00,506,445,488,,459,477,463
2022-10-10 23:00:00,480,432,477,,447,468,452
2022-10-11 00:00:00,478,430,462,,445,467,455
2022-10-11 01:00:00,482,435,464,,451,472,457
2022-10-11 02:00:00,495,449,468,,459,479,446
2022-10-11 03:00:00,503,455,472,,453,474,458
2022-10-11 04:00:00,514,464,503,,454,477,484
2022-10-11 05:00:00,534,486,508,,494,509,517
2022-10-11 06:00:00,552,504,532,,528,540,510
2022-10-11 07:00:00,561,523,562,,534,565,488
2022-10-11 08:00:00,582,546,622,,582,580,479
2022-10-11 09:00:00,598,578,576,,577,612,479
2022-10-11 10:00:00,546,487,509,,491,529,491
2022-10-11 11:00:00,508,452,477,,480,508,478
2022-10-11 12:00:00,502,451,478,,477,501,473
2022-10-11 13:00:00,485,449,485,,476,498,472
2022-10-11 14:00:00,480,447,476,,468,495,471
2022-10-11 15:00:00,481,444,476,,473,493,466
2022-10-11 16:00:00,500,444,472,,469,502,479
2022-10-11 17:00:00,504,443,469,,466,498,474
2022-10-11 18:00:00,514,446,475,,472,503,473
2022-10-11 19:00:00,498,481,481,,468,494,465
2022-10-11 20:00:00,486,485,471,,458,483,456
2022-10-11 21:00:00,484,473,461,,454,479,451
2022-10-11 22:00:00,500,476,463,,449,478,456
2022-10-11 23:00:00,479,445,458,,447,477,454
2022-10-12 00:00:00,477,439,457,,445,475,454
2022-10-12 01:00:00,474,433,456,,443,473,454
2022-10-12 02:00:00,471,430,450,,440,471,449
2022-10-12 03:00:00,470,428,446,,438,470,446
2022-10-12 04:00:00,475,430,454,,439,473,448
2022-10-12 05:00:00,476,431,451,,438,472,449
2022-10-12 06:00:00,477,436,453,,442,473,449
2022-10-12 07:00:00,496,457,463,,448,483,454
2022-10-12 08:00:00,521,482,485,,461,496,461
2022-10-12 09:00:00,520,467,490,,466,510,467
2022-10-12 10:00:00,510,446,478,,465,495,461
2022-10-12 11:00:00,481,436,461,,462,484,455
2022-10-12 12:00:00,480,431,460,,464,486,454
2022-10-12 13:00:00,478,436,464,,460,479,454
2022-10-12 14:00:00,474,433,459,,453,478,451
2022-10-12 15:00:00,474,429,459,,455,481,450
2022-10-12 16:00:00,479,436,460,,455,477,448
2022-10-12 17:00:00,486,431,461,,455,482,452
2022-10-12 18:00:00,503,444,465,,461,492,459
2022-10-12 19:00:00,495,439,461,,451,492,455
2022-10-12 20:00:00,477,435,457,,448,490,450
2022-10-12 21:00:00,473,426,451,,442,481,446
2022-10-12 22:00:00,463,420,443,,440,472,442
2022-10-12 23:00:00,461,417,441,,437,472,441
2022-10-13 00:00:00,457,414,435,,430,466,436
2022-10-13 01:00:00,458,416,435,,431,465,436
2022-10-13 02:00:00,460,412,435,,429,465,436
2022-10-13 03:00:00,466,415,442,,432,472,441
2022-10-13 04:00:00,468,415,442,,432,473,441
2022-10-13 05:00:00,468,414,441,,433,474,441
2022-10-13 06:00:00,468,417,442,,435,476,443
2022-10-13 07:00:00,475,425,448,,438,479,445
2022-10-13 08:00:00,490,435,462,,448,489,449
2022-10-13 09:00:00,513,437,496,,467,499,469
2022-10-13 10:00:00,501,433,491,,458,488,466
2022-10-13 11:00:00,495,439,480,,455,490,460
2022-10-13 12:00:00,494,451,478,,463,492,460
2022-10-13 13:00:00,489,447,473,,472,493,456
2022-10-13 14:00:00,478,437,466,,460,486,452
2022-10-13 15:00:00,479,436,460,,459,483,453
2022-10-13 16:00:00,480,433,458,,456,478,447
2022-10-13 17:00:00,476,434,457,,451,475,444
2022-10-13 18:00:00,483,438,459,,444,472,440
2022-10-13 19:00:00,486,447,461,,444,476,443
2022-10-13 20:00:00,488,453,461,,449,478,447
2022-10-13 21:00:00,486,463,457,,451,479,448
2022-10-13 22:00:00,491,462,463,,451,479,451
2022-10-13 23:00:00,492,457,465,,459,484,454
2022-10-14 00:00:00,509,465,473,,469,494,463
2022-10-14 01:00:00,536,484,490,,508,525,503
2022-10-14 02:00:00,508,460,473,,478,506,476
2022-10-14 03:00:00,466,423,441,,436,465,440
2022-10-14 04:00:00,462,421,439,,433,462,438
2022-10-14 05:00:00,462,422,435,,432,461,437
2022-10-14 06:00:00,481,442,448,,443,473,447
2022-10-14 07:00:00,497,467,483,,460,492,458
2022-10-14 08:00:00,514,495,489,,474,509,467
2022-10-14 09:00:00,523,497,508,,488,520,472
2022-10-14 10:00:00,494,451,480,,464,496,466
2022-10-14 11:00:00,484,437,468,,453,481,461
2022-10-14 12:00:00,483,439,462,,452,473,450
2022-10-14 13:00:00,472,438,465,,455,475,444
2022-10-14 14:00:00,469,425,451,,453,481,447
2022-10-14 15:00:00,468,426,449,,451,467,442
2022-10-14 16:00:00,479,421,447,,452,472,447
2022-10-14 17:00:00,483,420,446,,445,475,446
2022-10-14 18:00:00,497,427,449,,448,476,447
2022-10-14 19:00:00,486,452,458,,464,482,449
2022-10-14 20:00:00,491,469,482,,462,500,461
2022-10-14 21:00:00,501,489,507,,455,496,450
2022-10-14 22:00:00,497,451,468,,460,500,447
2022-10-14 23:00:00,478,428,447,,444,471,442
2022-10-15 00:00:00,475,425,445,,443,471,445
2022-10-15 01:00:00,478,434,448,,445,473,447
2022-10-15 02:00:00,476,432,446,,442,472,449
2022-10-15 03:00:00,473,426,444,,439,471,447
2022-10-15 04:00:00,471,427,444,,437,467,445
2022-10-15 05:00:00,467,423,441,,434,464,442
2022-10-15 06:00:00,462,418,437,,430,460,439
2022-10-15 07:00:00,460,418,436,,428,456,435
2022-10-15 08:00:00,459,416,436,,427,456,434
2022-10-15 09:00:00,466,422,443,,433,462,437
2022-10-15 10:00:00,467,429,455,,437,465,437
2022-10-15 11:00:00,478,427,462,,440,467,441
2022-10-15 12:00:00,481,428,469,,446,472,447
2022-10-15 13:00:00,462,414,452,,431,458,437
2022-10-15 14:00:00,461,411,452,,427,452,434
2022-10-15 15:00:00,461,410,446,,426,452,433
2022-10-15 16:00:00,459,408,446,,426,449,434
2022-10-15 17:00:00,459,411,452,,428,450,435
2022-10-15 18:00:00,465,416,451,,432,456,434
2022-10-15 19:00:00,471,421,457,,438,461,438
2022-10-15 20:00:00,476,425,458,,444,466,443
2022-10-15 21:00:00,485,442,464,,448,471,450
2022-10-15 22:00:00,485,448,461,,450,469,453
2022-10-15 23:00:00,489,446,460,,446,471,452
2022-10-16 00:00:00,474,427,453,,443,464,447
2022-10-16 01:00:00,471,428,449,,441,462,446
2022-10-16 02:00:00,469,429,449,,442,463,446
2022-10-16 03:00:00,486,448,453,,445,466,449
2022-10-16 04:00:00,496,454,462,,445,467,456
2022-10-16 05:00:00,490,446,461,,445,469,457
2022-10-16 06:00:00,479,440,459,,446,470,454
2022-10-16 07:00:00,484,444,462,,450,472,457
2022-10-16 08:00:00,497,457,473,,453,475,460
2022-10-16 09:00:00,496,456,482,,455,474,463
2022-10-16 10:00:00,487,452,488,,457,478,458
2022-10-16 11:00:00,488,447,469,,461,476,457
2022-10-16 12:00:00,480,438,462,,456,473,452
2022-10-16 13:00:00,478,434,465,,456,474,450
2022-10-16 14:00:00,473,434,464,,450,471,446
2022-10-16 15:00:00,477,438,464,,456,475,450
2022-10-16 16:00:00,478,444,466,,460,480,451
2022-10-16 17:00:00,485,444,472,,462,483,455
2022-10-16 18:00:00,488,439,472,,455,480,458
2022-10-16 19:00:00,477,430,466,,450,468,458
2022-10-16 20:00:00,473,433,469,,450,466,449
2022-10-16 21:00:00,476,444,477,,451,466,449
2022-10-16 22:00:00,477,433,455,,451,468,457
2022-10-16 23:00:00,471,432,452,,443,472,453
2022-10-17 00:00:00,474,428,449,,442,471,451
2022-10-17 01:00:00,469,426,445,,440,467,447
2022-10-17 02:00:00,471,427,445,,440,468,451
2022-10-17 03:00:00,473,428,447,,441,469,450
2022-10-17 04:00:00,479,431,448,,447,473,455
2022-10-17 05:00:00,486,439,456,,446,473,453
2022-10-17 06:00:00,499,448,466,,452,479,458
2022-10-17 07:00:00,511,463,487,,462,485,466
2022-10-17 08:00:00,513,460,476,,462,488,461
2022-10-17 09:00:00,508,444,481,,462,485,462
2022-10-17 10:00:00,484,431,465,,450,471,450
2022-10-17 11:00:00,478,437,471,,457,476,451
2022-10-17 12:00:00,474,433,457,,458,474,451
2022-10-17 13:00:00,467,431,452,,452,469,444
2022-10-17 14:00:00,464,427,449,,448,467,441
2022-10-17 15:00:00,468,426,452,,451,469,444
2022-10-17 16:00:00,484,433,459,,453,470,444
2022-10-17 17:00:00,487,436,459,,455,473,447
2022-10-17 18:00:00,483,437,458,,459,474,445
2022-10-17 19:00:00,484,445,459,,454,473,449
2022-10-17 20:00:00,480,437,455,,455,472,447
2022-10-17 21:00:00,469,430,447,,445,465,442
2022-10-17 22:00:00,464,424,442,,441,460,442
2022-10-17 23:00:00,464,422,439,,442,460,444
2022-10-18 00:00:00,463,422,438,,437,461,444
2022-10-18 01:00:00,462,416,435,,437,462,445
2022-10-18 02:00:00,469,420,437,,439,461,444
2022-10-18 03:00:00,473,423,442,,442,464,450
2022-10-18 04:00:00,475,429,447,,444,465,451
2022-10-18 05:00:00,480,432,450,,449,470,454
2022-10-18 06:00:00,486,436,453,,452,471,455
2022-10-18 07:00:00,500,448,477,,468,482,471
2022-10-18 08:00:00,511,450,490,,474,486,476
2022-10-18 09:00:00,511,447,502,,477,487,483
2022-10-18 10:00:00,504,449,486,,472,489,476
2022-10-18 11:00:00,503,455,483,,475,494,470
2022-10-18 12:00:00,490,443,465,,458,475,458
2022-10-18 13:00:00,472,421,452,,439,460,441
2022-10-18 14:00:00,468,423,448,,437,458,438
2022-10-18 15:00:00,472,432,450,,454,466,443
2022-10-18 16:00:00,493,434,464,,457,471,448
2022-10-18 17:00:00,492,429,462,,456,470,445
2022-10-18 18:00:00,496,446,463,,465,477,450
2022-10-18 19:00:00,495,446,466,,463,478,450
2022-10-18 20:00:00,481,444,456,,463,476,447
2022-10-18 21:00:00,481,437,455,,457,477,452
2022-10-18 22:00:00,480,434,453,,455,472,449
2022-10-18 23:00:00,484,441,452,,452,468,448
2022-10-19 00:00:00,478,431,451,,452,470,452
2022-10-19 01:00:00,474,426,447,,443,464,448
2022-10-19 02:00:00,475,427,449,,444,466,449
2022-10-19 03:00:00,479,428,445,,447,466,449
2022-10-19 04:00:00,479,429,446,,448,466,450
2022-10-19 05:00:00,478,426,450,,448,466,452
2022-10-19 06:00:00,479,433,454,,455,472,458
2022-10-19 07:00:00,486,443,464,,461,480,458
2022-10-19 08:00:00,494,453,480,,470,485,466
2022-10-19 09:00:00,516,452,486,,485,494,478
2022-10-19 10:00:00,511,452,489,,475,492,476
2022-10-19 11:00:00,498,443,481,,462,481,469
2022-10-19 12:00:00,487,436,471,,458,473,462
2022-10-19 13:00:00,484,442,473,,464,477,460
2022-10-19 14:00:00,485,439,466,,465,475,460
2022-10-19 15:00:00,478,437,459,,460,470,455
2022-10-19 16:00:00,488,443,474,,469,472,452
2022-10-19 17:00:00,487,433,469,,453,470,458
2022-10-19 18:00:00,491,427,475,,451,467,459
2022-10-19 19:00:00,484,425,470,,447,462,453
2022-10-19 20:00:00,474,421,462,,442,458,449
2022-10-19 21:00:00,470,421,455,,444,460,447
2022-10-19 22:00:00,469,421,446,,442,459,444
2022-10-19 23:00:00,476,426,449,,446,463,448
2022-10-20 00:00:00,474,427,447,,444,460,449
2022-10-20 01:00:00,468,421,441,,440,457,446
2022-10-20 02:00:00,467,422,442,,439,457,444
2022-10-20 03:00:00,462,419,438,,435,452,442
2022-10-20 04:00:00,464,419,438,,434,451,440
2022-10-20 05:00:00,463,421,437,,436,452,439
2022-10-20 06:00:00,464,421,437,,434,450,439
2022-10-20 07:00:00,476,425,444,,437,452,440
2022-10-20 08:00:00,480,428,455,,441,457,444
2022-10-20 09:00:00,494,434,464,,448,462,449
2022-10-20 10:00:00,486,430,463,,445,460,447
2022-10-20 11:00:00,476,426,458,,441,457,446
2022-10-20 12:00:00,475,422,455,,436,453,442
2022-10-20 13:00:00,473,422,456,,436,452,442
2022-10-20 14:00:00,474,421,455,,442,457,444
2022-10-20 15:00:00,481,426,464,,447,462,450
2022-10-20 16:00:00,490,431,462,,447,462,446
2022-10-20 17:00:00,492,433,466,,451,463,451
2022-10-20 18:00:00,497,444,468,,460,471,452
2022-10-20 19:00:00,498,435,467,,449,466,450
2022-10-20 20:00:00,495,436,469,,457,475,457
2022-10-20 21:00:00,504,456,471,,468,479,461
2022-10-20 22:00:00,498,446,466,,460,475,460
2022-10-20 23:00:00,492,440,470,,462,475,461
2022-10-21 00:00:00,497,442,471,,469,478,468
2022-10-21 01:00:00,504,454,478,,468,478,475
2022-10-21 02:00:00,502,459,481,,462,476,472
2022-10-21 03:00:00,517,462,485,,466,479,474
2022-10-21 04:00:00,528,475,504,,488,496,498
2022-10-21 05:00:00,534,475,524,,466,482,472
2022-10-21 06:00:00,549,485,491,,515,519,471
2022-10-21 07:00:00,544,495,517,,458,479,459
2022-10-21 08:00:00,597,554,545,,465,491,468
2022-10-21 09:00:00,605,573,559,,538,549,497
2022-10-21 10:00:00,554,506,513,,488,505,491
2022-10-21 11:00:00,487,448,467,,466,475,457
2022-10-21 12:00:00,476,435,460,,463,470,454
2022-10-21 13:00:00,476,434,462,,461,466,452
2022-10-21 14:00:00,473,429,455,,455,462,449
2022-10-21 15:00:00,474,430,458,,456,461,447
2022-10-21 16:00:00,481,436,455,,453,461,448
2022-10-21 17:00:00,483,441,456,,447,462,445
2022-10-21 18:00:00,483,438,460,,448,460,440
2022-10-21 19:00:00,484,440,459,,449,464,447
2022-10-21 20:00:00,476,436,456,,449,464,446
2022-10-21 21:00:00,476,437,452,,452,464,447
2022-10-21 22:00:00,473,437,455,,445,463,448
2022-10-21 23:00:00,471,435,451,,442,461,446
2022-10-22 00:00:00,468,432,448,,437,457,445
2022-10-22 01:00:00,468,432,445,,433,456,443
2022-10-22 02:00:00,467,429,445,,432,454,443
2022-10-22 03:00:00,473,434,447,,435,458,445
2022-10-22 04:00:00,471,429,444,,433,455,444
2022-10-22 05:00:00,470,429,442,,432,454,443
2022-10-22 06:00:00,483,438,449,,435,458,448
2022-10-22 07:00:00,476,438,453,,438,460,451
2022-10-22 08:00:00,485,459,459,,442,463,452
2022-10-22 09:00:00,505,473,470,,451,470,458
2022-10-22 10:00:00,492,462,474,,455,471,457
2022-10-22 11:00:00,492,449,471,,459,473,455
2022-10-22 12:00:00,488,446,467,,459,474,452
2022-10-22 13:00:00,485,440,463,,461,472,451
2022-10-22 14:00:00,482,432,462,,462,471,452
2022-10-22 15:00:00,482,432,471,,463,467,451
2022-10-22 16:00:00,480,430,458,,460,468,451
2022-10-22 17:00:00,484,433,459,,460,474,453
2022-10-22 18:00:00,488,444,462,,463,472,459
2022-10-22 19:00:00,511,488,479,,466,494,470
2022-10-22 20:00:00,516,491,493,,468,505,474
2022-10-22 21:00:00,520,484,504,,456,490,463
2022-10-22 22:00:00,533,499,497,,485,510,451
2022-10-22 23:00:00,541,493,535,,541,546,475
2022-10-23 00:00:00,556,516,541,,508,518,461
2022-10-23 01:00:00,554,515,475,,447,470,457
2022-10-23 02:00:00,542,492,501,,464,482,464
2022-10-23 03:00:00,525,469,489,,496,512,463
2022-10-23 04:00:00,544,493,513,,534,541,513
2022-10-23 05:00:00,570,524,532,,551,569,527
2022-10-23 06:00:00,557,508,518,,517,539,560
2022-10-23 07:00:00,547,498,506,,490,522,555
2022-10-23 08:00:00,563,526,556,556,483,512,479
2022-10-23 09:00:00,571,498,527,515,479,502,471
2022-10-23 10:00:00,536,486,502,507,479,504,476
2022-10-23 11:00:00,521,461,493,494,476,503,479
2022-10-23 12:00:00,496,439,464,467,464,480,459
2022-10-23 13:00:00,478,432,461,460,456,478,454
2022-10-23 14:00:00,477,430,453,459,457,474,453
2022-10-23 15:00:00,475,426,457,459,449,473,451
2022-10-23 16:00:00,473,427,456,455,448,470,448
2022-10-23 17:00:00,475,425,459,457,443,469,448
2022-10-23 18:00:00,500,431,463,465,448,477,455
2022-10-23 19:00:00,505,445,475,475,455,483,465
2022-10-23 20:00:00,496,441,463,465,453,482,460
2022-10-23 21:00:00,495,444,473,471,452,480,464
2022-10-23 22:00:00,499,449,465,462,454,481,463
2022-10-23 23:00:00,497,445,463,460,454,485,463
2022-10-24 00:00:00,493,444,461,456,453,479,461
2022-10-24 01:00:00,494,444,462,456,452,479,459
2022-10-24 02:00:00,498,451,466,459,453,478,460
2022-10-24 03:00:00,514,463,475,466,457,485,464
2022-10-24 04:00:00,519,464,475,464,465,495,491
2022-10-24 05:00:00,508,455,472,462,464,493,508
2022-10-24 06:00:00,529,475,481,472,466,496,515
2022-10-24 07:00:00,564,515,503,495,488,524,540
2022-10-24 08:00:00,581,541,533,527,493,521,535
2022-10-24 09:00:00,587,524,552,549,510,544,528
2022-10-24 10:00:00,560,499,522,515,498,529,497
2022-10-24 11:00:00,531,479,506,495,495,523,497
2022-10-24 12:00:00,500,440,472,469,466,492,467
2022-10-24 13:00:00,491,430,458,455,457,482,463
2022-10-24 14:00:00,486,428,454,452,454,478,452
2022-10-24 15:00:00,474,426,453,455,450,477,455
2022-10-24 16:00:00,480,426,453,453,454,475,451
2022-10-24 17:00:00,484,429,455,456,450,476,452
2022-10-24 18:00:00,502,434,467,477,451,476,453
2022-10-24 19:00:00,490,449,486,478,454,482,460
2022-10-24 20:00:00,496,449,483,489,460,489,468
2022-10-24 21:00:00,504,448,476,479,456,491,462
2022-10-24 22:00:00,501,438,467,467,449,479,459
2022-10-24 23:00:00,490,437,457,456,445,476,453
2022-10-25 00:00:00,490,438,456,455,451,485,457
2022-10-25 01:00:00,495,444,462,455,456,488,457
2022-10-25 02:00:00,494,439,459,454,452,481,459
2022-10-25 03:00:00,492,437,461,454,452,480,459
2022-10-25 04:00:00,493,436,459,455,452,481,460
2022-10-25 05:00:00,494,436,460,453,452,482,461
2022-10-25 06:00:00,501,439,462,457,458,490,467
2022-10-25 07:00:00,527,486,489,484,475,508,495
2022-10-25 08:00:00,538,481,496,496,483,517,496
2022-10-25 09:00:00,548,481,518,524,490,533,516
2022-10-25 10:00:00,538,473,509,502,491,531,505
2022-10-25 11:00:00,535,464,498,497,489,523,493
2022-10-25 12:00:00,506,444,473,469,476,498,469
2022-10-25 13:00:00,505,443,474,473,471,494,470
2022-10-25 14:00:00,507,444,470,472,467,499,476
2022-10-25 15:00:00,509,441,463,466,463,492,470
2022-10-25 16:00:00,515,437,473,481,468,490,466
2022-10-25 17:00:00,523,442,481,491,465,493,472
2022-10-25 18:00:00,527,439,480,491,462,491,467
2022-10-25 19:00:00,520,441,479,488,461,491,465
2022-10-25 20:00:00,513,437,474,480,458,492,466
2022-10-25 21:00:00,512,434,470,475,454,488,462
2022-10-25 22:00:00,514,440,478,478,453,487,462
2022-10-25 23:00:00,514,439,471,469,452,486,462
2022-10-26 00:00:00,508,442,474,472,453,489,463
2022-10-26 01:00:00,507,449,472,463,458,492,467
2022-10-26 02:00:00,504,450,469,463,463,494,465
2022-10-26 03:00:00,506,451,468,460,459,487,460
2022-10-26 04:00:00,515,462,478,469,460,491,460
2022-10-26 05:00:00,518,456,479,471,469,499,460
2022-10-26 06:00:00,522,467,485,479,469,500,464
2022-10-26 07:00:00,538,474,484,481,460,500,465
2022-10-26 08:00:00,541,498,517,497,469,513,472
2022-10-26 09:00:00,550,485,530,526,470,513,473
2022-10-26 10:00:00,552,484,508,520,472,512,485
2022-10-26 11:00:00,522,447,475,477,464,505,468
2022-10-26 12:00:00,501,446,472,472,469,495,469
2022-10-26 13:00:00,506,456,483,467,480,498,469
2022-10-26 14:00:00,528,468,502,482,496,511,484
2022-10-26 15:00:00,522,459,488,467,487,504,474
2022-10-26 16:00:00,526,457,486,465,482,503,472
2022-10-26 17:00:00,519,457,486,463,475,502,468
2022-10-26 18:00:00,518,458,487,461,473,499,469
2022-10-26 19:00:00,521,464,496,478,472,500,473
2022-10-26 20:00:00,503,434,481,470,457,483,463
2022-10-26 21:00:00,494,428,473,461,450,475,459
2022-10-26 22:00:00,482,424,458,451,442,467,452
2022-10-26 23:00:00,481,427,457,451,444,468,452
2022-10-27 00:00:00,482,427,454,449,445,469,455
2022-10-27 01:00:00,470,424,447,440,438,461,447
2022-10-27 02:00:00,471,425,445,441,439,461,448
2022-10-27 03:00:00,469,425,445,440,438,461,445
2022-10-27 04:00:00,465,423,440,436,434,457,441
2022-10-27 05:00:00,471,424,444,439,437,459,445
2022-10-27 06:00:00,475,427,447,442,442,462,448
2022-10-27 07:00:00,476,437,452,446,447,461,453
2022-10-27 08:00:00,485,451,467,457,462,468,462
2022-10-27 09:00:00,497,464,478,471,480,479,477
2022-10-27 10:00:00,489,442,470,465,465,486,465
2022-10-27 11:00:00,490,435,474,461,458,475,465
2022-10-27 12:00:00,485,436,467,463,453,469,460
2022-10-27 13:00:00,479,431,458,452,448,468,462
2022-10-27 14:00:00,475,430,456,449,444,464,458
2022-10-27 15:00:00,481,427,459,454,444,462,457
2022-10-27 16:00:00,488,431,465,457,449,465,464
2022-10-27 17:00:00,486,437,464,464,455,466,473
2022-10-27 18:00:00,481,448,471,472,455,468,472
2022-10-27 19:00:00,495,461,491,489,474,475,493
2022-10-27 20:00:00,504,470,489,477,482,485,480
2022-10-27 21:00:00,514,463,485,473,486,494,479
2022-10-27 22:00:00,506,460,479,473,466,491,468
2022-10-27 23:00:00,510,462,482,478,465,486,476
2022-10-28 00:00:00,513,461,475,470,483,493,505
2022-10-28 01:00:00,520,465,478,472,478,489,504
2022-10-28 02:00:00,517,465,475,469,486,494,493
2022-10-28 03:00:00,522,467,475,472,489,501,483
2022-10-28 04:00:00,519,460,472,467,498,514,470
2022-10-28 05:00:00,514,457,469,464,525,531,468
2022-10-28 06:00:00,522,463,473,469,502,523,475
2022-10-28 07:00:00,534,484,486,482,540,533,480
2022-10-28 08:00:00,548,486,495,499,485,535,476
2022-10-28 09:00:00,550,470,497,506,484,503,483
2022-10-28 10:00:00,537,462,492,499,483,505,483
2022-10-28 11:00:00,497,436,457,452,459,480,456
2022-10-28 12:00:00,488,428,454,453,452,470,450
2022-10-28 13:00:00,492,429,459,458,456,471,452
2022-10-28 14:00:00,491,429,458,456,449,468,451
2022-10-28 15:00:00,492,431,454,453,448,470,451
2022-10-28 16:00:00,498,428,461,460,451,469,450
2022-10-28 17:00:00,500,427,458,463,447,467,450
2022-10-28 18:00:00,511,431,463,469,454,471,452
2022-10-28 19:00:00,512,439,468,483,456,474,457
2022-10-28 20:00:00,498,455,481,488,458,483,464
2022-10-28 21:00:00,503,452,483,488,464,505,464
2022-10-28 22:00:00,527,491,494,486,509,520,464
2022-10-28 23:00:00,562,530,528,496,560,547,461
2022-10-29 00:00:00,550,518,510,490,569,555,462
2022-10-29 01:00:00,568,525,539,525,570,565,503
2022-10-29 02:00:00,573,527,557,542,588,583,490
2022-10-29 03:00:00,586,534,552,542,598,593,567
2022-10-29 04:00:00,566,513,514,511,576,571,589
2022-10-29 05:00:00,573,521,516,510,560,555,591
2022-10-29 06:00:00,587,523,518,512,579,572,599
2022-10-29 07:00:00,580,525,535,524,564,561,586
2022-10-29 08:00:00,624,582,576,565,565,562,603
2022-10-29 09:00:00,649,616,606,586,552,557,601
2022-10-29 10:00:00,620,557,558,547,592,595,563
2022-10-29 11:00:00,573,512,545,537,560,567,545
2022-10-29 12:00:00,523,474,513,481,517,516,493
2022-10-29 13:00:00,504,458,495,465,493,496,476
2022-10-29 14:00:00,492,442,483,458,478,488,472
2022-10-29 15:00:00,494,443,479,459,476,484,466
2022-10-29 16:00:00,492,441,474,457,475,484,467
2022-10-29 17:00:00,504,449,475,474,485,489,462
2022-10-29 18:00:00,511,466,479,491,481,494,471
2022-10-29 19:00:00,524,462,488,500,473,510,475
2022-10-29 20:00:00,538,467,495,497,465,504,474
2022-10-29 21:00:00,529,493,506,500,467,501,475
2022-10-29 22:00:00,532,487,536,516,470,499,485
2022-10-29 23:00:00,529,491,534,519,463,489,468
2022-10-30 00:00:00,565,526,547,513,519,547,460
2022-10-30 01:00:00,561,510,564,537,550,561,466
2022-10-30 02:00:00,570,522,538,530,550,562,505
2022-10-30 03:00:00,576,513,528,521,555,557,547
2022-10-30 04:00:00,562,501,503,499,525,535,556
2022-10-30 05:00:00,555,502,507,499,505,525,559
2022-10-30 06:00:00,597,530,530,520,556,557,563
2022-10-30 07:00:00,601,553,553,548,592,586,544
2022-10-30 08:00:00,597,521,521,510,565,570,480
2022-10-30 09:00:00,560,476,492,489,480,502,483
2022-10-30 10:00:00,540,472,506,507,496,519,504
2022-10-30 11:00:00,544,484,522,521,510,528,515
2022-10-30 12:00:00,537,485,518,514,531,541,528
2022-10-30 13:00:00,544,484,512,505,515,519,505
2022-10-30 14:00:00,527,473,497,498,497,517,504
2022-10-30 15:00:00,511,450,476,477,467,487,474
2022-10-30 16:00:00,498,439,469,467,464,486,469
2022-10-30 17:00:00,506,447,469,472,466,485,463
2022-10-30 18:00:00,504,442,466,479,460,493,477
2022-10-30 19:00:00,520,458,480,487,464,497,479
2022-10-30 20:00:00,522,464,487,491,470,504,482
2022-10-30 21:00:00,516,477,496,485,461,488,471
2022-10-30 22:00:00,541,490,518,504,482,507,475
2022-10-30 23:00:00,562,513,546,539,538,543,532
2022-10-31 00:00:00,584,536,554,532,560,557,567
2022-10-31 01:00:00,612,562,559,550,550,551,572
2022-10-31 02:00:00,632,579,574,567,573,578,569
2022-10-31 03:00:00,604,555,551,545,563,574,591
2022-10-31 04:00:00,587,531,537,531,528,544,589
2022-10-31 05:00:00,572,516,546,542,530,545,523
2022-10-31 06:00:00,584,524,548,544,505,527,492
2022-10-31 07:00:00,566,517,533,529,490,513,489
2022-10-31 08:00:00,584,524,558,549,498,519,506
2022-10-31 09:00:00,588,542,563,557,509,524,496
2022-10-31 10:00:00,591,548,571,561,573,587,533
2022-10-31 11:00:00,595,541,562,549,546,571,542
2022-10-31 12:00:00,566,489,519,526,519,541,522
2022-10-31 13:00:00,531,466,497,499,486,512,492
2022-10-31 14:00:00,536,458,487,495,483,505,488
2022-10-31 15:00:00,531,453,490,494,486,503,487
2022-10-31 16:00:00,538,452,482,491,483,503,482
2022-10-31 17:00:00,533,455,495,490,478,498,478
2022-10-31 18:00:00,542,454,493,498,480,509,484
2022-10-31 19:00:00,525,463,497,501,471,499,482
2022-10-31 20:00:00,526,472,507,507,478,504,489
2022-10-31 21:00:00,536,478,517,514,486,517,510
2022-10-31 22:00:00,544,476,523,515,493,523,530
2022-10-31 23:00:00,546,485,519,512,511,534,518
2022-11-01 00:00:00,560,492,523,519,519,541,532
2022-11-01 01:00:00,572,504,534,529,523,545,534
2022-11-01 02:00:00,587,516,528,517,506,531,522
2022-11-01 03:00:00,592,523,528,518,505,532,526
2022-11-01 04:00:00,571,497,524,513,489,515,510
2022-11-01 05:00:00,565,488,515,504,498,525,514
2022-11-01 06:00:00,579,505,522,512,514,535,522
2022-11-01 07:00:00,598,531,560,552,537,550,529
2022-11-01 08:00:00,620,573,606,600,569,579,556
2022-11-01 09:00:00,651,583,627,634,590,591,583
2022-11-01 10:00:00,619,538,621,610,584,594,574
2022-11-01 11:00:00,580,500,570,548,528,543,540
2022-11-01 12:00:00,544,487,528,522,517,528,525
2022-11-01 13:00:00,537,469,520,512,497,512,510
2022-11-01 14:00:00,515,452,490,490,470,494,483
2022-11-01 15:00:00,505,444,489,485,464,485,472
2022-11-01 16:00:00,533,470,512,491,504,518,472
2022-11-01 17:00:00,532,477,518,485,510,522,472
2022-11-01 18:00:00,550,482,522,494,504,515,472
2022-11-01 19:00:00,577,473,537,521,500,510,472
2022-11-01 20:00:00,557,468,532,568,502,512,472
2022-11-01 21:00:00,554,481,536,542,507,525,472
2022-11-01 22:00:00,528,464,502,515,480,498,472
2022-11-01 23:00:00,526,461,501,510,490,504,472
2022-11-02 00:00:00,543,489,518,507,501,517,472
2022-11-02 01:00:00,564,511,527,517,476,496,472
2022-11-02 02:00:00,564,501,525,521,482,501,472
2022-11-02 03:00:00,567,500,546,540,487,504,472
2022-11-02 04:00:00,578,517,556,552,498,520,472
2022-11-02 05:00:00,535,472,558,540,496,512,472
2022-11-02 06:00:00,557,494,550,533,515,514,472
2022-11-02 07:00:00,587,548,582,546,543,536,472
2022-11-02 08:00:00,644,611,655,621,632,605,472
2022-11-02 09:00:00,722,699,734,666,733,691,472
2022-11-02 10:00:00,670,620,618,614,613,635,472
2022-11-02 11:00:00,610,558,587,582,570,596,472
2022-11-02 12:00:00,569,519,546,543,553,573,472
2022-11-02 13:00:00,553,489,517,519,519,548,472
2022-11-02 14:00:00,536,473,496,505,500,522,472
2022-11-02 15:00:00,534,467,493,496,489,514,472
2022-11-02 16:00:00,550,469,502,501,500,517,472
2022-11-02 17:00:00,551,463,499,507,490,514,472
2022-11-02 18:00:00,565,471,513,519,500,517,472
2022-11-02 19:00:00,573,495,521,530,512,543,472
2022-11-02 20:00:00,567,505,535,520,524,548,472
2022-11-02 21:00:00,561,491,528,526,525,555,472
2022-11-02 22:00:00,548,479,506,503,507,529,472
2022-11-02 23:00:00,537,466,494,496,495,518,472
2022-11-03 00:00:00,531,465,494,490,494,515,472
2022-11-03 01:00:00,528,466,490,487,490,511,472
2022-11-03 02:00:00,534,468,496,488,491,513,472
2022-11-03 03:00:00,535,469,495,492,496,518,472
2022-11-03 04:00:00,535,466,494,489,497,522,472
2022-11-03 05:00:00,554,486,511,506,515,536,472
2022-11-03 06:00:00,554,486,513,504,510,528,472
2022-11-03 07:00:00,554,483,515,509,509,527,472
2022-11-03 08:00:00,562,504,540,517,528,543,472
2022-11-03 09:00:00,582,510,560,530,541,552,472
2022-11-03 10:00:00,582,506,561,545,537,558,472
2022-11-03 11:00:00,570,503,550,527,537,552,472
2022-11-03 12:00:00,556,493,529,517,524,544,472
2022-11-03 13:00:00,534,477,512,499,512,530,472
2022-11-03 14:00:00,547,489,533,514,531,539,472
2022-11-03 15:00:00,560,502,537,526,536,548,472
2022-11-03 16:00:00,566,499,534,528,540,546,472
2022-11-03 17:00:00,563,500,536,528,537,538,472
2022-11-03 18:00:00,581,506,538,537,534,550,472
2022-11-03 19:00:00,568,510,555,535,535,544,472
2022-11-03 20:00:00,597,557,585,564,551,560,472
2022-11-03 21:00:00,598,530,563,561,567,591,472
2022-11-03 22:00:00,553,473,505,507,512,544,472
2022-11-03 23:00:00,548,470,497,500,508,532,472
2022-11-04 00:00:00,542,468,495,497,503,526,472
2022-11-04 01:00:00,544,474,499,497,504,536,472
2022-11-04 02:00:00,549,482,507,500,512,536,472
2022-11-04 03:00:00,547,478,509,506,508,533,472
2022-11-04 04:00:00,550,480,506,503,508,531,472
2022-11-04 05:00:00,548,474,498,498,502,528,472
2022-11-04 06:00:00,552,477,504,502,508,533,472
2022-11-04 07:00:00,561,490,528,527,518,544,472
2022-11-04 08:00:00,588,525,557,538,552,562,472
2022-11-04 09:00:00,613,558,582,573,595,603,472
2022-11-04 10:00:00,618,559,576,574,600,620,472
2022-11-04 11:00:00,574,508,539,533,526,552,472
2022-11-04 12:00:00,524,475,507,485,498,516,472
2022-11-04 13:00:00,526,466,499,481,497,511,472
2022-11-04 14:00:00,517,465,495,478,489,504,472
2022-11-04 15:00:00,517,463,490,479,488,501,472
2022-11-04 16:00:00,517,462,492,474,481,502,472
2022-11-04 17:00:00,515,458,488,472,474,497,472
2022-11-04 18:00:00,514,456,483,464,470,495,472
2022-11-04 19:00:00,512,458,494,463,474,498,472
2022-11-04 20:00:00,508,467,506,473,483,498,472
2022-11-04 21:00:00,523,478,498,474,478,503,472
2022-11-04 22:00:00,522,492,485,468,469,494,472
2022-11-04 23:00:00,510,462,489,466,464,489,472
2022-11-05 00:00:00,501,455,485,466,460,487,472
2022-11-05 01:00:00,499,448,472,457,456,484,472
2022-11-05 02:00:00,493,446,472,456,452,481,472
2022-11-05 03:00:00,494,442,470,456,453,482,472
2022-11-05 04:00:00,493,442,467,457,452,481,472
2022-11-05 05:00:00,489,438,462,453,450,478,472
2022-11-05 06:00:00,485,435,462,452,447,476,472
2022-11-05 07:00:00,483,433,460,449,447,476,472
2022-11-05 08:00:00,484,436,461,448,446,478,472
2022-11-05 09:00:00,488,446,466,451,447,480,472
2022-11-05 10:00:00,489,444,475,457,453,480,472
2022-11-05 11:00:00,488,440,473,454,458,481,472
2022-11-05 12:00:00,487,439,474,454,463,488,472
2022-11-05 13:00:00,485,437,470,456,462,489,472
2022-11-05 14:00:00,489,434,466,452,462,487,472
2022-11-05 15:00:00,482,432,463,451,456,484,472
2022-11-05 16:00:00,480,433,461,447,456,482,472
2022-11-05 17:00:00,477,426,461,445,446,480,472
2022-11-05 18:00:00,480,429,460,446,457,484,472
2022-11-05 19:00:00,476,422,451,446,446,480,472
2022-11-05 20:00:00,478,419,448,443,441,483,472
2022-11-05 21:00:00,471,419,446,440,440,482,472
2022-11-05 22:00:00,471,421,447,440,438,480,472
2022-11-05 23:00:00,470,420,450,436,441,476,472
2022-11-06 00:00:00,468,421,448,437,436,474,472
2022-11-06 01:00:00,477,430,452,439,442,479,472
2022-11-06 01:00:00,486,428,457,445,446,481,472
2022-11-06 02:00:00,489,431,459,446,443,479,472
2022-11-06 03:00:00,492,435,459,448,443,478,472
2022-11-06 04:00:00,484,432,453,452,439,476,472
2022-11-06 05:00:00,478,428,448,439,433,469,472
2022-11-06 06:00:00,466,419,444,435,429,465,472
2022-11-06 07:00:00,470,422,450,439,434,468,472
2022-11-06 08:00:00,474,421,455,443,437,470,472
2022-11-06 09:00:00,473,422,461,442,435,468,472
2022-11-06 10:00:00,474,422,460,438,433,468,472
2022-11-06 11:00:00,476,425,461,438,437,469,472
2022-11-06 12:00:00,476,423,463,439,439,471,472
2022-11-06 13:00:00,477,430,463,443,449,478,472
2022-11-06 14:00:00,477,429,460,442,451,477,472
2022-11-06 15:00:00,487,436,463,443,452,482,472
2022-11-06 16:00:00,488,447,464,444,454,481,472
2022-11-06 17:00:00,489,438,465,441,445,476,472
2022-11-06 18:00:00,487,430,463,438,441,474,472
2022-11-06 19:00:00,483,426,461,441,440,472,472
2022-11-06 20:00:00,482,430,465,444,441,473,472
2022-11-06 21:00:00,485,431,465,447,443,474,472
2022-11-06 22:00:00,480,426,465,449,446,473,472
2022-11-06 23:00:00,477,424,458,444,442,472,472
2022-11-07 00:00:00,484,436,465,453,442,474,472
2022-11-07 01:00:00,487,439,466,455,446,477,472
2022-11-07 02:00:00,483,434,466,455,449,480,472
2022-11-07 03:00:00,479,433,465,455,444,474,472
2022-11-07 04:00:00,474,428,453,444,437,467,472
2022-11-07 05:00:00,474,431,450,444,437,467,472
2022-11-07 06:00:00,477,427,452,445,440,468,472
2022-11-07 07:00:00,483,432,465,451,444,470,472
2022-11-07 08:00:00,494,436,480,457,452,478,472
2022-11-07 09:00:00,485,431,479,460,444,471,472
2022-11-07 10:00:00,477,424,468,450,437,462,472
2022-11-07 11:00:00,469,419,458,446,433,457,472
2022-11-07 12:00:00,470,420,457,442,434,458,472
2022-11-07 13:00:00,470,418,457,443,432,455,472
2022-11-07 14:00:00,475,419,457,448,435,455,472
2022-11-07 15:00:00,473,425,460,446,436,458,472
2022-11-07 16:00:00,482,425,465,458,442,460,472
2022-11-07 17:00:00,489,434,470,459,446,465,472
2022-11-07 18:00:00,494,433,475,469,447,465,472
2022-11-07 19:00:00,496,434,474,467,450,470,472
2022-11-07 20:00:00,496,440,477,462,457,479,472
2022-11-07 21:00:00,496,444,480,467,460,483,472
2022-11-07 22:00:00,495,448,476,467,459,479,472
2022-11-07 23:00:00,497,446,476,466,460,478,472
2022-11-08 00:00:00,496,446,470,465,462,480,472
2022-11-08 01:00:00,499,450,470,464,464,482,472
2022-11-08 02:00:00,498,447,469,460,460,480,472
2022-11-08 03:00:00,497,445,466,459,460,479,472
2022-11-08 04:00:00,498,445,468,458,459,479,472
2022-11-08 05:00:00,501,449,470,461,465,483,472
2022-11-08 06:00:00,512,457,474,467,479,494,472
2022-11-08 07:00:00,513,466,478,470,487,495,472
2022-11-08 08:00:00,522,489,500,490,488,500,472
2022-11-08 09:00:00,516,471,492,499,490,507,472
2022-11-08 10:00:00,501,457,475,476,471,490,472
2022-11-08 11:00:00,486,445,468,459,459,480,472
2022-11-08 12:00:00,481,438,463,456,450,471,472
2022-11-08 13:00:00,479,438,459,457,449,469,472
2022-11-08 14:00:00,483,436,457,455,454,469,472
2022-11-08 15:00:00,492,439,461,455,455,470,472
2022-11-08 16:00:00,510,441,464,465,463,482,472
2022-11-08 17:00:00,518,445,471,468,468,485,472
2022-11-08 18:00:00,531,452,481,487,471,488,472
2022-11-08 19:00:00,529,463,511,493,469,492,472
2022-11-08 20:00:00,524,467,501,491,467,493,472
2022-11-08 21:00:00,527,457,498,495,463,488,472
2022-11-08 22:00:00,524,473,482,481,468,503,472
2022-11-08 23:00:00,532,471,481,480,476,503,472
2022-11-09 00:00:00,500,444,461,458,492,508,472
2022-11-09 01:00:00,491,439,455,451,454,478,472
2022-11-09 02:00:00,484,435,451,446,450,474,472
2022-11-09 03:00:00,479,433,451,444,448,468,472
2022-11-09 04:00:00,483,432,451,445,449,468,472
2022-11-09 05:00:00,483,436,454,448,450,470,472
2022-11-09 06:00:00,484,434,454,448,451,470,472
2022-11-09 07:00:00,490,436,458,451,449,469,472
2022-11-09 08:00:00,499,440,459,456,452,473,472
2022-11-09 09:00:00,506,434,465,460,457,475,472
2022-11-09 10:00:00,497,433,459,455,454,475,472
2022-11-09 11:00:00,491,431,462,457,455,478,472
2022-11-09 12:00:00,495,432,462,452,460,476,472
2022-11-09 13:00:00,495,435,459,459,464,479,472
2022-11-09 14:00:00,497,445,465,463,463,481,472
2022-11-09 15:00:00,498,441,467,465,469,477,472
2022-11-09 16:00:00,518,448,467,473,470,499,472
2022-11-09 17:00:00,533,449,471,485,473,482,472
2022-11-09 18:00:00,544,462,488,501,476,495,472
2022-11-09 19:00:00,534,471,497,499,466,498,472
2022-11-09 20:00:00,528,464,493,500,478,514,472
2022-11-09 21:00:00,519,467,494,480,474,510,472
2022-11-09 22:00:00,519,475,513,518,488,497,472
2022-11-09 23:00:00,542,494,539,528,460,473,472
2022-11-10 00:00:00,560,504,548,539,455,475,472
2022-11-10 01:00:00,560,506,518,519,451,473,472
2022-11-10 02:00:00,528,479,473,463,450,473,472
2022-11-10 03:00:00,502,452,461,451,443,465,472
2022-11-10 04:00:00,487,443,461,449,440,464,472
2022-11-10 05:00:00,497,452,470,457,444,467,472
2022-11-10 06:00:00,519,469,470,457,449,470,472
2022-11-10 07:00:00,524,473,475,460,451,472,472
2022-11-10 08:00:00,515,475,492,461,455,477,472
2022-11-10 09:00:00,519,462,495,464,463,485,472
2022-11-10 10:00:00,507,450,484,455,460,480,472
2022-11-10 11:00:00,495,441,473,450,459,476,472
2022-11-10 12:00:00,492,439,470,446,459,473,472
2022-11-10 13:00:00,485,437,468,443,459,472,472
2022-11-10 14:00:00,488,437,468,448,457,473,472
2022-11-10 15:00:00,491,438,469,446,457,472,472
2022-11-10 16:00:00,496,442,475,447,463,477,472
2022-11-10 17:00:00,499,445,474,449,455,474,472
2022-11-10 18:00:00,505,450,480,448,456,476,472
2022-11-10 19:00:00,509,479,483,454,459,479,472
2022-11-10 20:00:00,517,491,491,462,460,479,472
2022-11-10 21:00:00,518,490,488,464,450,474,472
2022-11-10 22:00:00,505,473,481,460,450,473,472
2022-11-10 23:00:00,487,444,462,445,443,469,472
2022-11-11 00:00:00,482,437,458,444,441,469,472
2022-11-11 01:00:00,484,436,459,445,440,469,472
2022-11-11 02:00:00,485,436,456,444,439,469,472
2022-11-11 03:00:00,493,447,453,443,437,464,472
2022-11-11 04:00:00,495,447,454,441,433,463,472
2022-11-11 05:00:00,478,433,457,441,433,462,472
2022-11-11 06:00:00,480,435,455,445,439,468,472
2022-11-11 07:00:00,510,462,474,474,456,481,472
2022-11-11 08:00:00,519,479,497,501,476,517,472
2022-11-11 09:00:00,526,472,501,511,495,534,472
2022-11-11 10:00:00,514,475,491,493,487,523,472
2022-11-11 11:00:00,515,453,482,477,475,517,472
2022-11-11 12:00:00,499,446,471,472,464,501,472
2022-11-11 13:00:00,503,451,492,487,464,500,472
2022-11-11 14:00:00,533,454,503,507,478,513,472
2022-11-11 15:00:00,532,457,493,497,474,510,472
2022-11-11 16:00:00,536,440,480,494,463,499,472
2022-11-11 17:00:00,527,449,486,514,461,504,472
2022-11-11 18:00:00,547,469,512,515,475,525,472
2022-11-11 19:00:00,545,454,510,512,476,528,472
2022-11-11 20:00:00,551,469,527,513,510,541,472
2022-11-11 21:00:00,558,465,527,505,508,531,472
2022-11-11 22:00:00,527,448,494,477,479,507,472
2022-11-11 23:00:00,525,446,497,479,480,506,472
2022-11-12 00:00:00,504,436,473,461,457,486,472
2022-11-12 01:00:00,498,431,467,456,455,483,472
2022-11-12 02:00:00,488,431,460,453,451,478,472
2022-11-12 03:00:00,486,430,458,449,447,474,472
2022-11-12 04:00:00,479,422,449,443,440,466,472
2022-11-12 05:00:00,482,427,453,445,443,469,472
2022-11-12 06:00:00,481,426,454,446,444,468,472
2022-11-12 07:00:00,488,430,458,452,447,470,472
2022-11-12 08:00:00,489,433,464,452,452,475,472
2022-11-12 09:00:00,485,432,466,448,448,471,472
2022-11-12 10:00:00,486,430,470,449,446,469,472
2022-11-12 11:00:00,486,430,475,449,445,466,472
2022-11-12 12:00:00,483,425,475,455,444,466,472
2022-11-12 13:00:00,481,424,470,456,443,463,472
2022-11-12 14:00:00,484,423,472,454,443,463,472
2022-11-12 15:00:00,485,426,471,454,446,465,472
2022-11-12 16:00:00,488,422,473,461,447,465,472
2022-11-12 17:00:00,489,428,477,463,447,467,472
2022-11-12 18:00:00,496,432,482,463,458,474,472
2022-11-12 19:00:00,504,437,485,456,464,484,472
2022-11-12 20:00:00,504,440,480,455,465,485,472
2022-11-12 21:00:00,503,439,475,457,464,482,472
2022-11-12 22:00:00,500,440,472,454,461,480,472
2022-11-12 23:00:00,498,437,470,456,460,476,472
2022-11-13 00:00:00,494,435,467,458,454,469,472
2022-11-13 01:00:00,493,434,461,456,452,467,472
2022-11-13 02:00:00,489,433,459,450,450,464,472
2022-11-13 03:00:00,487,432,457,449,450,466,472
2022-11-13 04:00:00,485,432,456,447,450,466,472
2022-11-13 05:00:00,485,432,455,446,449,464,472
2022-11-13 06:00:00,485,431,455,445,448,464,472
2022-11-13 07:00:00,490,435,455,448,453,467,472
2022-11-13 08:00:00,490,434,458,448,457,468,472
2022-11-13 09:00:00,492,435,460,451,454,467,472
2022-11-13 10:00:00,484,431,457,446,452,464,472
2022-11-13 11:00:00,487,433,463,455,449,462,472
2022-11-13 12:00:00,484,431,465,452,448,460,472
2022-11-13 13:00:00,486,427,466,451,448,462,472
2022-11-13 14:00:00,482,424,463,452,445,458,472
2022-11-13 15:00:00,480,423,466,451,444,457,472
2022-11-13 16:00:00,481,426,462,448,443,453,472
2022-11-13 17:00:00,485,433,465,452,451,458,472
2022-11-13 18:00:00,493,430,471,464,449,459,472
2022-11-13 19:00:00,490,430,466,457,449,457,472
2022-11-13 20:00:00,494,432,465,455,451,459,472
2022-11-13 21:00:00,491,434,468,458,451,459,472
2022-11-13 22:00:00,491,437,464,456,451,459,472
2022-11-13 23:00:00,489,435,461,455,451,458,472
2022-11-14 00:00:00,489,438,462,453,452,460,472
2022-11-14 01:00:00,493,443,469,460,457,466,472
2022-11-14 02:00:00,496,441,467,460,455,464,472
2022-11-14 03:00:00,493,447,467,460,453,460,472
2022-11-14 04:00:00,506,447,468,462,459,467,472
2022-11-14 05:00:00,499,441,470,468,454,462,472
2022-11-14 06:00:00,493,436,465,456,453,459,472
2022-11-14 07:00:00,502,439,472,461,457,460,472
2022-11-14 08:00:00,511,449,490,476,466,466,472
2022-11-14 09:00:00,518,451,513,492,472,470,472
2022-11-14 10:00:00,506,447,485,473,465,468,472
2022-11-14 11:00:00,491,433,470,457,451,460,472
2022-11-14 12:00:00,488,435,467,458,449,459,472
2022-11-14 13:00:00,488,434,462,452,449,455,472
2022-11-14 14:00:00,489,430,462,457,447,454,472
2022-11-14 15:00:00,490,432,468,461,449,454,472
2022-11-14 16:00:00,500,442,476,476,451,459,472
2022-11-14 17:00:00,492,447,477,476,457,459,472
2022-11-14 18:00:00,492,451,478,482,471,466,472
2022-11-14 19:00:00,493,452,477,470,468,472,472
2022-11-14 20:00:00,496,450,474,471,461,472,472
2022-11-14 21:00:00,511,461,482,478,469,482,472
2022-11-14 22:00:00,521,467,485,481,472,480,472
2022-11-14 23:00:00,540,481,496,499,483,487,472
2022-11-15 00:00:00,538,482,492,488,490,494,472
2022-11-15 01:00:00,544,485,491,490,498,496,472
2022-11-15 02:00:00,547,484,498,496,492,495,472
2022-11-15 03:00:00,533,474,491,486,483,489,472
2022-11-15 04:00:00,522,465,479,472,470,480,472
2022-11-15 05:00:00,506,450,465,459,460,468,472
2022-11-15 06:00:00,508,450,463,458,460,469,472
2022-11-15 07:00:00,509,454,468,463,462,471,472
2022-11-15 08:00:00,507,449,472,472,462,472,472
2022-11-15 09:00:00,513,459,477,480,466,477,472
2022-11-15 10:00:00,507,455,477,478,467,478,472
2022-11-15 11:00:00,501,446,468,469,461,471,472
2022-11-15 12:00:00,498,443,468,468,459,469,472
2022-11-15 13:00:00,505,450,472,470,465,476,472
2022-11-15 14:00:00,506,455,475,477,464,475,472
2022-11-15 15:00:00,509,445,470,471,464,475,472
2022-11-15 16:00:00,522,445,471,479,466,477,472
2022-11-15 17:00:00,517,443,471,477,462,472,472
2022-11-15 18:00:00,511,441,467,466,459,469,472
2022-11-15 19:00:00,506,442,467,470,457,467,472
2022-11-15 20:00:00,495,438,461,460,456,466,472
2022-11-15 21:00:00,493,436,456,453,452,463,472
2022-11-15 22:00:00,496,436,460,455,454,465,472
2022-11-15 23:00:00,498,436,462,457,456,468,472
2022-11-16 00:00:00,499,435,461,455,456,468,472
2022-11-16 01:00:00,500,436,460,453,457,469,472
2022-11-16 02:00:00,498,432,459,451,455,467,472
2022-11-16 03:00:00,499,436,459,451,456,467,472
2022-11-16 04:00:00,499,438,462,453,456,467,472
2022-11-16 05:00:00,502,439,463,456,456,467,472
2022-11-16 06:00:00,505,440,462,456,459,469,472
2022-11-16 07:00:00,510,448,470,467,462,476,472
2022-11-16 08:00:00,524,469,485,478,468,489,472
2022-11-16 09:00:00,528,482,494,487,493,489,472
2022-11-16 10:00:00,524,484,503,495,498,491,472
2022-11-16 11:00:00,529,467,500,506,495,493,472
2022-11-16 12:00:00,538,471,509,500,492,492,472
2022-11-16 13:00:00,536,468,516,508,494,495,472
2022-11-16 14:00:00,520,451,493,485,473,475,472
2022-11-16 15:00:00,512,449,494,482,467,469,472
2022-11-16 16:00:00,521,445,491,495,470,471,472
2022-11-16 17:00:00,527,465,511,504,484,480,472
2022-11-16 18:00:00,536,479,530,512,508,499,472
2022-11-16 19:00:00,564,510,543,547,493,507,472
2022-11-16 20:00:00,586,539,569,553,551,551,472
2022-11-16 21:00:00,633,587,581,562,540,544,472
2022-11-16 22:00:00,568,495,564,562,519,514,472
2022-11-16 23:00:00,534,468,502,498,486,485,472
2022-11-17 00:00:00,513,453,485,479,470,469,472
2022-11-17 01:00:00,511,451,476,470,467,469,472
2022-11-17 02:00:00,506,447,472,464,461,466,472
2022-11-17 03:00:00,514,453,476,469,466,472,472
2022-11-17 04:00:00,519,457,485,479,472,476,472
2022-11-17 05:00:00,527,463,486,483,477,482,472
2022-11-17 06:00:00,505,444,467,461,456,459,472
2022-11-17 07:00:00,500,438,470,458,452,453,472
2022-11-17 08:00:00,508,440,481,468,455,454,472
2022-11-17 09:00:00,508,441,483,468,454,452,472
2022-11-17 10:00:00,498,437,477,463,453,451,472
2022-11-17 11:00:00,494,435,474,460,449,450,472
2022-11-17 12:00:00,490,436,470,456,447,449,472
2022-11-17 13:00:00,489,431,470,458,445,447,472
2022-11-17 14:00:00,487,432,468,458,445,448,472
2022-11-17 15:00:00,487,429,469,460,445,448,472
2022-11-17 16:00:00,499,434,480,476,451,452,472
2022-11-17 17:00:00,511,442,491,486,461,459,472
2022-11-17 18:00:00,516,446,496,474,461,467,472
2022-11-17 19:00:00,519,444,478,457,461,470,472
2022-11-17 20:00:00,510,445,482,461,463,468,472
2022-11-17 21:00:00,515,457,479,461,469,473,472
2022-11-17 22:00:00,508,447,472,457,460,466,472
2022-11-17 23:00:00,506,444,471,456,458,465,472
2022-11-18 00:00:00,498,442,462,452,455,459,472
2022-11-18 01:00:00,491,436,456,449,448,453,472
2022-11-18 02:00:00,491,438,454,447,449,452,472
2022-11-18 03:00:00,490,436,455,449,447,450,472
2022-11-18 04:00:00,493,438,456,449,448,452,472
2022-11-18 05:00:00,494,438,459,451,449,451,472
2022-11-18 06:00:00,497,441,463,455,452,455,472
2022-11-18 07:00:00,501,443,472,457,456,458,472
2022-11-18 08:00:00,512,448,488,472,462,462,472
2022-11-18 09:00:00,514,448,494,471,464,465,472
2022-11-18 09:56:15,504,444,484,460,457,461,472

