"Time","Elevation {DeviceID=""AirSENCE-0322068B40233"", name=""Pollutant""}","Elevation {DeviceID=""AirSENCE-032206C140232"", name=""Pollutant""}","Elevation {DeviceID=""AirSENCE-0322223F40230"", name=""Pollutant""}","Elevation {DeviceID=""AirSENCE-032223EF40231"", name=""Pollutant""}","Elevation {DeviceID=""AirSENCE-1021BFD040215"", name=""Pollutant""}","Elevation {DeviceID=""AirSENCE-1021C46E40217"", name=""Pollutant""}","Elevation {DeviceID=""AirSENCE-1021C53740216"", name=""Pollutant""}","Elevation {DeviceID=""AirSENCE-1021C65A40214"", name=""Pollutant""}","Elevation {DeviceID=""AirSENCE-1021C6C640218"", name=""Pollutant""}","Elevation {DeviceID=""AirSENCE-1021C73840220"", name=""Pollutant""}"
2022-10-09 11:00:00,177,171,173,189,186,176,187,189,178,194
2022-10-09 12:00:00,169,158,178,186,196,186,179,185,165,202
2022-10-09 13:00:00,167,161,190,178,189,181,186,170,187,212
2022-10-09 14:00:00,156,156,171,193,180,183,176,174,191,180
2022-10-09 15:00:00,167,162,176,183,188,185,178,171,180,195
2022-10-09 16:00:00,164,167,180,181,181,181,197,189,195,212
2022-10-09 17:00:00,184,169,183,204,201,175,190,183,202,193
2022-10-09 18:00:00,179,176,176,186,201,186,183,183,177,226
2022-10-09 19:00:00,166,178,178,204,201,183,190,192,157,194
2022-10-09 20:00:00,158,152,160,181,183,194,181,218,216,211
2022-10-09 21:00:00,158,145,180,173,190,177,190,186,193,202
2022-10-09 22:00:00,159,163,179,171,204,183,171,156,144,168
2022-10-09 23:00:00,169,168,180,196,200,189,177,167,178,172
2022-10-10 00:00:00,187,160,181,190,199,197,198,195,190,191
2022-10-10 01:00:00,192,174,176,190,189,175,186,151,220,210
2022-10-10 02:00:00,181,174,189,183,184,181,201,187,163,207
2022-10-10 03:00:00,188,176,195,183,211,183,180,182,179,213
2022-10-10 04:00:00,178,173,195,190,235,202,207,205,186,185
2022-10-10 05:00:00,185,159,169,188,192,186,187,175,228,182
2022-10-10 06:00:00,184,176,169,188,208,214,179,166,199,201
2022-10-10 07:00:00,179,179,169,197,200,198,180,179,151,192
2022-10-10 08:00:00,169,169,168,197,184,181,181,193,224,197
2022-10-10 09:00:00,183,173,189,189,173,186,186,182,174,191
2022-10-10 10:00:00,180,183,184,189,202,199,183,194,164,194
2022-10-10 11:00:00,171,168,172,187,192,181,180,175,187,206
2022-10-10 12:00:00,176,153,177,187,196,184,183,197,152,199
2022-10-10 13:00:00,113,162,181,185,181,183,181,174,191,196
2022-10-10 14:00:00,-73.9,152,172,190,180,181,174,170,185,196
2022-10-10 15:00:00,145,152,193,176,190,178,173,169,164,167
2022-10-10 16:00:00,170,159,180,171,207,178,185,170,162,241
2022-10-10 17:00:00,179,182,169,194,193,181,182,183,201,186
2022-10-10 18:00:00,175,174,177,199,187,187,191,199,180,189
2022-10-10 19:00:00,178,177,187,184,188,196,166,179,145,219
2022-10-10 20:00:00,160,152,160,175,187,176,171,179,219,211
2022-10-10 21:00:00,157,155,172,164,188,181,201,185,224,196
2022-10-10 22:00:00,168,167,172,182,206,173,170,184,191,172
2022-10-10 23:00:00,185,176,187,203,194,186,183,167,195,162
2022-10-11 00:00:00,172,154,184,163,199,190,188,190,186,198
2022-10-11 01:00:00,196,171,169,186,184,178,193,168,251,225
2022-10-11 02:00:00,190,180,182,178,192,189,188,194,191,211
2022-10-11 03:00:00,177,171,199,188,199,181,187,188,177,216
2022-10-11 04:00:00,181,179,183,181,206,189,214,202,177,204
2022-10-11 05:00:00,166,156,169,184,195,184,181,164,213,186
2022-10-11 06:00:00,169,169,175,188,206,213,171,182,191,215
2022-10-11 07:00:00,185,166,169,198,199,191,188,169,155,190
2022-10-11 08:00:00,180,159,166,192,202,187,178,175,206,198
2022-10-11 09:00:00,183,173,189,186,202,177,174,186,169,195
2022-10-11 10:00:00,181,167,179,189,206,203,186,232,150,181
2022-10-11 11:00:00,180,167,171,193,179,191,187,178,166,196
2022-10-11 12:00:00,164,145,169,184,186,182,178,197,143,191
2022-10-11 13:00:00,166,155,174,185,192,184,173,183,184,198
2022-10-11 14:00:00,161,155,156,188,192,180,172,164,169,188
2022-10-11 15:00:00,164,162,185,173,176,176,177,171,157,204
2022-10-11 16:00:00,178,160,181,178,203,191,199,171,216,199
2022-10-11 17:00:00,170,177,168,193,189,169,182,167,183,156
2022-10-11 18:00:00,161,168,186,175,172,178,179,197,141,188
2022-10-11 19:00:00,175,189,188,192,205,182,177,205,161,243
2022-10-11 20:00:00,170,168,159,182,189,178,175,186,233,218
2022-10-11 21:00:00,169,162,179,164,183,173,184,174,175,190
2022-10-11 22:00:00,170,172,179,176,201,169,173,162,163,155
2022-10-11 23:00:00,183,169,190,203,191,187,176,180,187,165
2022-10-12 00:00:00,193,163,184,178,198,196,192,186,186,190
2022-10-12 01:00:00,179,182,182,184,185,184,204,178,200,197
2022-10-12 02:00:00,179,174,185,191,191,188,193,241,184,208
2022-10-12 03:00:00,181,169,195,193,203,173,166,187,200,224
2022-10-12 04:00:00,178,170,180,187,203,200,198,181,177,188
2022-10-12 05:00:00,174,171,167,185,196,196,189,181,221,209
2022-10-12 06:00:00,190,169,172,200,192,228,176,197,197,210
2022-10-12 07:00:00,172,170,181,210,183,200,178,174,151,177
2022-10-12 08:00:00,170,159,169,194,216,184,175,187,210,213
2022-10-12 09:00:00,170,173,186,186,213,191,190,181,156,186
2022-10-12 10:00:00,177,165,181,186,198,201,186,208,151,184
2022-10-12 11:00:00,179,167,173,193,187,185,190,169,166,187
2022-10-12 12:00:00,174,165,181,182,194,185,185,187,126,190
2022-10-12 13:00:00,161,173,167,185,179,190,181,173,208,192
2022-10-12 14:00:00,163,148,173,202,181,181,176,163,179,206
2022-10-12 15:00:00,172,164,183,167,192,181,184,167,157,195
2022-10-12 16:00:00,175,164,170,178,195,176,190,175,215,214
2022-10-12 17:00:00,180,173,164,181,194,178,178,187,193,191
2022-10-12 18:00:00,176,175,190,172,212,186,193,193,183,209
2022-10-12 19:00:00,169,189,181,176,194,165,175,181,152,191
2022-10-12 20:00:00,162,171,156,174,187,180,183,187,241,199
2022-10-12 21:00:00,169,160,194,171,174,175,188,187,168,178
2022-10-12 22:00:00,153,185,171,177,215,179,176,193,149,172
2022-10-12 23:00:00,158,175,184,207,182,191,178,172,192,168
2022-10-13 00:00:00,181,160,176,184,205,197,207,192,185,207
2022-10-13 01:00:00,177,170,178,179,191,169,188,150,184,214
2022-10-13 02:00:00,191,168,185,174,189,175,190,158,184,234
2022-10-13 03:00:00,176,182,192,181,195,181,168,198,194,203
2022-10-13 04:00:00,176,164,186,196,204,186,221,210,197,196
2022-10-13 05:00:00,169,176,175,199,192,202,174,188,195,209
2022-10-13 06:00:00,184,174,172,199,197,217,186,185,173,213
2022-10-13 07:00:00,182,167,170,200,198,196,179,153,171,187
2022-10-13 08:00:00,178,159,168,200,196,208,191,168,226,207
2022-10-13 09:00:00,167,181,175,168,183,183,198,183,164,187
2022-10-13 10:00:00,175,171,169,192,195,204,187,211,143,189
2022-10-13 11:00:00,176,173,172,206,193,187,176,176,195,200
2022-10-13 12:00:00,170,146,172,199,195,185,191,192,126,195
2022-10-13 13:00:00,155,161,168,198,202,188,178,185,205,198
2022-10-13 14:00:00,179,162,157,195,174,176,181,176,168,206
2022-10-13 15:00:00,170,150,183,181,180,184,192,184,160,210
2022-10-13 16:00:00,184,167,188,189,191,191,204,193,197,240
2022-10-13 17:00:00,181,183,186,190,188,180,197,169,179,183
2022-10-13 18:00:00,173,188,167,182,207,187,182,172,177,196
2022-10-13 19:00:00,172,175,175,191,199,180,175,190,166,230
2022-10-13 20:00:00,170,181,167,181,190,192,183,199,236,205
2022-10-13 21:00:00,147,192,194,172,182,184,191,175,195,187
2022-10-13 22:00:00,173,175,183,190,184,176,176,181,162,174
2022-10-13 23:00:00,175,168,183,189,164,182,168,182,196,132
2022-10-14 00:00:00,180,160,181,180,193,183,193,191,191,216
2022-10-14 01:00:00,185,181,185,186,192,182,199,173,159,212
2022-10-14 02:00:00,186,174,189,191,197,181,189,195,178,194
2022-10-14 03:00:00,172,174,195,196,200,184,201,194,179,193
2022-10-14 04:00:00,181,169,169,191,206,192,204,196,193,191
2022-10-14 05:00:00,175,163,172,188,188,203,179,156,211,199
2022-10-14 06:00:00,179,164,168,200,197,205,183,172,188,208
2022-10-14 07:00:00,165,171,171,203,196,202,178,180,144,190
2022-10-14 08:00:00,170,169,168,189,184,196,178,191,211,210
2022-10-14 09:00:00,170,175,177,173,183,179,181,173,181,189
2022-10-14 10:00:00,177,166,178,191,210,207,186,182,162,192
2022-10-14 11:00:00,169,170,171,191,179,215,190,196,181,199
2022-10-14 12:00:00,174,143,165,177,184,184,177,186,156,186
2022-10-14 13:00:00,179,153,178,192,181,180,191,206,172,204
2022-10-14 14:00:00,175,165,163,166,195,174,194,183,197,199
2022-10-14 15:00:00,165,167,184,172,190,177,179,178,168,216
2022-10-14 16:00:00,177,172,169,184,195,193,199,176,175,205
2022-10-14 17:00:00,191,184,179,191,206,184,188,176,183,190
2022-10-14 18:00:00,180,175,173,200,220,185,177,195,157,203
2022-10-14 19:00:00,168,176,174,192,189,176,170,185,170,204
2022-10-14 20:00:00,171,166,160,179,202,193,181,197,242,204
2022-10-14 21:00:00,169,171,184,170,174,176,190,181,146,188
2022-10-14 22:00:00,174,174,165,179,192,177,174,147,139,134
2022-10-14 23:00:00,178,173,190,206,207,188,178,170,175,155
2022-10-15 00:00:00,184,161,179,191,199,202,194,192,183,182
2022-10-15 01:00:00,176,176,182,178,193,173,196,173,171,220
2022-10-15 02:00:00,181,168,178,189,199,180,189,244,166,206
2022-10-15 03:00:00,172,178,192,192,212,183,189,185,177,195
2022-10-15 04:00:00,169,156,162,189,204,203,199,192,179,193
2022-10-15 05:00:00,178,162,171,198,213,202,199,156,217,234
2022-10-15 06:00:00,173,179,173,193,203,211,180,186,164,220
2022-10-15 07:00:00,188,177,164,202,199,200,188,183,184,199
2022-10-15 08:00:00,181,189,173,188,173,201,181,205,233,198
2022-10-15 09:00:00,160,179,190,188,186,181,206,189,168,172
2022-10-15 10:00:00,174,168,178,194,192,214,184,191,176,201
2022-10-15 11:00:00,181,167,172,198,171,176,213,201,161,206
2022-10-15 12:00:00,172,163,174,182,192,177,189,179,143,190
2022-10-15 13:00:00,164,163,178,187,188,187,175,168,225,196
2022-10-15 14:00:00,172,154,156,175,199,175,174,176,194,188
2022-10-15 15:00:00,161,151,186,180,196,180,186,186,156,202
2022-10-15 16:00:00,188,167,177,198,198,185,189,175,189,208
2022-10-15 17:00:00,169,187,174,196,200,187,184,186,194,189
2022-10-15 18:00:00,181,176,181,199,219,188,177,191,179,193
2022-10-15 19:00:00,163,167,180,185,184,186,179,186,165,201
2022-10-15 20:00:00,169,173,164,173,213,175,175,176,245,202
2022-10-15 21:00:00,169,160,198,175,201,177,192,197,161,186
2022-10-15 22:00:00,159,173,175,194,220,191,187,195,171,168
2022-10-15 23:00:00,165,167,185,188,206,196,181,168,165,174
2022-10-16 00:00:00,181,159,173,179,205,186,193,187,196,188
2022-10-16 01:00:00,162,172,172,173,204,179,204,172,210,221
2022-10-16 02:00:00,181,167,178,183,203,184,189,211,198,206
2022-10-16 03:00:00,180,192,186,189,200,193,191,191,194,198
2022-10-16 04:00:00,177,159,167,186,214,193,184,178,203,197
2022-10-16 05:00:00,170,158,165,183,201,199,183,165,206,192
2022-10-16 06:00:00,174,173,168,192,215,203,170,184,187,220
2022-10-16 07:00:00,185,181,177,193,198,193,180,182,177,207
2022-10-16 08:00:00,177,178,175,196,172,200,183,193,226,213
2022-10-16 09:00:00,190,179,193,164,173,175,196,186,168,217
2022-10-16 10:00:00,182,173,184,189,193,195,198,198,183,193
2022-10-16 11:00:00,173,170,179,192,197,185,190,175,172,198
2022-10-16 12:00:00,179,157,183,179,197,183,187,198,156,199
2022-10-16 13:00:00,165,176,175,188,176,182,187,174,185,189
2022-10-16 14:00:00,170,149,171,185,190,180,177,166,180,183
2022-10-16 15:00:00,171,163,191,180,184,180,187,178,172,195
2022-10-16 16:00:00,191,175,180,193,202,191,194,191,238,194
2022-10-16 17:00:00,171,187,174,201,193,188,183,188,178,188
2022-10-16 18:00:00,176,170,182,190,216,185,180,195,156,205
2022-10-16 19:00:00,173,173,179,185,193,181,179,193,190,226
2022-10-16 20:00:00,171,185,165,193,202,191,186,179,240,201
2022-10-16 21:00:00,175,168,192,182,200,193,193,164,144,190
2022-10-16 22:00:00,172,165,169,190,201,182,172,155,183,165
2022-10-16 23:00:00,177,167,189,181,192,191,181,170,170,165
2022-10-17 00:00:00,181,153,167,185,193,193,190,179,192,194
2022-10-17 01:00:00,177,176,175,174,191,180,189,165,192,234
2022-10-17 02:00:00,198,174,189,185,196,179,183,176,178,198
2022-10-17 03:00:00,180,177,191,192,203,188,196,197,193,198
2022-10-17 04:00:00,161,168,167,180,220,203,205,188,215,181
2022-10-17 05:00:00,171,172,166,190,197,215,187,201,218,209
2022-10-17 06:00:00,172,168,170,205,213,213,181,188,184,230
2022-10-17 07:00:00,169,159,180,202,207,195,184,168,169,203
2022-10-17 08:00:00,169,177,178,185,181,197,179,191,220,196
2022-10-17 09:00:00,162,171,183,182,195,181,180,175,167,182
2022-10-17 10:00:00,186,167,171,194,195,205,167,187,175,186
2022-10-17 11:00:00,166,172,173,191,196,185,197,203,162,199
2022-10-17 12:00:00,174,161,186,186,197,179,183,178,154,199
2022-10-17 13:00:00,166,177,180,194,183,189,181,179,184,205
2022-10-17 14:00:00,168,167,173,196,201,186,182,183,181,189
2022-10-17 15:00:00,168,161,190,181,172,187,184,172,165,200
2022-10-17 16:00:00,185,174,180,194,204,183,196,178,174,193
2022-10-17 17:00:00,183,188,174,181,209,190,178,181,175,231
2022-10-17 18:00:00,168,185,174,203,199,188,194,193,145,206
2022-10-17 19:00:00,167,167,176,190,206,190,186,178,177,198
2022-10-17 20:00:00,173,159,164,178,185,190,189,189,232,206
2022-10-17 21:00:00,169,174,183,171,203,184,189,164,144,202
2022-10-17 22:00:00,175,169,167,182,209,177,158,150,166,163
2022-10-17 23:00:00,179,166,181,175,196,199,184,183,209,191
2022-10-18 00:00:00,186,169,170,183,189,178,192,179,198,195
2022-10-18 01:00:00,183,178,174,184,186,171,190,148,167,210
2022-10-18 02:00:00,198,173,174,189,189,178,186,200,183,211
2022-10-18 03:00:00,176,183,186,197,226,198,211,207,192,206
2022-10-18 04:00:00,180,161,171,196,211,188,201,182,204,191
2022-10-18 05:00:00,185,172,175,185,199,218,188,158,198,206
2022-10-18 06:00:00,179,171,165,202,204,205,176,181,173,209
2022-10-18 07:00:00,176,176,171,190,203,194,175,200,188,190
2022-10-18 08:00:00,175,173,171,190,182,184,171,195,200,174
2022-10-18 09:00:00,173,176,185,174,192,185,170,184,165,189
2022-10-18 10:00:00,185,168,180,199,189,202,178,182,181,198
2022-10-18 11:00:00,169,171,177,196,197,186,185,188,163,191
2022-10-18 12:00:00,173,177,173,189,187,183,178,186,167,196
2022-10-18 13:00:00,165,157,178,186,191,184,183,178,227,187
2022-10-18 14:00:00,166,147,172,185,192,184,177,178,196,167
2022-10-18 15:00:00,161,159,192,173,191,179,173,165,152,204
2022-10-18 16:00:00,182,172,171,185,214,185,188,175,178,207
2022-10-18 17:00:00,176,180,166,195,200,192,190,189,182,185
2022-10-18 18:00:00,175,177,188,192,203,196,175,194,148,207
2022-10-18 19:00:00,164,156,181,182,164,175,168,178,179,235
2022-10-18 20:00:00,156,164,173,180,192,186,201,191,226,202
2022-10-18 21:00:00,165,181,189,178,204,190,193,173,177,195
2022-10-18 22:00:00,184,172,174,196,213,174,187,173,200,162
2022-10-18 23:00:00,161,162,182,181,179,178,177,179,188,173
2022-10-19 00:00:00,153,159,167,180,183,168,193,175,202,205
2022-10-19 01:00:00,196,171,177,181,189,174,181,166,194,219
2022-10-19 02:00:00,189,178,187,189,187,183,187,190,189,200
2022-10-19 03:00:00,162,188,186,186,198,214,218,210,194,207
2022-10-19 04:00:00,183,147,171,183,192,181,206,180,213,197
2022-10-19 05:00:00,175,173,182,193,192,213,202,172,216,200
2022-10-19 06:00:00,182,169,169,189,210,202,185,182,180,211
2022-10-19 07:00:00,180,166,180,190,202,194,181,185,193,193
2022-10-19 08:00:00,171,178,178,205,181,199,189,202,195,201
2022-10-19 09:00:00,174,172,184,183,197,183,186,181,145,188
2022-10-19 10:00:00,180,167,178,197,185,191,182,191,189,209
2022-10-19 11:00:00,163,168,178,190,210,202,205,193,147,196
2022-10-19 12:00:00,174,156,172,180,185,178,178,193,166,193
2022-10-19 13:00:00,172,160,171,191,184,185,175,173,192,198
2022-10-19 14:00:00,169,164,168,178,190,179,173,181,186,212
2022-10-19 15:00:00,173,158,189,182,200,195,186,181,187,210
2022-10-19 16:00:00,186,166,178,196,212,196,198,189,232,175
2022-10-19 17:00:00,164,182,172,172,172,187,181,177,153,182
2022-10-19 18:00:00,173,175,165,188,202,185,182,214,135,207
2022-10-19 19:00:00,175,167,170,183,177,197,186,208,204,244
2022-10-19 20:00:00,177,170,175,169,185,174,197,184,221,197
2022-10-19 21:00:00,175,194,174,172,168,179,186,166,215,176
2022-10-19 22:00:00,177,169,174,197,197,168,179,155,182,166
2022-10-19 23:00:00,178,153,179,191,186,200,180,184,190,183
2022-10-20 00:00:00,185,163,165,183,190,182,198,183,188,196
2022-10-20 01:00:00,192,189,194,181,191,188,204,196,169,214
2022-10-20 02:00:00,191,173,180,186,194,179,181,201,204,206
2022-10-20 03:00:00,170,177,185,184,205,191,202,185,204,212
2022-10-20 04:00:00,177,165,164,181,197,192,192,181,210,208
2022-10-20 05:00:00,174,178,177,192,193,227,181,192,193,199
2022-10-20 06:00:00,181,177,167,214,203,202,187,184,172,205
2022-10-20 07:00:00,153,162,177,195,196,197,186,180,174,197
2022-10-20 08:00:00,174,165,166,187,188,189,174,187,191,195
2022-10-20 09:00:00,163,164,186,171,199,189,184,201,155,184
2022-10-20 10:00:00,179,162,178,199,186,200,178,198,188,198
2022-10-20 11:00:00,173,171,175,199,196,201,185,180,155,182
2022-10-20 12:00:00,169,168,177,173,196,183,197,176,161,199
2022-10-20 13:00:00,163,158,171,205,167,193,178,165,214,188
2022-10-20 14:00:00,164,165,178,193,187,188,178,179,182,196
2022-10-20 15:00:00,154,161,181,173,179,185,191,170,185,202
2022-10-20 16:00:00,182,171,173,190,209,183,176,183,217,191
2022-10-20 17:00:00,190,176,170,177,190,188,178,189,174,203
2022-10-20 18:00:00,177,195,178,188,201,172,177,192,148,193
2022-10-20 19:00:00,168,174,163,182,179,187,192,178,197,212
2022-10-20 20:00:00,171,166,184,171,186,183,190,176,227,196
2022-10-20 21:00:00,178,179,173,180,213,196,191,202,167,177
2022-10-20 22:00:00,184,167,176,194,216,185,176,169,177,158
2022-10-20 23:00:00,170,169,179,185,197,196,188,195,198,197
2022-10-21 00:00:00,176,169,168,185,195,175,193,159,171,209
2022-10-21 01:00:00,188,173,184,176,177,171,209,164,168,220
2022-10-21 02:00:00,183,173,178,188,198,172,175,185,183,210
2022-10-21 03:00:00,177,187,187,184,209,202,217,200,185,192
2022-10-21 04:00:00,186,149,168,192,187,182,190,184,186,199
2022-10-21 05:00:00,180,170,173,205,188,218,185,166,192,194
2022-10-21 06:00:00,176,181,173,193,202,204,189,173,154,216
2022-10-21 07:00:00,174,167,172,189,208,206,185,166,170,204
2022-10-21 08:00:00,176,179,175,189,179,204,190,187,188,188
2022-10-21 09:00:00,169,173,173,171,206,187,184,182,151,185
2022-10-21 10:00:00,185,169,180,207,187,191,182,240,189,200
2022-10-21 11:00:00,174,155,180,197,200,197,191,185,152,192
2022-10-21 12:00:00,159,145,167,184,201,181,179,181,161,215
2022-10-21 13:00:00,165,155,163,187,167,189,177,168,216,190
2022-10-21 14:00:00,172,155,186,173,184,178,183,181,160,207
2022-10-21 15:00:00,180,167,181,184,187,193,198,181,177,253
2022-10-21 16:00:00,181,174,179,203,189,187,181,178,176,169
2022-10-21 17:00:00,162,186,175,179,189,185,182,183,162,184
2022-10-21 18:00:00,171,173,178,188,210,177,174,181,145,205
2022-10-21 19:00:00,167,169,164,192,199,188,182,189,227,202
2022-10-21 20:00:00,162,173,179,177,189,178,182,193,215,210
2022-10-21 21:00:00,171,186,180,184,192,185,175,173,180,153
2022-10-21 22:00:00,177,177,183,201,189,175,173,159,187,158
2022-10-21 23:00:00,172,153,180,170,182,185,187,194,196,194
2022-10-22 00:00:00,178,168,179,193,195,181,187,183,171,219
2022-10-22 01:00:00,180,188,186,186,207,185,191,182,156,206
2022-10-22 02:00:00,185,172,190,192,204,178,185,192,170,188
2022-10-22 03:00:00,170,177,187,192,209,193,202,203,179,189
2022-10-22 04:00:00,175,157,167,187,199,187,178,171,204,213
2022-10-22 05:00:00,184,178,168,191,178,216,179,160,207,211
2022-10-22 06:00:00,180,166,165,203,232,196,192,176,142,192
2022-10-22 07:00:00,158,161,172,181,190,208,193,190,176,211
2022-10-22 08:00:00,181,169,176,187,194,195,188,179,200,186
2022-10-22 09:00:00,174,176,181,176,208,188,187,189,182,193
2022-10-22 10:00:00,185,168,176,190,176,219,178,190,180,217
2022-10-22 11:00:00,174,160,178,191,188,219,174,187,160,193
2022-10-22 12:00:00,182,156,177,176,187,219,196,189,176,204
2022-10-22 13:00:00,170,166,177,193,189,219,195,180,189,187
2022-10-22 14:00:00,170,162,181,177,202,219,184,183,192,208
2022-10-22 15:00:00,168,161,181,176,187,219,179,171,162,212
2022-10-22 16:00:00,192,170,179,195,195,219,183,174,195,183
2022-10-22 17:00:00,183,184,175,190,203,219,198,191,157,209
2022-10-22 18:00:00,169,169,185,204,204,219,178,184,148,203
2022-10-22 19:00:00,168,168,158,189,193,219,177,191,213,209
2022-10-22 20:00:00,164,158,179,169,188,219,186,194,210,198
2022-10-22 21:00:00,163,159,188,158,187,219,167,165,117,163
2022-10-22 22:00:00,170,171,177,200,198,219,181,144,163,137
2022-10-22 23:00:00,179,154,181,186,193,219,195,181,185,168
2022-10-23 00:00:00,179,174,174,190,192,219,195,176,164,200
2022-10-23 01:00:00,181,172,170,175,202,219,196,189,172,211
2022-10-23 02:00:00,172,172,193,189,207,219,180,195,166,219
2022-10-23 03:00:00,161,169,182,184,211,219,196,200,175,203
2022-10-23 04:00:00,170,156,156,188,216,219,206,170,208,207
2022-10-23 05:00:00,173,166,166,194,198,219,177,166,185,225
2022-10-23 06:00:00,190,166,173,198,212,219,184,174,146,217
2022-10-23 07:00:00,184,166,171,178,197,219,179,236,217,224
2022-10-23 08:00:00,175,183,170,195,173,219,199,169,170,186
2022-10-23 09:00:00,167,170,185,183,184,219,197,211,166,192
2022-10-23 10:00:00,185,169,172,195,155,219,194,203,190,223
2022-10-23 11:00:00,179,171,183,193,193,219,208,204,139,183
2022-10-23 12:00:00,166,177,176,177,185,219,195,174,197,196
2022-10-23 13:00:00,169,157,167,183,194,219,171,162,198,190
2022-10-23 14:00:00,168,160,183,180,208,219,180,179,159,196
2022-10-23 15:00:00,174,153,184,180,190,219,190,171,154,214
2022-10-23 16:00:00,188,176,185,201,195,219,180,173,213,184
2022-10-23 17:00:00,172,180,178,193,202,219,188,194,188,196
2022-10-23 18:00:00,158,176,189,196,205,219,169,180,147,191
2022-10-23 19:00:00,165,168,162,181,191,219,179,181,227,202
2022-10-23 20:00:00,168,170,189,170,205,219,185,184,190,200
2022-10-23 21:00:00,160,178,178,188,210,219,188,190,146,173
2022-10-23 22:00:00,182,174,181,200,221,219,183,165,180,170
2022-10-23 23:00:00,178,156,181,180,193,219,188,194,170,180
2022-10-24 00:00:00,175,170,176,187,209,219,195,176,229,231
2022-10-24 01:00:00,173,158,175,179,198,219,186,185,188,228
2022-10-24 02:00:00,179,170,186,182,197,219,193,196,181,202
2022-10-24 03:00:00,175,176,189,181,224,219,216,194,209,202
2022-10-24 04:00:00,163,151,165,185,194,219,173,164,222,217
2022-10-24 05:00:00,172,181,174,180,195,219,176,199,224,218
2022-10-24 06:00:00,181,186,172,188,217,219,195,176,169,211
2022-10-24 07:00:00,172,175,176,191,198,219,181,178,218,208
2022-10-24 08:00:00,179,175,186,187,173,219,190,190,198,211
2022-10-24 09:00:00,185,173,183,172,165,219,198,198,161,181
2022-10-24 10:00:00,184,170,173,191,194,219,188,172,189,203
2022-10-24 11:00:00,170,158,179,192,204,219,180,192,145,188
2022-10-24 12:00:00,180,163,171,173,197,219,192,185,192,207
2022-10-24 13:00:00,170,164,174,188,183,219,183,161,178,192
2022-10-24 14:00:00,166,158,184,185,194,219,183,171,157,194
2022-10-24 15:00:00,180,167,183,184,190,219,191,188,214,199
2022-10-24 16:00:00,183,177,181,200,193,219,193,186,207,173
2022-10-24 17:00:00,166,181,173,193,193,219,185,201,160,194
2022-10-24 18:00:00,174,175,181,191,205,219,174,185,153,218
2022-10-24 19:00:00,172,164,169,197,201,219,185,187,235,203
2022-10-24 20:00:00,165,187,186,175,204,219,189,172,182,209
2022-10-24 21:00:00,167,167,178,179,186,219,169,178,145,162
2022-10-24 22:00:00,183,172,189,191,206,219,180,162,188,153
2022-10-24 23:00:00,170,154,178,169,189,219,198,188,175,176
2022-10-25 00:00:00,180,173,173,182,201,219,187,164,218,214
2022-10-25 01:00:00,188,172,177,181,197,219,191,169,177,205
2022-10-25 02:00:00,186,173,189,190,194,219,181,185,178,204
2022-10-25 03:00:00,164,178,184,185,214,219,189,195,202,193
2022-10-25 04:00:00,176,165,171,182,213,219,182,180,222,205
2022-10-25 05:00:00,183,172,168,195,204,219,177,203,190,244
2022-10-25 06:00:00,188,167,176,204,210,219,203,170,138,211
2022-10-25 07:00:00,174,179,176,180,188,219,179,173,221,213
2022-10-25 08:00:00,165,167,183,186,179,219,180,182,177,170
2022-10-25 09:00:00,173,166,177,190,205,219,174,188,168,175
2022-10-25 10:00:00,174,163,173,190,189,219,174,187,186,192
2022-10-25 11:00:00,167,164,186,189,202,219,189,184,163,192
2022-10-25 12:00:00,159,182,180,182,199,219,170,194,191,204
2022-10-25 13:00:00,163,165,167,197,193,219,178,176,194,198
2022-10-25 14:00:00,169,167,181,179,198,219,183,178,174,192
2022-10-25 15:00:00,176,172,183,182,186,219,194,184,180,214
2022-10-25 16:00:00,182,173,184,203,195,219,185,181,187,198
2022-10-25 17:00:00,179,175,177,182,190,219,184,191,180,217
2022-10-25 18:00:00,180,175,180,192,195,219,189,186,150,194
2022-10-25 19:00:00,172,157,163,182,187,219,184,214,220,212
2022-10-25 20:00:00,169,154,186,168,183,219,190,178,197,209
2022-10-25 21:00:00,176,185,182,175,200,219,164,152,153,179
2022-10-25 22:00:00,175,171,187,193,184,219,173,170,194,164
2022-10-25 23:00:00,182,163,178,178,194,219,187,195,182,192
2022-10-26 00:00:00,174,174,178,180,175,219,179,147,217,216
2022-10-26 01:00:00,178,170,177,181,187,219,190,204,158,207
2022-10-26 02:00:00,183,168,190,193,202,219,175,183,181,211
2022-10-26 03:00:00,177,166,181,198,233,219,199,203,187,198
2022-10-26 04:00:00,194,162,169,185,197,219,189,171,218,189
2022-10-26 05:00:00,195,178,175,186,203,219,179,170,192,216
2022-10-26 06:00:00,186,181,165,201,203,219,193,178,159,196
2022-10-26 07:00:00,174,178,171,193,197,219,173,214,210,191
2022-10-26 08:00:00,171,176,197,188,189,219,189,179,160,179
2022-10-26 09:00:00,184,168,184,186,206,219,183,189,175,188
2022-10-26 10:00:00,173,162,176,181,175,219,179,176,172,194
2022-10-26 11:00:00,168,171,173,181,191,219,181,197,143,188
2022-10-26 12:00:00,162,174,177,186,188,219,179,171,190,193
2022-10-26 13:00:00,161,152,164,191,198,219,180,177,196,189
2022-10-26 14:00:00,165,154,182,175,194,219,176,175,155,170
2022-10-26 15:00:00,170,171,171,176,216,219,189,166,169,213
2022-10-26 16:00:00,190,176,169,197,188,219,184,187,171,184
2022-10-26 17:00:00,182,176,181,195,195,219,184,209,171,196
2022-10-26 18:00:00,173,170,173,193,192,219,171,199,151,210
2022-10-26 19:00:00,161,155,165,178,195,219,177,170,238,215
2022-10-26 20:00:00,162,161,184,175,208,219,196,179,220,206
2022-10-26 21:00:00,173,183,177,187,234,219,181,169,205,171
2022-10-26 22:00:00,171,166,189,195,199,219,176,172,180,165
2022-10-26 23:00:00,172,151,170,174,200,219,187,185,180,190
2022-10-27 00:00:00,190,164,176,180,185,219,189,156,240,212
2022-10-27 01:00:00,192,176,175,183,192,219,186,180,201,211
2022-10-27 02:00:00,185,176,191,185,197,219,186,190,173,212
2022-10-27 03:00:00,174,158,180,181,203,219,201,186,216,199
2022-10-27 04:00:00,166,161,173,184,191,219,179,172,224,190
2022-10-27 05:00:00,165,171,167,188,206,219,177,196,196,225
2022-10-27 06:00:00,202,173,174,191,209,219,188,177,163,185
2022-10-27 07:00:00,180,179,177,199,186,219,183,211,220,203
2022-10-27 08:00:00,175,173,186,184,188,219,189,193,164,193
2022-10-27 09:00:00,178,167,179,187,197,219,187,200,164,187
2022-10-27 10:00:00,171,170,175,194,190,219,193,176,174,200
2022-10-27 11:00:00,174,158,172,193,195,219,180,186,148,190
2022-10-27 12:00:00,173,160,177,182,190,219,176,189,189,201
2022-10-27 13:00:00,179,165,171,191,197,219,181,179,191,189
2022-10-27 14:00:00,169,163,200,179,191,219,184,185,162,222
2022-10-27 15:00:00,192,176,179,190,214,219,210,187,233,193
2022-10-27 16:00:00,176,180,174,188,193,219,181,184,188,172
2022-10-27 17:00:00,165,176,184,182,189,219,177,180,172,193
2022-10-27 18:00:00,170,173,178,185,200,219,186,198,147,262
2022-10-27 19:00:00,176,165,162,179,197,219,182,197,238,209
2022-10-27 20:00:00,167,177,191,167,190,219,193,172,212,192
2022-10-27 21:00:00,172,175,179,175,188,219,176,130,176,166
2022-10-27 22:00:00,176,172,184,198,189,219,175,161,188,157
2022-10-27 23:00:00,190,151,174,171,198,219,186,192,183,197
2022-10-28 00:00:00,186,179,177,184,200,219,215,174,209,202
2022-10-28 01:00:00,186,180,186,192,194,219,184,177,179,213
2022-10-28 02:00:00,186,172,191,183,198,219,174,182,208,220
2022-10-28 03:00:00,172,175,172,186,206,219,187,182,209,178
2022-10-28 04:00:00,178,166,172,185,186,219,188,171,224,210
2022-10-28 05:00:00,179,172,171,203,202,219,179,207,186,225
2022-10-28 06:00:00,189,172,174,205,201,219,199,177,156,185
2022-10-28 07:00:00,171,158,169,187,203,219,178,222,213,219
2022-10-28 08:00:00,166,172,189,178,193,219,191,173,164,191
2022-10-28 09:00:00,172,165,179,194,203,219,180,188,153,177
2022-10-28 10:00:00,174,168,169,193,188,219,178,183,165,184
2022-10-28 11:00:00,164,168,174,184,203,219,177,189,149,183
2022-10-28 12:00:00,170,176,177,193,183,219,181,173,233,191
2022-10-28 13:00:00,171,151,169,205,192,219,179,168,183,191
2022-10-28 14:00:00,160,163,194,177,194,219,184,179,166,203
2022-10-28 15:00:00,177,163,178,178,206,219,189,185,229,217
2022-10-28 16:00:00,186,180,168,182,195,219,177,190,186,198
2022-10-28 17:00:00,180,182,189,185,202,219,183,193,164,209
2022-10-28 18:00:00,168,178,178,186,197,219,177,177,168,201
2022-10-28 19:00:00,169,169,154,172,189,219,182,185,251,197
2022-10-28 20:00:00,168,177,192,166,189,219,187,189,178,176
2022-10-28 21:00:00,178,167,171,182,212,219,171,156,147,168
2022-10-28 22:00:00,168,169,187,198,188,219,184,182,192,178
2022-10-28 23:00:00,178,164,173,183,193,219,204,185,196,226
2022-10-29 00:00:00,171,171,180,169,189,219,188,151,142,208
2022-10-29 01:00:00,186,173,176,192,188,219,193,138,181,228
2022-10-29 02:00:00,176,181,191,185,212,219,194,184,188,202
2022-10-29 03:00:00,180,161,180,197,208,219,207,184,191,184
2022-10-29 04:00:00,183,171,179,188,190,219,194,184,200,200
2022-10-29 05:00:00,176,181,168,191,197,219,184,178,180,222
2022-10-29 06:00:00,175,172,179,196,202,219,188,178,143,183
2022-10-29 07:00:00,176,159,164,196,193,219,181,189,223,204
2022-10-29 08:00:00,169,178,190,175,191,219,198,180,150,197
2022-10-29 09:00:00,193,166,174,194,196,219,187,207,158,198
2022-10-29 10:00:00,173,173,177,195,188,219,185,183,185,199
2022-10-29 11:00:00,168,148,176,194,203,219,187,188,143,208
2022-10-29 12:00:00,165,158,178,185,181,219,171,170,218,190
2022-10-29 13:00:00,169,159,170,183,188,219,179,171,175,199
2022-10-29 14:00:00,177,157,185,180,189,219,191,177,167,214
2022-10-29 15:00:00,194,176,181,186,194,219,201,176,213,235
2022-10-29 16:00:00,176,181,184,188,186,219,169,175,173,185
2022-10-29 17:00:00,169,171,172,184,208,219,172,176,155,195
2022-10-29 18:00:00,170,170,181,184,204,219,167,165,171,207
2022-10-29 19:00:00,174,184,160,183,195,219,173,180,237,197
2022-10-29 20:00:00,161,187,196,178,201,219,183,173,198,202
2022-10-29 21:00:00,171,170,172,191,186,219,170,170,183,175
2022-10-29 22:00:00,161,162,189,177,179,219,179,165,195,151
2022-10-29 23:00:00,178,146,169,180,187,219,190,189,181,218
2022-10-30 00:00:00,176,188,193,186,198,219,187,170,143,215
2022-10-30 01:00:00,191,172,187,189,197,219,186,199,177,184
2022-10-30 02:00:00,171,172,190,189,205,219,209,198,168,195
2022-10-30 03:00:00,174,159,167,178,199,219,193,183,194,197
2022-10-30 04:00:00,144,161,172,188,195,219,180,161,209,194
2022-10-30 05:00:00,173,170,166,200,203,219,190,173,172,212
2022-10-30 06:00:00,178,162,177,196,189,219,208,183,149,188
2022-10-30 07:00:00,173,172,173,199,166,219,190,224,224,207
2022-10-30 08:00:00,170,195,192,168,186,219,181,174,185,197
2022-10-30 09:00:00,199,169,182,195,203,219,185,183,182,189
2022-10-30 10:00:00,178,167,171,189,180,219,193,190,175,203
2022-10-30 11:00:00,179,145,178,180,188,219,178,173,148,206
2022-10-30 12:00:00,179,169,181,185,180,219,194,176,193,221
2022-10-30 13:00:00,158,171,170,169,196,219,193,175,200,210
2022-10-30 14:00:00,165,152,178,174,186,219,178,179,164,217
2022-10-30 15:00:00,180,170,168,182,191,219,194,175,182,197
2022-10-30 16:00:00,180,180,178,181,194,219,191,181,176,196
2022-10-30 17:00:00,174,175,180,205,209,219,176,195,157,215
2022-10-30 18:00:00,173,170,173,188,200,219,179,187,170,213
2022-10-30 19:00:00,170,162,154,180,185,219,179,195,236,201
2022-10-30 20:00:00,164,172,186,166,186,219,187,178,141,184
2022-10-30 21:00:00,170,161,171,170,188,219,171,144,143,152
2022-10-30 22:00:00,169,162,189,196,194,219,183,172,177,166
2022-10-30 23:00:00,187,157,177,182,199,219,193,189,178,179
2022-10-31 00:00:00,176,174,184,192,185,219,188,170,149,219
2022-10-31 01:00:00,186,162,177,197,205,219,183,305,173,193
2022-10-31 02:00:00,178,175,197,184,209,219,182,218,180,195
2022-10-31 03:00:00,183,159,161,183,216,219,192,215,204,193
2022-10-31 04:00:00,167,174,173,184,196,219,179,146,213,216
2022-10-31 05:00:00,191,174,172,193,221,219,182,181,197,209
2022-10-31 06:00:00,200,166,172,186,202,219,190,189,175,209
2022-10-31 07:00:00,171,183,178,189,177,219,178,198,223,205
2022-10-31 08:00:00,159,173,188,184,185,219,201,186,193,200
2022-10-31 09:00:00,190,160,174,185,186,219,178,200,166,195
2022-10-31 10:00:00,175,167,184,182,167,219,198,179,171,206
2022-10-31 11:00:00,172,162,174,180,198,219,177,184,136,198
2022-10-31 12:00:00,160,162,174,187,192,219,183,174,222,186
2022-10-31 13:00:00,169,158,167,177,202,219,179,182,200,192
2022-10-31 14:00:00,163,155,183,178,184,219,177,184,158,204
2022-10-31 15:00:00,178,164,174,191,196,219,180,162,175,208
2022-10-31 16:00:00,170,176,173,193,189,219,176,185,179,191
2022-10-31 17:00:00,174,175,179,202,210,219,161,190,168,203
2022-10-31 18:00:00,159,168,171,182,183,219,175,205,172,204
2022-10-31 19:00:00,185,169,161,168,199,219,169,181,236,199
2022-10-31 20:00:00,164,155,186,172,191,219,188,183,146,194
2022-10-31 21:00:00,164,175,167,193,220,219,183,178,167,157
2022-10-31 22:00:00,166,163,188,190,192,219,184,174,153,182
2022-10-31 23:00:00,183,159,167,184,213,219,196,177,190,194
2022-11-01 00:00:00,177,162,175,176,194,219,175,166,219,218
2022-11-01 01:00:00,184,170,171,185,201,219,184,170,188,194
2022-11-01 02:00:00,180,188,183,193,213,219,193,198,185,202
2022-11-01 03:00:00,179,162,160,179,206,219,179,193,231,179
2022-11-01 04:00:00,169,160,167,182,198,219,176,170,206,193
2022-11-01 05:00:00,175,170,173,189,231,219,170,182,209,233
2022-11-01 06:00:00,180,168,175,197,203,219,183,184,208,200
2022-11-01 07:00:00,184,179,168,198,177,219,175,190,241,214
2022-11-01 08:00:00,183,179,187,169,187,219,206,182,170,209
2022-11-01 09:00:00,182,165,168,185,192,219,180,176,178,189
2022-11-01 10:00:00,169,162,173,192,194,219,194,189,171,196
2022-11-01 11:00:00,172,152,165,181,209,219,188,183,156,204
2022-11-01 12:00:00,171,168,175,179,176,219,180,178,194,194
2022-11-01 13:00:00,167,158,173,183,191,219,179,182,184,188
2022-11-01 14:00:00,178,161,188,178,179,219,187,180,176,196
2022-11-01 15:00:00,188,172,180,195,189,219,191,183,237,191
2022-11-01 16:00:00,164,183,172,189,192,219,185,177,158,193
2022-11-01 17:00:00,176,165,177,188,205,219,172,201,148,211
2022-11-01 18:00:00,168,171,175,189,200,219,176,212,202,217
2022-11-01 19:00:00,172,179,160,186,198,219,189,173,222,202
2022-11-01 20:00:00,160,180,194,189,200,219,187,172,139,196
2022-11-01 21:00:00,168,172,175,182,188,219,173,159,170,158
2022-11-01 22:00:00,168,164,181,178,173,219,182,170,167,167
2022-11-01 23:00:00,169,159,171,182,197,219,192,192,190,206
2022-11-02 00:00:00,172,179,175,184,189,219,188,165,176,222
2022-11-02 01:00:00,191,175,190,183,190,219,182,180,178,184
2022-11-02 02:00:00,166,170,197,190,220,219,191,206,191,213
2022-11-02 03:00:00,173,159,176,182,217,219,174,175,225,199
2022-11-02 04:00:00,184,173,174,192,201,219,177,188,219,206
2022-11-02 05:00:00,187,172,165,194,221,219,199,189,206,233
2022-11-02 06:00:00,173,166,175,192,193,219,208,175,186,202
2022-11-02 07:00:00,171,178,177,191,173,219,202,282,223,209
2022-11-02 08:00:00,153,185,178,178,197,219,185,182,182,187
2022-11-02 09:00:00,182,159,179,190,184,219,170,172,183,194
2022-11-02 10:00:00,167,162,175,188,203,219,192,195,162,203
2022-11-02 11:00:00,169,169,184,180,194,219,181,174,149,209
2022-11-02 12:00:00,166,181,179,198,184,219,179,191,186,202
2022-11-02 13:00:00,167,163,170,184,204,219,180,171,193,194
2022-11-02 14:00:00,182,167,183,171,180,219,189,180,169,201
2022-11-02 15:00:00,191,174,176,191,207,219,197,182,179,195
2022-11-02 16:00:00,187,183,180,186,195,219,185,190,168,219
2022-11-02 17:00:00,177,179,174,201,203,219,190,189,142,206
2022-11-02 18:00:00,169,165,173,190,196,219,183,188,186,201
2022-11-02 19:00:00,172,152,160,177,186,219,185,184,228,203
2022-11-02 20:00:00,155,190,182,167,196,219,175,158,141,204
2022-11-02 21:00:00,173,172,171,178,215,219,160,146,162,157
2022-11-02 22:00:00,172,154,183,184,188,219,193,181,180,185
2022-11-02 23:00:00,181,163,178,183,191,219,190,180,206,193
2022-11-03 00:00:00,172,169,186,179,189,219,188,149,165,216
2022-11-03 01:00:00,192,165,191,183,187,219,183,248,178,214
2022-11-03 02:00:00,176,170,185,191,222,219,217,203,204,216
2022-11-03 03:00:00,186,169,159,188,199,219,196,187,231,191
2022-11-03 04:00:00,182,171,172,186,184,219,192,166,205,200
2022-11-03 05:00:00,180,193,164,191,205,219,188,178,185,231
2022-11-03 06:00:00,177,179,171,189,192,219,195,179,189,196
2022-11-03 07:00:00,173,174,173,198,176,219,182,182,196,187
2022-11-03 08:00:00,174,186,197,183,198,219,180,180,175,190
2022-11-03 09:00:00,189,163,186,185,181,219,174,189,186,203
2022-11-03 10:00:00,171,168,179,184,187,219,186,186,166,196
2022-11-03 11:00:00,170,178,177,184,195,219,184,181,162,201
2022-11-03 12:00:00,167,159,177,193,192,219,173,178,190,186
2022-11-03 13:00:00,165,157,180,178,189,219,181,175,194,176
2022-11-03 14:00:00,171,164,193,165,188,219,179,162,167,208
2022-11-03 15:00:00,185,176,180,185,215,219,178,183,206,217
2022-11-03 16:00:00,187,167,184,197,194,219,182,189,167,190
2022-11-03 17:00:00,180,176,184,201,201,219,173,183,150,205
2022-11-03 18:00:00,174,161,175,187,176,219,175,158,195,214
2022-11-03 19:00:00,160,164,172,168,187,219,192,170,227,207
2022-11-03 20:00:00,159,181,191,175,206,219,185,182,201,188
2022-11-03 21:00:00,181,176,174,191,209,219,177,163,172,159
2022-11-03 22:00:00,153,162,177,181,191,219,182,185,190,192
2022-11-03 23:00:00,172,162,175,184,192,219,185,175,220,230
2022-11-04 00:00:00,193,169,178,189,191,219,177,163,187,228
2022-11-04 01:00:00,196,177,190,183,200,219,184,181,171,198
2022-11-04 02:00:00,170,199,185,182,190,219,244,197,176,201
2022-11-04 03:00:00,167,159,172,181,191,219,180,169,243,186
2022-11-04 04:00:00,171,165,173,178,187,219,179,175,220,203
2022-11-04 05:00:00,184,171,177,187,229,219,182,183,185,207
2022-11-04 06:00:00,192,178,174,193,191,219,184,169,195,205
2022-11-04 07:00:00,179,184,176,202,193,219,187,193,193,204
2022-11-04 08:00:00,173,176,188,183,197,219,182,190,142,176
2022-11-04 09:00:00,187,166,178,195,185,219,178,203,173,203
2022-11-04 10:00:00,168,162,168,186,203,219,183,189,166,182
2022-11-04 11:00:00,171,156,171,182,190,219,178,186,171,200
2022-11-04 12:00:00,179,161,171,191,186,219,176,167,199,193
2022-11-04 13:00:00,175,163,180,173,192,219,175,176,167,216
2022-11-04 14:00:00,178,168,192,184,201,219,193,182,190,206
2022-11-04 15:00:00,187,176,185,197,197,219,194,184,214,174
2022-11-04 16:00:00,168,184,174,176,189,219,175,180,156,187
2022-11-04 17:00:00,182,188,183,196,225,219,182,213,204,225
2022-11-04 18:00:00,181,155,169,184,219,219,189,192,222,254
2022-11-04 19:00:00,176,170,177,169,185,219,186,177,221,199
2022-11-04 20:00:00,168,189,192,170,192,219,178,168,160,176
2022-11-04 21:00:00,175,178,178,198,194,219,177,153,159,154
2022-11-04 22:00:00,188,154,182,181,184,219,181,190,187,179
2022-11-04 23:00:00,195,170,177,189,201,219,195,177,199,197
2022-11-05 00:00:00,193,175,184,170,181,219,193,196,163,217
2022-11-05 01:00:00,193,173,193,199,202,219,176,206,188,205
2022-11-05 02:00:00,167,176,194,193,202,219,207,191,199,196
2022-11-05 03:00:00,183,169,168,188,196,219,190,179,231,188
2022-11-05 04:00:00,188,163,180,194,191,219,183,176,203,211
2022-11-05 05:00:00,183,173,166,209,210,219,202,177,176,215
2022-11-05 06:00:00,181,167,174,194,208,219,186,184,177,205
2022-11-05 07:00:00,182,177,188,191,194,219,196,186,187,197
2022-11-05 08:00:00,161,178,189,188,192,219,194,217,152,181
2022-11-05 09:00:00,187,158,176,198,194,219,177,196,195,189
2022-11-05 10:00:00,170,163,180,190,198,219,180,188,164,186
2022-11-05 11:00:00,172,170,170,170,205,219,193,183,169,195
2022-11-05 12:00:00,173,162,178,206,168,219,173,169,215,187
2022-11-05 13:00:00,164,161,174,171,202,219,182,176,162,193
2022-11-05 14:00:00,160,157,181,175,179,219,188,172,191,210
2022-11-05 15:00:00,184,172,173,187,214,219,180,172,223,184
2022-11-05 16:00:00,191,184,177,177,193,219,178,187,181,210
2022-11-05 17:00:00,170,189,187,196,208,219,168,178,152,195
2022-11-05 18:00:00,167,174,165,180,170,219,183,176,200,209
2022-11-05 19:00:00,169,174,179,174,203,219,179,178,217,199
2022-11-05 20:00:00,174,186,184,174,198,219,178,192,139,153
2022-11-05 21:00:00,171,169,173,187,197,219,171,158,155,168
2022-11-05 22:00:00,161,155,180,181,169,219,194,186,195,190
2022-11-05 23:00:00,181,164,170,181,191,219,183,153,180,191
2022-11-06 00:00:00,173,175,181,158,181,219,190,159,174,217
2022-11-06 01:00:00,183,169,186,186,200,219,166,192,168,207
2022-11-06 01:00:00,170,179,188,196,216,219,224,197,188,198
2022-11-06 02:00:00,175,169,174,199,193,219,192,179,212,202
2022-11-06 03:00:00,180,166,171,197,175,219,182,163,176,203
2022-11-06 04:00:00,197,189,168,188,209,219,186,170,161,173
2022-11-06 05:00:00,182,155,173,188,206,219,187,170,190,213
2022-11-06 06:00:00,176,175,176,199,194,219,208,192,191,194
2022-11-06 07:00:00,174,182,185,170,208,219,189,191,157,180
2022-11-06 08:00:00,197,166,166,194,238,219,178,196,192,208
2022-11-06 09:00:00,174,163,184,192,204,219,195,198,160,190
2022-11-06 10:00:00,156,154,168,186,192,219,185,181,173,201
2022-11-06 11:00:00,168,169,164,189,176,219,179,162,201,187
2022-11-06 12:00:00,172,158,186,176,182,219,178,179,159,194
2022-11-06 13:00:00,185,163,184,173,200,219,191,184,205,250
2022-11-06 14:00:00,182,171,177,192,191,219,184,169,216,165
2022-11-06 15:00:00,166,179,168,177,195,219,179,182,161,185
2022-11-06 16:00:00,168,166,170,187,204,219,161,179,148,203
2022-11-06 17:00:00,169,178,163,185,197,219,182,191,229,211
2022-11-06 18:00:00,162,172,187,166,188,219,190,179,212,202
2022-11-06 19:00:00,168,180,181,177,192,219,176,169,185,170
2022-11-06 20:00:00,172,169,178,192,190,219,177,174,179,154
2022-11-06 21:00:00,162,158,171,159,193,219,180,167,179,192
2022-11-06 22:00:00,186,167,181,184,195,219,175,162,182,220
2022-11-06 23:00:00,196,173,197,184,205,219,180,188,165,194
2022-11-07 00:00:00,172,166,194,193,212,219,185,189,188,194
2022-11-07 01:00:00,163,171,185,197,208,219,209,198,173,185
2022-11-07 02:00:00,161,156,170,176,206,219,161,163,208,191
2022-11-07 03:00:00,166,159,173,184,181,219,170,158,196,202
2022-11-07 04:00:00,184,161,165,193,234,219,201,167,148,186
2022-11-07 05:00:00,166,163,169,182,182,219,187,162,195,197
2022-11-07 06:00:00,178,178,180,186,188,219,180,185,215,196
2022-11-07 07:00:00,177,169,189,182,217,219,182,187,182,196
2022-11-07 08:00:00,180,171,174,188,193,219,182,175,208,202
2022-11-07 09:00:00,171,157,182,188,193,219,187,178,174,195
2022-11-07 10:00:00,178,156,179,175,193,219,190,189,182,216
2022-11-07 11:00:00,172,173,184,172,192,219,189,183,188,194
2022-11-07 12:00:00,171,158,188,164,198,219,184,183,203,206
2022-11-07 13:00:00,167,155,176,168,194,219,176,167,199,216
2022-11-07 14:00:00,194,169,178,182,198,219,177,166,208,177
2022-11-07 15:00:00,186,179,178,203,210,219,187,197,175,219
2022-11-07 16:00:00,165,190,183,207,218,200,175,182,151,205
2022-11-07 17:00:00,163,157,155,189,191,192,178,203,234,209
2022-11-07 18:00:00,159,154,172,161,175,168,186,183,193,198
2022-11-07 19:00:00,165,164,178,159,177,165,160,160,121,158
2022-11-07 20:00:00,176,168,173,193,187,160,173,147,160,143
2022-11-07 21:00:00,171,155,175,181,200,189,189,182,168,186
2022-11-07 22:00:00,173,168,175,179,190,175,187,187,173,199
2022-11-07 23:00:00,168,174,171,174,202,181,187,200,168,196
2022-11-08 00:00:00,178,174,200,185,202,175,167,175,158,177
2022-11-08 01:00:00,172,158,179,185,217,195,183,204,180,193
2022-11-08 02:00:00,171,152,172,185,201,191,192,175,206,211
2022-11-08 03:00:00,169,169,169,190,198,217,170,173,174,219
2022-11-08 04:00:00,193,173,174,193,214,199,193,160,161,206
2022-11-08 05:00:00,176,175,175,179,195,185,185,160,230,219
2022-11-08 06:00:00,174,176,191,189,186,176,201,160,175,194
2022-11-08 07:00:00,165,168,180,183,195,206,192,160,174,173
2022-11-08 08:00:00,188,166,174,188,181,183,182,160,184,209
2022-11-08 09:00:00,170,167,176,187,188,183,184,160,154,181
2022-11-08 10:00:00,166,167,174,170,185,176,182,160,197,202
2022-11-08 11:00:00,170,163,170,180,189,173,173,164,192,188
2022-11-08 12:00:00,166,154,189,176,204,173,176,177,176,188
2022-11-08 13:00:00,170,146,178,177,191,178,179,171,162,216
2022-11-08 14:00:00,188,170,172,190,187,182,172,177,197,179
2022-11-08 15:00:00,177,173,177,196,201,201,180,192,179,203
2022-11-08 16:00:00,160,167,177,190,197,172,161,174,136,188
2022-11-08 17:00:00,160,158,165,170,189,180,176,179,212,207
2022-11-08 18:00:00,173,166,189,162,200,172,180,176,188,202
2022-11-08 19:00:00,159,168,170,185,204,195,178,175,128,160
2022-11-08 20:00:00,164,169,181,192,195,181,174,169,163,151
2022-11-08 21:00:00,176,154,174,176,192,192,181,193,170,181
2022-11-08 22:00:00,177,164,166,178,193,163,189,176,227,214
2022-11-08 23:00:00,171,164,170,179,191,186,188,220,188,192
2022-11-09 00:00:00,183,179,190,177,201,188,177,180,181,193
2022-11-09 01:00:00,179,172,187,188,220,199,190,191,202,196
2022-11-09 02:00:00,169,151,170,187,190,188,170,164,226,183
2022-11-09 03:00:00,183,173,174,185,199,209,173,180,201,204
2022-11-09 04:00:00,192,186,180,192,229,190,194,165,164,206
2022-11-09 05:00:00,168,184,177,201,206,196,185,184,212,200
2022-11-09 06:00:00,179,180,196,183,182,182,194,185,198,211
2022-11-09 07:00:00,185,182,187,175,191,184,197,199,190,182
2022-11-09 08:00:00,176,165,175,191,190,176,170,172,184,203
2022-11-09 09:00:00,166,146,175,191,200,189,180,191,157,182
2022-11-09 10:00:00,162,164,176,178,194,179,179,184,184,208
2022-11-09 11:00:00,172,157,178,185,180,177,183,167,193,184
2022-11-09 12:00:00,165,151,190,176,195,179,181,167,165,186
2022-11-09 13:00:00,185,162,178,181,183,185,194,185,211,207
2022-11-09 14:00:00,175,177,169,192,190,175,186,186,187,176
2022-11-09 15:00:00,164,166,175,182,197,176,178,204,185,193
2022-11-09 16:00:00,171,180,176,176,219,178,168,170,150,221
2022-11-09 17:00:00,167,167,159,193,196,184,178,186,228,200
2022-11-09 18:00:00,153,161,187,176,202,186,188,173,163,211
2022-11-09 19:00:00,156,174,171,189,175,189,174,173,142,157
2022-11-09 20:00:00,165,167,189,190,172,159,171,147,162,140
2022-11-09 21:00:00,152,147,171,171,182,202,191,180,167,165
2022-11-09 22:00:00,170,175,171,172,193,173,177,167,213,220
2022-11-09 23:00:00,172,171,170,179,193,183,187,172,183,197
2022-11-10 00:00:00,178,164,191,185,182,173,170,182,201,195
2022-11-10 01:00:00,175,173,182,188,209,198,187,193,210,186
2022-11-10 02:00:00,168,162,172,184,202,198,176,170,239,207
2022-11-10 03:00:00,184,169,174,195,205,208,177,190,201,211
2022-11-10 04:00:00,182,174,174,199,220,210,218,173,156,196
2022-11-10 05:00:00,173,166,173,189,200,190,182,172,215,227
2022-11-10 06:00:00,168,180,177,184,183,186,196,179,168,195
2022-11-10 07:00:00,170,168,168,183,201,190,177,192,188,184
2022-11-10 08:00:00,182,160,170,184,199,178,186,185,178,194
2022-11-10 09:00:00,173,157,180,184,191,181,183,186,177,204
2022-11-10 10:00:00,154,179,173,180,183,180,176,168,180,193
2022-11-10 11:00:00,160,158,165,195,192,182,178,178,197,174
2022-11-10 12:00:00,170,152,181,178,190,184,178,180,176,194
2022-11-10 13:00:00,179,162,166,172,201,185,192,190,219,195
2022-11-10 14:00:00,185,168,171,185,198,177,176,169,179,195
2022-11-10 15:00:00,174,170,174,187,205,194,187,203,165,214
2022-11-10 16:00:00,174,183,172,201,198,187,179,176,155,195
2022-11-10 17:00:00,163,147,154,182,180,189,177,192,219,198
2022-11-10 18:00:00,158,161,175,162,172,166,185,161,166,195
2022-11-10 19:00:00,146,175,170,181,185,174,151,141,128,163
2022-11-10 20:00:00,167,166,183,194,180,179,172,168,180,171
2022-11-10 21:00:00,175,155,168,182,196,191,188,185,173,177
2022-11-10 22:00:00,184,170,177,179,186,166,176,147,183,206
2022-11-10 23:00:00,184,175,175,189,188,182,187,180,173,212
2022-11-11 00:00:00,189,174,188,189,207,191,185,186,180,211
2022-11-11 01:00:00,184,163,180,191,215,194,193,193,198,182
2022-11-11 02:00:00,179,158,170,188,189,191,187,165,212,193
2022-11-11 03:00:00,177,167,165,199,187,213,169,175,196,209
2022-11-11 04:00:00,184,178,169,196,210,196,198,178,157,168
2022-11-11 05:00:00,160,176,171,183,190,183,179,177,217,202
2022-11-11 06:00:00,184,185,190,191,193,189,187,178,168,194
2022-11-11 07:00:00,184,171,190,192,201,196,188,206,174,194
2022-11-11 08:00:00,179,168,169,190,178,179,181,178,180,198
2022-11-11 09:00:00,168,164,170,182,186,182,183,194,152,200
2022-11-11 10:00:00,162,153,175,183,190,188,171,171,172,190
2022-11-11 11:00:00,162,148,159,195,186,178,175,173,186,175
2022-11-11 12:00:00,163,152,193,166,180,173,173,164,160,170
2022-11-11 13:00:00,174,163,169,176,218,184,179,173,151,218
2022-11-11 14:00:00,191,181,166,191,188,178,172,187,192,191
2022-11-11 15:00:00,175,169,178,193,197,206,175,200,186,196
2022-11-11 16:00:00,165,165,181,191,189,184,163,165,153,211
2022-11-11 17:00:00,148,151,152,177,181,184,175,189,222,209
2022-11-11 18:00:00,161,157,188,173,192,177,192,167,211,202
2022-11-11 19:00:00,179,175,172,187,224,175,172,160,189,178
2022-11-11 20:00:00,164,168,180,192,187,187,171,165,176,168
2022-11-11 21:00:00,168,151,166,172,184,185,171,170,177,219
2022-11-11 22:00:00,176,169,173,177,188,167,172,169,233,236
2022-11-11 23:00:00,196,170,194,188,202,189,184,189,182,199
2022-11-12 00:00:00,178,175,186,189,190,184,195,195,186,206
2022-11-12 01:00:00,174,161,171,189,217,184,188,183,212,211
2022-11-12 02:00:00,170,161,176,185,183,191,172,168,208,198
2022-11-12 03:00:00,181,170,167,191,203,203,165,189,186,216
2022-11-12 04:00:00,188,173,180,196,215,199,203,171,174,189
2022-11-12 05:00:00,184,170,172,197,191,216,189,203,226,201
2022-11-12 06:00:00,185,191,195,186,194,184,193,182,160,196
2022-11-12 07:00:00,193,168,183,192,198,198,189,238,172,198
2022-11-12 08:00:00,171,160,172,190,186,189,189,182,196,202
2022-11-12 09:00:00,167,156,168,185,187,185,172,198,154,187
2022-11-12 10:00:00,164,157,167,184,182,182,175,178,202,188
2022-11-12 11:00:00,171,164,159,175,181,171,174,167,200,185
2022-11-12 12:00:00,165,154,193,167,184,181,176,171,164,224
2022-11-12 13:00:00,182,173,171,180,195,193,196,188,236,193
2022-11-12 14:00:00,163,174,167,180,168,178,175,167,172,182
2022-11-12 15:00:00,163,152,174,176,196,185,171,207,154,192
2022-11-12 16:00:00,178,168,170,184,194,185,174,185,174,249
2022-11-12 17:00:00,169,160,156,170,182,169,173,184,237,210
2022-11-12 18:00:00,161,168,185,163,172,172,188,170,175,184
2022-11-12 19:00:00,167,170,166,180,187,175,174,162,141,169
2022-11-12 20:00:00,164,167,179,192,192,170,184,164,170,136
2022-11-12 21:00:00,191,157,165,173,192,187,187,181,189,190
2022-11-12 22:00:00,175,173,173,174,174,184,196,168,189,210
2022-11-12 23:00:00,175,167,183,191,182,182,182,235,189,203
2022-11-13 00:00:00,175,168,190,193,199,170,175,184,205,231
2022-11-13 01:00:00,175,175,163,181,209,188,181,185,191,177
2022-11-13 02:00:00,183,161,169,184,199,196,181,172,209,203
2022-11-13 03:00:00,186,163,164,200,204,216,183,183,203,206
2022-11-13 04:00:00,181,170,169,199,215,198,204,178,156,179
2022-11-13 05:00:00,173,179,170,179,204,199,171,195,208,206
2022-11-13 06:00:00,170,182,191,171,196,186,207,172,143,194
2022-11-13 07:00:00,181,168,179,194,183,210,198,227,178,196
2022-11-13 08:00:00,181,163,172,190,186,193,187,172,167,193
2022-11-13 09:00:00,177,157,172,177,196,187,194,200,166,190
2022-11-13 10:00:00,171,172,177,184,178,190,184,169,232,199
2022-11-13 11:00:00,152,159,164,185,193,186,178,174,196,182
2022-11-13 12:00:00,157,154,180,162,172,177,177,165,165,206
2022-11-13 13:00:00,175,160,166,176,194,178,184,170,233,215
2022-11-13 14:00:00,187,178,168,182,193,180,171,180,194,197
2022-11-13 15:00:00,174,172,185,183,197,183,169,187,166,202
2022-11-13 16:00:00,162,190,174,181,187,161,161,167,155,193
2022-11-13 17:00:00,165,161,155,181,179,177,173,179,241,195
2022-11-13 18:00:00,173,175,184,171,194,173,183,188,157,188
2022-11-13 19:00:00,160,168,165,176,203,174,174,176,151,163
2022-11-13 20:00:00,157,167,181,186,171,181,174,171,191,172
2022-11-13 21:00:00,183,151,170,182,178,183,190,174,192,176
2022-11-13 22:00:00,167,170,183,168,191,159,188,157,134,198
2022-11-13 23:00:00,185,171,184,181,186,181,182,213,183,214
2022-11-14 00:00:00,180,168,196,186,212,196,202,206,201,200
2022-11-14 01:00:00,183,169,182,198,200,183,213,188,207,190
2022-11-14 02:00:00,173,165,177,193,189,193,176,164,201,202
2022-11-14 03:00:00,176,176,171,180,206,208,174,174,172,211
2022-11-14 04:00:00,181,171,168,191,213,199,197,157,161,206
2022-11-14 05:00:00,171,166,170,197,192,209,190,185,221,199
2022-11-14 06:00:00,165,184,189,170,182,178,193,170,144,192
2022-11-14 07:00:00,183,173,168,193,200,209,185,221,182,196
2022-11-14 08:00:00,177,166,174,193,192,193,180,172,172,196
2022-11-14 09:00:00,162,144,168,193,188,190,186,194,156,194
2022-11-14 10:00:00,161,156,171,186,187,188,170,157,194,182
2022-11-14 11:00:00,168,143,166,176,178,168,173,170,172,173
2022-11-14 12:00:00,172,158,195,172,190,185,181,179,178,230
2022-11-14 13:00:00,186,168,183,181,200,184,191,176,228,221
2022-11-14 14:00:00,169,174,174,175,181,180,175,162,172,172
2022-11-14 15:00:00,167,172,172,184,201,188,179,186,156,198
2022-11-14 16:00:00,169,167,167,181,194,178,168,192,191,208
2022-11-14 17:00:00,171,181,167,180,191,178,177,188,240,191
2022-11-14 18:00:00,153,170,189,172,178,171,180,150,161,186
2022-11-14 19:00:00,167,169,167,191,193,183,171,181,176,173
2022-11-14 20:00:00,165,155,182,170,196,162,174,179,178,158
2022-11-14 21:00:00,178,156,173,177,192,178,192,162,200,215
2022-11-14 22:00:00,193,183,190,177,197,181,193,175,149,201
2022-11-14 23:00:00,179,161,181,182,201,185,178,228,240,201
2022-11-15 00:00:00,173,164,190,194,206,187,200,199,178,194
2022-11-15 01:00:00,173,160,166,190,212,193,188,183,205,191
2022-11-15 02:00:00,147,175,168,189,199,204,170,155,205,189
2022-11-15 03:00:00,172,164,160,184,219,210,190,174,184,202
2022-11-15 04:00:00,174,163,166,184,197,203,208,169,147,196
2022-11-15 05:00:00,172,169,164,185,182,210,190,171,223,205
2022-11-15 06:00:00,171,189,191,171,187,176,195,165,176,194
2022-11-15 07:00:00,180,164,176,184,196,206,184,188,218,187
2022-11-15 08:00:00,169,159,165,184,188,204,183,176,187,196
2022-11-15 09:00:00,173,144,170,179,199,181,186,188,159,213
2022-11-15 10:00:00,169,159,179,186,185,176,188,199,174,188
2022-11-15 11:00:00,157,156,163,166,193,174,182,186,202,214
2022-11-15 12:00:00,157,152,173,170,175,174,176,161,175,204
2022-11-15 13:00:00,180,168,169,182,193,185,190,162,208,184
2022-11-15 14:00:00,176,173,170,174,189,185,177,167,165,186
2022-11-15 15:00:00,162,171,177,194,205,193,171,193,150,203
2022-11-15 16:00:00,164,166,162,183,190,182,169,180,194,198
2022-11-15 17:00:00,169,160,158,171,188,170,174,177,232,196
2022-11-15 18:00:00,162,155,183,159,172,182,180,176,158,189
2022-11-15 19:00:00,169,158,165,173,181,161,169,135,146,149
2022-11-15 20:00:00,169,160,182,197,190,165,178,169,167,163
2022-11-15 21:00:00,178,162,174,178,191,173,190,177,198,186
2022-11-15 22:00:00,173,183,180,184,187,177,196,183,154,217
2022-11-15 23:00:00,183,164,189,190,207,174,178,123,176,177
2022-11-16 00:00:00,171,169,187,183,210,192,187,115,172,196
2022-11-16 01:00:00,177,158,159,187,213,192,181,182,193,192
2022-11-16 02:00:00,174,177,168,190,195,210,173,181,192,210
2022-11-16 03:00:00,186,183,161,198,219,204,182,172,168,198
2022-11-16 04:00:00,198,166,169,188,209,202,201,212,171,223
2022-11-16 05:00:00,181,172,182,185,177,184,181,196,219,208
2022-11-16 06:00:00,167,187,187,182,191,186,208,182,147,199
2022-11-16 07:00:00,181,166,174,189,197,199,182,194,205,204
2022-11-16 08:00:00,174,166,171,188,197,170,195,180,171,198
2022-11-16 09:00:00,165,164,175,165,185,171,181,191,151,195
2022-11-16 10:00:00,155,166,169,185,182,185,164,166,216,183
2022-11-16 11:00:00,158,165,166,168,205,168,161,168,163,192
2022-11-16 12:00:00,158,161,184,180,183,171,180,173,155,202
2022-11-16 13:00:00,178,162,171,188,181,178,177,168,202,199
2022-11-16 14:00:00,174,173,165,182,177,191,175,176,180,177
2022-11-16 15:00:00,168,173,180,192,200,194,171,185,147,190
2022-11-16 16:00:00,156,159,165,180,198,178,167,191,170,192
2022-11-16 17:00:00,165,159,170,173,205,158,176,168,226,179
2022-11-16 18:00:00,156,153,181,183,193,179,188,170,114,178
2022-11-16 19:00:00,160,168,167,187,209,179,177,157,131,153
2022-11-16 20:00:00,164,165,179,188,180,184,178,172,163,166
2022-11-16 21:00:00,176,165,175,178,200,170,189,169,199,184
2022-11-16 22:00:00,170,167,174,174,178,183,177,174,216,206
2022-11-16 23:00:00,181,165,177,183,192,181,186,216,208,195
2022-11-17 00:00:00,167,180,187,190,214,196,188,200,187,200
2022-11-17 01:00:00,171,150,175,181,205,178,172,171,210,195
2022-11-17 02:00:00,168,167,176,183,190,203,184,177,208,185
2022-11-17 03:00:00,185,173,168,189,228,188,185,179,195,217
2022-11-17 04:00:00,180,172,172,190,202,188,198,182,200,215
2022-11-17 05:00:00,174,169,178,193,185,187,188,205,221,200
2022-11-17 06:00:00,180,183,181,165,191,176,193,176,163,202
2022-11-17 07:00:00,178,159,168,187,182,179,186,186,233,201
2022-11-17 08:00:00,165,158,177,188,196,194,184,176,189,193
2022-11-17 09:00:00,170,151,173,171,198,173,179,186,159,203
2022-11-17 10:00:00,169,168,175,186,173,182,177,173,194,195
2022-11-17 11:00:00,158,158,169,179,190,171,176,166,177,190
2022-11-17 12:00:00,172,155,180,184,169,186,192,173,174,189
2022-11-17 13:00:00,191,161,172,169,186,187,190,180,241,170
2022-11-17 14:00:00,171,178,167,161,191,184,178,183,172,186
2022-11-17 15:00:00,174,159,177,183,207,181,172,186,148,226
2022-11-17 16:00:00,172,168,169,191,206,180,179,187,208,213
2022-11-17 17:00:00,164,161,172,178,195,185,197,172,219,202
2022-11-17 18:00:00,154,159,189,176,189,181,172,172,103,188
2022-11-17 19:00:00,166,164,168,176,162,173,172,151,163,125
2022-11-17 20:00:00,152,150,184,168,176,200,178,185,164,170
2022-11-17 21:00:00,177,156,168,180,174,179,190,177,199,188
2022-11-17 22:00:00,179,174,173,179,183,179,196,172,174,211
2022-11-17 23:00:00,190,165,183,176,193,169,178,180,176,186
2022-11-18 00:00:00,172,173,189,195,202,192,203,193,211,197
2022-11-18 01:00:00,176,164,167,171,217,181,187,183,230,204
2022-11-18 02:00:00,188,171,166,192,196,211,183,170,208,199
2022-11-18 03:00:00,191,167,168,196,223,210,209,181,187,211
2022-11-18 04:00:00,170,163,174,188,208,199,201,179,177,213
2022-11-18 05:00:00,178,183,174,186,183,206,192,186,203,202
2022-11-18 06:00:00,161,169,174,177,190,180,173,176,168,178
2022-11-18 07:00:00,181,163,173,187,191,190,163,182,187,193
2022-11-18 08:00:00,171,163,172,189,207,186,191,181,181,198
2022-11-18 09:00:00,164,176,179,174,188,172,182,180,173,204
2022-11-18 10:00:00,161,179,170,189,181,192,169,162,199,182
2022-11-18 10:00:38,157,,,,198,,,175,177,185

