"Time","Humidity {DeviceID=""AirSENCE-0322068B40233"", name=""Pollutant""}","Humidity {DeviceID=""AirSENCE-032206C140232"", name=""Pollutant""}","Humidity {DeviceID=""AirSENCE-0322223F40230"", name=""Pollutant""}","Humidity {DeviceID=""AirSENCE-032223EF40231"", name=""Pollutant""}","Humidity {DeviceID=""AirSENCE-1021BFD040215"", name=""Pollutant""}","Humidity {DeviceID=""AirSENCE-1021C46E40217"", name=""Pollutant""}","Humidity {DeviceID=""AirSENCE-1021C53740216"", name=""Pollutant""}","Humidity {DeviceID=""AirSENCE-1021C65A40214"", name=""Pollutant""}","Humidity {DeviceID=""AirSENCE-1021C6C640218"", name=""Pollutant""}","Humidity {DeviceID=""AirSENCE-1021C73840220"", name=""Pollutant""}"
2022-10-09 11:00:00,55.7,61.0,57.8,51.8,60.1,59.5,62.2,63.4,63.3,60.1
2022-10-09 12:00:00,46.8,54.9,52.8,47.9,51.9,53.7,54.9,54.2,56.6,51.1
2022-10-09 13:00:00,42.8,48.0,47.7,43.3,46.1,45.2,46.2,46.3,48.3,44.6
2022-10-09 14:00:00,39.0,43.7,43.5,40.3,42.8,41.8,42.6,42.4,44.8,41.9
2022-10-09 15:00:00,50.5,53.3,54.0,51.7,52.4,50.5,51.6,52.8,55.4,51.3
2022-10-09 16:00:00,52.1,55.5,56.4,53.4,52.8,51.1,52.2,53.5,55.4,51.3
2022-10-09 17:00:00,46.9,51.1,52.2,49.1,49.3,47.9,49.0,49.4,50.4,47.4
2022-10-09 18:00:00,45.6,50.0,51.3,48.4,48.5,46.6,48.0,48.2,49.6,47.0
2022-10-09 19:00:00,44.9,49.4,51.5,48.0,47.2,46.1,46.9,47.3,48.1,45.4
2022-10-09 20:00:00,44.2,48.7,50.0,46.5,46.4,45.7,46.3,46.6,47.1,44.3
2022-10-09 21:00:00,46.2,50.8,51.9,48.6,48.4,48.1,48.4,48.8,49.3,46.1
2022-10-09 22:00:00,52.4,56.3,56.8,53.5,53.9,53.4,54.4,55.4,55.1,51.7
2022-10-09 23:00:00,57.4,61.2,61.7,58.2,59.3,58.5,59.5,61.1,60.5,56.6
2022-10-10 00:00:00,62.9,67.2,69.1,65.4,65.0,63.9,64.8,68.1,65.8,61.7
2022-10-10 01:00:00,65.1,69.2,71.3,67.1,66.9,65.2,66.6,70.3,67.5,63.5
2022-10-10 02:00:00,65.7,69.3,71.5,66.8,66.4,64.6,66.2,69.5,67.1,63.2
2022-10-10 03:00:00,64.7,68.3,70.5,66.1,65.5,63.7,65.1,68.1,66.2,62.3
2022-10-10 04:00:00,65.9,69.6,72.1,68.2,67.4,65.6,66.9,70.6,67.9,64.0
2022-10-10 05:00:00,66.9,70.5,72.7,68.4,67.6,66.1,67.3,71.0,67.7,63.7
2022-10-10 06:00:00,64.9,68.1,68.2,63.6,65.5,64.7,65.7,68.4,66.2,62.9
2022-10-10 07:00:00,66.2,69.7,69.7,65.2,64.2,63.3,64.1,66.7,65.0,61.1
2022-10-10 08:00:00,67.1,70.6,70.5,65.9,67.5,66.2,67.3,70.9,67.9,63.4
2022-10-10 09:00:00,65.0,67.9,67.8,63.4,66.2,65.4,65.8,68.9,67.4,62.8
2022-10-10 10:00:00,57.0,60.6,61.9,57.7,58.3,58.5,58.5,59.9,61.1,56.6
2022-10-10 11:00:00,48.0,53.2,53.6,48.7,50.2,50.4,51.3,52.3,53.0,48.7
2022-10-10 12:00:00,32.9,43.7,44.0,38.7,37.6,40.9,43.6,40.6,44.2,34.5
2022-10-10 13:00:00,31.6,41.2,40.5,35.5,33.9,35.6,40.7,37.4,39.7,30.2
2022-10-10 14:00:00,35.9,45.9,47.0,42.0,38.8,38.3,39.0,40.7,41.7,36.1
2022-10-10 15:00:00,42.2,50.6,49.4,41.7,46.7,45.0,43.5,48.2,45.1,41.1
2022-10-10 16:00:00,45.7,49.2,49.3,39.1,45.9,45.3,45.8,47.3,47.3,43.1
2022-10-10 17:00:00,44.8,50.1,51.7,39.5,39.6,44.1,46.9,46.9,48.3,42.9
2022-10-10 18:00:00,46.3,50.8,52.4,42.5,38.2,39.6,48.8,48.8,50.0,42.9
2022-10-10 19:00:00,52.6,57.8,58.5,53.2,49.4,50.0,52.3,53.6,55.4,49.4
2022-10-10 20:00:00,60.3,64.5,65.1,60.5,56.5,57.2,58.6,60.5,60.8,55.1
2022-10-10 21:00:00,64.6,68.9,69.0,64.3,60.1,60.3,61.4,64.0,62.3,57.9
2022-10-10 22:00:00,57.2,57.5,65.7,61.1,53.0,54.2,53.8,54.8,53.5,49.2
2022-10-10 23:00:00,47.5,50.9,58.5,53.6,47.2,47.7,48.1,48.7,48.2,45.0
2022-10-11 00:00:00,50.8,54.1,59.1,54.8,50.5,50.5,51.6,52.3,51.9,48.4
2022-10-11 01:00:00,53.6,57.6,61.9,57.4,54.4,54.8,55.5,56.5,56.0,51.6
2022-10-11 02:00:00,59.3,62.5,65.4,60.4,57.8,58.6,59.5,60.3,55.1,51.4
2022-10-11 03:00:00,63.2,67.1,67.7,62.7,60.9,60.8,62.3,64.2,59.2,55.6
2022-10-11 04:00:00,66.0,70.1,72.8,68.5,61.2,61.4,62.4,64.5,66.0,63.8
2022-10-11 05:00:00,69.7,73.6,73.7,69.2,63.2,64.0,64.5,66.9,69.0,64.7
2022-10-11 06:00:00,69.8,73.4,73.0,68.6,65.1,64.9,65.8,68.7,66.4,61.4
2022-10-11 07:00:00,71.4,74.9,74.5,69.8,66.5,66.5,66.1,70.3,63.8,61.4
2022-10-11 08:00:00,70.9,74.5,72.7,67.8,69.1,69.5,69.9,74.2,62.4,64.2
2022-10-11 09:00:00,70.7,73.8,70.6,66.8,71.2,70.6,72.4,76.9,70.7,68.3
2022-10-11 10:00:00,65.6,69.1,65.4,60.5,66.5,66.7,68.3,71.0,70.0,67.1
2022-10-11 11:00:00,64.7,68.2,64.8,59.2,65.8,63.2,68.8,71.4,69.9,66.2
2022-10-11 12:00:00,48.0,60.7,59.7,54.9,52.7,57.6,63.5,58.3,64.7,52.0
2022-10-11 13:00:00,42.5,54.6,54.2,48.6,45.0,48.6,55.8,51.6,55.7,43.0
2022-10-11 14:00:00,37.1,53.4,51.5,42.7,45.1,41.0,40.2,45.9,46.3,36.9
2022-10-11 15:00:00,39.7,50.5,48.9,39.1,46.2,42.7,40.4,46.8,42.2,37.9
2022-10-11 16:00:00,48.0,52.9,53.6,42.2,49.4,48.3,49.5,50.5,49.0,45.3
2022-10-11 17:00:00,50.6,56.8,58.9,46.2,48.1,52.4,54.6,55.2,56.0,49.7
2022-10-11 18:00:00,59.2,64.3,66.8,56.4,53.7,55.0,61.6,64.0,65.1,58.1
2022-10-11 19:00:00,58.2,62.5,63.0,56.0,52.9,52.3,54.7,55.3,57.4,53.5
2022-10-11 20:00:00,52.4,57.5,53.2,46.9,43.8,42.9,44.1,44.5,45.1,42.8
2022-10-11 21:00:00,49.6,55.0,50.9,44.9,42.6,41.7,42.9,43.0,43.2,40.9
2022-10-11 22:00:00,52.9,58.9,56.2,50.1,46.9,46.2,47.1,47.6,50.2,47.2
2022-10-11 23:00:00,56.3,61.0,62.4,56.8,54.7,53.8,54.9,56.4,58.4,54.8
2022-10-12 00:00:00,59.6,64.2,66.7,61.0,58.9,58.1,59.5,61.2,62.7,59.2
2022-10-12 01:00:00,62.0,66.5,70.4,64.4,62.3,61.6,62.8,65.0,66.7,62.9
2022-10-12 02:00:00,61.7,66.0,69.9,63.7,62.9,62.1,63.1,65.5,66.7,63.0
2022-10-12 03:00:00,60.6,64.9,68.6,62.9,61.4,60.2,61.4,63.5,65.8,62.0
2022-10-12 04:00:00,61.5,65.9,69.5,63.7,61.7,60.1,61.5,63.8,66.2,62.0
2022-10-12 05:00:00,65.3,69.0,73.0,65.7,63.6,62.6,63.6,66.0,67.0,63.9
2022-10-12 06:00:00,64.2,68.4,71.1,64.3,63.3,62.4,63.0,65.7,66.2,62.7
2022-10-12 07:00:00,67.1,71.0,70.3,64.5,63.8,62.6,63.5,66.6,66.6,62.7
2022-10-12 08:00:00,70.8,73.1,70.8,65.9,61.6,60.1,61.3,63.8,64.6,60.7
2022-10-12 09:00:00,68.8,71.3,73.1,68.1,60.5,59.3,60.9,61.9,64.3,60.8
2022-10-12 10:00:00,60.3,63.5,64.1,60.4,57.7,56.4,57.7,58.9,62.0,58.5
2022-10-12 11:00:00,56.0,58.3,59.4,56.4,56.5,54.0,55.5,58.1,60.9,57.3
2022-10-12 12:00:00,57.4,59.6,61.1,58.3,57.9,55.0,55.9,59.2,61.8,58.4
2022-10-12 13:00:00,55.8,58.6,60.5,57.5,57.4,54.7,55.1,58.9,60.5,56.6
2022-10-12 14:00:00,52.0,55.3,57.1,54.0,54.1,50.9,51.4,55.0,57.7,53.0
2022-10-12 15:00:00,51.9,54.7,56.3,53.4,52.8,49.6,50.4,53.0,55.7,52.0
2022-10-12 16:00:00,53.9,56.6,58.5,55.6,55.6,52.6,53.4,56.3,58.4,54.5
2022-10-12 17:00:00,55.1,58.6,59.9,56.5,56.3,53.8,54.7,57.1,58.7,55.4
2022-10-12 18:00:00,59.4,63.0,64.0,59.9,58.0,56.2,57.4,59.0,60.5,57.2
2022-10-12 19:00:00,60.3,63.6,64.8,60.3,57.8,56.4,57.8,58.7,60.0,56.9
2022-10-12 20:00:00,62.5,66.2,67.4,62.8,59.9,58.9,60.3,61.3,62.1,59.0
2022-10-12 21:00:00,61.6,64.8,66.3,61.4,58.8,57.7,59.1,60.1,60.7,57.9
2022-10-12 22:00:00,58.5,62.4,64.5,59.8,59.2,57.6,59.1,60.9,61.2,58.3
2022-10-12 23:00:00,61.0,64.9,66.9,62.2,61.6,60.1,61.7,63.8,63.5,60.5
2022-10-13 00:00:00,62.7,66.2,68.6,63.7,62.4,61.1,62.9,65.0,64.5,61.6
2022-10-13 01:00:00,74.2,77.2,82.7,74.4,72.8,71.7,75.1,80.7,76.1,73.7
2022-10-13 02:00:00,78.7,80.8,86.9,78.6,77.7,76.0,80.0,89.8,82.4,80.4
2022-10-13 03:00:00,89.6,90.4,96.9,89.2,89.2,86.0,90.7,100,97.4,96.4
2022-10-13 04:00:00,92.6,92.3,98.5,91.0,91.6,87.9,93.1,100,99.1,99.9
2022-10-13 05:00:00,93.8,93.1,98.9,91.6,92.5,88.8,94.0,100,99.8,100
2022-10-13 06:00:00,93.6,93.1,98.7,91.5,92.4,88.5,93.6,100,99.3,100
2022-10-13 07:00:00,93.3,92.9,98.6,91.4,92.1,88.4,93.4,100,99.2,100
2022-10-13 08:00:00,93.3,92.9,98.8,91.7,92.5,88.8,94.6,100,99.9,100
2022-10-13 09:00:00,88.0,88.7,95.3,88.2,89.0,86.2,90.7,100,93.8,93.4
2022-10-13 10:00:00,85.1,86.4,92.0,84.9,86.3,84.6,88.1,100,90.6,88.2
2022-10-13 11:00:00,79.9,81.6,88.5,81.3,82.6,80.2,83.3,98.6,85.7,82.1
2022-10-13 12:00:00,77.8,80.4,89.0,81.7,75.7,72.8,75.7,85.1,82.3,79.5
2022-10-13 13:00:00,80.8,82.4,88.9,82.2,80.9,77.4,80.6,94.8,86.5,84.0
2022-10-13 14:00:00,70.2,76.1,80.6,74.1,75.1,69.1,70.4,80.8,80.2,74.6
2022-10-13 15:00:00,66.3,70.1,73.3,68.2,69.3,64.6,65.7,73.4,74.0,68.0
2022-10-13 16:00:00,59.8,61.8,65.2,60.3,60.8,56.9,58.5,62.4,64.7,59.8
2022-10-13 17:00:00,60.3,63.0,65.5,59.3,61.2,59.0,61.5,64.7,67.2,62.0
2022-10-13 18:00:00,56.3,58.5,60.8,55.0,52.0,50.3,56.6,58.1,59.8,55.2
2022-10-13 19:00:00,58.2,60.9,63.0,59.1,56.6,54.7,58.2,59.4,60.2,56.6
2022-10-13 20:00:00,61.9,63.6,63.9,59.6,57.6,56.1,57.9,59.6,59.9,56.7
2022-10-13 21:00:00,57.9,61.3,60.1,55.3,52.5,51.4,52.5,53.7,54.9,51.6
2022-10-13 22:00:00,61.7,65.7,64.1,59.0,55.4,54.1,55.3,56.6,58.2,54.9
2022-10-13 23:00:00,64.3,67.2,66.9,61.7,59.1,58.0,58.7,61.2,60.6,57.1
2022-10-14 00:00:00,68.7,71.9,70.7,64.7,61.9,60.9,61.4,65.4,63.2,59.3
2022-10-14 01:00:00,76.1,79.8,75.8,71.4,69.6,70.5,71.4,76.5,71.9,67.1
2022-10-14 02:00:00,71.8,75.4,76.6,70.7,68.5,67.1,68.9,73.9,69.1,65.8
2022-10-14 03:00:00,71.0,73.9,76.5,71.0,69.9,68.2,70.0,75.5,72.9,69.4
2022-10-14 04:00:00,68.1,71.4,73.5,68.2,67.0,65.5,67.1,71.2,70.0,66.8
2022-10-14 05:00:00,65.5,69.2,69.5,64.7,64.3,62.9,64.5,67.4,66.5,63.1
2022-10-14 06:00:00,65.3,69.3,67.5,62.8,61.4,60.1,60.9,63.4,63.5,59.8
2022-10-14 07:00:00,67.8,71.2,70.2,65.7,64.2,62.8,63.5,66.9,66.1,62.1
2022-10-14 08:00:00,70.4,73.6,72.8,68.3,66.7,65.4,66.0,70.2,68.4,64.3
2022-10-14 09:00:00,69.8,72.0,74.9,70.1,69.3,67.7,68.4,73.5,72.6,68.0
2022-10-14 10:00:00,62.3,64.3,69.1,62.6,63.6,61.8,62.6,65.2,65.6,61.9
2022-10-14 11:00:00,62.7,65.6,68.8,62.6,65.1,61.9,64.7,67.0,67.4,64.0
2022-10-14 12:00:00,63.8,66.8,71.6,65.8,65.1,62.9,65.6,67.1,68.0,64.6
2022-10-14 13:00:00,50.3,54.6,57.3,52.2,51.1,49.3,51.0,51.6,54.8,50.2
2022-10-14 14:00:00,37.7,50.1,48.7,42.4,44.8,39.6,38.1,44.3,45.1,38.1
2022-10-14 15:00:00,36.4,45.0,43.8,36.4,42.5,38.8,36.3,42.3,39.7,36.3
2022-10-14 16:00:00,43.0,47.3,48.4,39.9,42.8,40.6,40.9,42.8,42.9,39.8
2022-10-14 17:00:00,43.4,48.5,49.3,41.1,40.3,41.1,42.7,43.8,44.9,40.9
2022-10-14 18:00:00,49.6,53.9,54.8,46.7,43.8,43.9,49.4,50.1,51.4,46.1
2022-10-14 19:00:00,45.7,49.6,51.3,44.8,41.8,41.2,43.3,43.6,44.6,41.5
2022-10-14 20:00:00,49.2,54.0,53.8,50.0,42.2,42.3,43.2,42.9,45.6,42.3
2022-10-14 21:00:00,56.8,61.6,59.7,55.8,45.5,45.6,46.0,46.0,48.6,45.9
2022-10-14 22:00:00,59.3,63.4,64.0,59.9,56.6,54.8,54.9,58.0,57.7,54.9
2022-10-14 23:00:00,67.5,71.7,73.0,68.1,66.4,65.1,66.6,70.8,70.4,67.0
2022-10-15 00:00:00,69.2,73.0,74.7,69.6,67.7,66.6,68.3,72.4,71.6,68.5
2022-10-15 01:00:00,71.8,75.1,75.6,70.4,67.6,66.8,68.6,72.0,71.0,67.8
2022-10-15 02:00:00,67.6,70.3,70.0,64.8,61.2,60.7,62.3,63.5,62.5,59.5
2022-10-15 03:00:00,65.1,67.0,67.6,62.7,58.6,58.2,59.6,60.1,59.4,56.6
2022-10-15 04:00:00,64.6,66.5,66.8,62.4,58.5,57.8,59.1,60.0,60.1,56.9
2022-10-15 05:00:00,62.9,65.4,65.8,61.3,57.1,56.6,57.8,58.2,59.2,56.0
2022-10-15 06:00:00,56.7,60.0,61.1,57.0,53.7,52.5,53.5,54.4,55.8,53.0
2022-10-15 07:00:00,51.3,54.8,55.9,51.9,49.7,48.5,49.4,50.0,51.2,48.7
2022-10-15 08:00:00,47.8,51.5,52.4,48.6,46.5,45.3,46.2,46.5,47.5,45.4
2022-10-15 09:00:00,48.1,51.6,53.2,48.9,47.2,46.3,47.7,47.1,47.6,45.9
2022-10-15 10:00:00,50.1,53.8,55.2,50.9,51.7,50.1,51.5,51.6,53.0,50.5
2022-10-15 11:00:00,58.3,61.7,65.0,61.8,62.1,59.9,63.0,65.0,65.3,62.0
2022-10-15 12:00:00,69.4,73.8,81.0,74.8,73.7,71.9,75.6,81.3,80.2,72.9
2022-10-15 13:00:00,49.1,56.2,58.6,53.3,52.4,52.8,56.2,56.5,56.7,50.5
2022-10-15 14:00:00,37.1,46.9,46.7,42.1,44.1,41.8,42.7,44.4,44.4,40.7
2022-10-15 15:00:00,35.3,42.2,40.4,36.4,39.9,38.7,39.6,40.1,38.7,36.8
2022-10-15 16:00:00,34.3,38.8,39.3,34.1,36.9,36.2,37.3,37.4,37.6,35.8
2022-10-15 17:00:00,33.7,39.2,39.7,34.8,36.2,36.6,37.3,37.7,37.7,35.5
2022-10-15 18:00:00,34.8,39.5,40.6,36.3,35.1,34.8,37.3,37.3,38.0,35.7
2022-10-15 19:00:00,37.2,41.9,43.2,39.9,39.1,38.3,39.3,39.6,40.1,38.1
2022-10-15 20:00:00,40.6,45.4,46.8,43.2,42.6,41.7,42.6,43.1,43.2,41.2
2022-10-15 21:00:00,45.9,48.6,50.1,46.3,44.7,43.6,44.6,45.0,45.5,43.2
2022-10-15 22:00:00,48.3,51.3,52.7,48.4,46.8,45.5,46.6,47.1,47.4,45.3
2022-10-15 23:00:00,50.0,52.5,54.1,50.0,48.4,47.0,48.2,48.6,49.5,47.0
2022-10-16 00:00:00,49.8,53.4,55.8,51.5,51.0,50.1,51.0,51.8,51.7,49.1
2022-10-16 01:00:00,49.7,54.0,56.4,52.3,51.9,50.8,51.9,52.6,52.9,50.5
2022-10-16 02:00:00,52.1,56.0,58.8,54.6,54.0,52.7,54.0,54.9,55.1,52.3
2022-10-16 03:00:00,58.0,62.4,61.1,57.0,55.1,53.9,55.1,56.2,56.3,53.4
2022-10-16 04:00:00,61.4,65.9,65.0,60.2,56.3,55.0,56.4,57.7,59.8,56.1
2022-10-16 05:00:00,59.4,62.7,65.1,60.7,57.6,56.1,57.6,58.9,61.8,57.7
2022-10-16 06:00:00,60.3,64.0,65.9,61.9,61.7,59.4,61.0,64.1,65.4,60.9
2022-10-16 07:00:00,59.1,62.7,65.0,61.1,59.4,57.4,58.8,61.0,63.5,59.3
2022-10-16 08:00:00,58.7,61.9,64.2,60.3,57.8,56.0,57.4,59.0,61.8,57.7
2022-10-16 09:00:00,57.2,59.7,62.2,58.4,56.0,54.1,55.6,56.7,59.7,55.6
2022-10-16 10:00:00,54.2,57.4,59.3,56.0,55.7,53.1,54.1,56.5,58.8,54.5
2022-10-16 11:00:00,54.1,57.1,58.6,56.1,56.3,53.4,54.4,57.0,60.1,55.3
2022-10-16 12:00:00,49.3,57.6,57.5,55.4,53.7,53.7,57.1,56.3,62.0,52.8
2022-10-16 13:00:00,46.8,54.3,54.4,52.3,47.4,47.6,53.5,53.1,56.5,46.7
2022-10-16 14:00:00,44.5,54.1,52.8,49.7,48.6,44.5,45.0,49.4,54.2,46.4
2022-10-16 15:00:00,52.7,56.3,57.1,55.6,54.5,50.9,52.9,55.4,60.2,54.8
2022-10-16 16:00:00,53.5,56.6,57.8,54.9,55.1,51.9,53.9,56.1,60.2,55.3
2022-10-16 17:00:00,54.2,57.3,58.2,55.6,54.8,52.6,54.0,55.9,59.2,54.9
2022-10-16 18:00:00,51.5,55.1,58.5,55.2,51.6,50.1,51.1,52.4,55.5,51.6
2022-10-16 19:00:00,49.6,53.9,54.5,51.1,50.8,50.2,50.9,51.9,52.2,48.8
2022-10-16 20:00:00,46.2,49.8,51.1,47.2,46.1,45.8,46.2,47.0,46.8,43.8
2022-10-16 21:00:00,42.0,44.9,45.6,42.4,40.9,40.8,41.0,41.6,40.8,38.2
2022-10-16 22:00:00,45.4,49.0,49.4,46.1,45.8,45.2,45.7,46.6,45.9,42.8
2022-10-16 23:00:00,55.1,59.5,59.8,55.5,55.8,54.2,55.8,57.2,56.7,53.4
2022-10-17 00:00:00,60.0,64.3,64.9,60.3,60.2,58.6,60.3,62.4,61.9,58.4
2022-10-17 01:00:00,61.3,65.7,66.7,62.1,61.6,59.8,61.9,64.3,63.4,59.9
2022-10-17 02:00:00,62.5,66.4,67.4,62.8,61.8,60.3,61.9,64.4,63.4,59.8
2022-10-17 03:00:00,63.7,66.8,67.8,63.3,62.8,61.9,62.5,65.3,63.7,59.8
2022-10-17 04:00:00,71.3,73.4,71.7,68.0,69.0,68.1,68.3,73.4,70.4,67.5
2022-10-17 05:00:00,71.4,73.7,72.9,68.1,68.3,67.7,67.4,72.1,69.9,66.5
2022-10-17 06:00:00,71.2,74.4,73.6,68.9,68.8,67.8,68.4,72.5,71.3,67.3
2022-10-17 07:00:00,72.5,75.7,76.5,72.0,70.2,68.9,70.4,75.3,74.6,70.5
2022-10-17 08:00:00,74.0,77.0,78.2,74.0,71.7,70.3,71.7,77.8,76.2,71.9
2022-10-17 09:00:00,68.9,71.8,73.6,70.0,70.2,68.2,70.6,75.1,73.5,69.3
2022-10-17 10:00:00,59.9,63.8,64.1,62.2,62.8,61.7,63.7,65.5,66.4,62.4
2022-10-17 11:00:00,62.1,63.8,64.6,63.6,62.9,60.3,62.4,64.6,68.5,64.1
2022-10-17 12:00:00,59.8,61.4,62.2,61.2,60.1,57.0,58.6,61.2,66.1,61.2
2022-10-17 13:00:00,58.2,59.7,60.4,59.4,58.5,55.2,56.9,59.5,64.3,60.0
2022-10-17 14:00:00,60.9,62.3,62.3,62.0,61.4,58.6,60.0,63.9,67.2,62.7
2022-10-17 15:00:00,70.3,71.0,73.4,71.3,70.5,67.6,69.4,75.8,76.8,72.3
2022-10-17 16:00:00,72.9,73.8,76.8,73.0,73.1,70.4,72.8,78.7,78.3,74.8
2022-10-17 17:00:00,74.6,75.9,80.3,74.6,73.7,71.8,74.6,80.9,80.4,76.8
2022-10-17 18:00:00,71.6,74.0,77.1,71.7,70.6,68.5,71.7,76.8,77.3,73.4
2022-10-17 19:00:00,71.7,74.3,77.1,72.7,70.4,68.5,71.2,76.1,76.1,71.9
2022-10-17 20:00:00,75.4,78.4,80.5,76.3,75.0,73.4,75.7,83.9,80.6,76.4
2022-10-17 21:00:00,74.5,77.5,79.5,75.1,73.6,72.2,74.2,81.1,78.8,75.4
2022-10-17 22:00:00,76.0,78.5,80.7,76.5,75.3,73.1,75.7,83.8,80.9,76.9
2022-10-17 23:00:00,76.9,79.2,81.4,77.4,77.0,74.4,76.6,87.1,82.5,77.6
2022-10-18 00:00:00,77.0,79.4,81.1,77.4,77.2,74.4,76.3,86.8,82.1,78.1
2022-10-18 01:00:00,75.6,78.8,80.6,76.1,75.2,72.7,74.4,82.8,80.0,75.3
2022-10-18 02:00:00,76.8,80.5,82.8,77.3,77.4,75.1,77.1,86.1,81.4,76.5
2022-10-18 03:00:00,77.3,80.8,84.3,78.5,79.2,77.2,79.2,89.0,81.9,76.1
2022-10-18 04:00:00,76.8,80.4,83.5,77.8,79.6,77.7,80.0,90.6,81.5,75.9
2022-10-18 05:00:00,77.1,80.9,82.6,78.1,80.2,79.1,82.0,93.7,83.2,79.0
2022-10-18 06:00:00,79.1,83.0,84.2,80.0,82.0,80.6,83.9,98.3,84.8,80.6
2022-10-18 07:00:00,79.9,84.0,84.4,79.7,82.0,82.1,84.2,99.7,85.5,81.0
2022-10-18 08:00:00,81.6,85.8,85.3,80.7,83.6,83.1,86.0,100,87.8,82.3
2022-10-18 09:00:00,79.4,83.2,80.8,76.9,81.4,79.4,83.3,97.1,84.9,79.9
2022-10-18 10:00:00,73.4,77.3,73.6,70.5,76.5,75.2,77.8,85.5,80.2,75.3
2022-10-18 11:00:00,69.2,72.6,72.2,70.6,73.2,71.0,73.8,78.2,79.1,73.6
2022-10-18 12:00:00,65.7,68.8,70.9,68.8,70.2,66.9,70.5,73.2,76.0,70.6
2022-10-18 13:00:00,54.6,59.4,60.2,58.9,59.9,57.0,61.3,61.0,64.8,59.9
2022-10-18 14:00:00,51.6,57.2,58.6,57.5,57.2,54.6,57.1,57.7,62.5,57.7
2022-10-18 15:00:00,70.8,72.4,74.9,71.8,71.4,68.5,71.4,76.7,77.4,73.2
2022-10-18 16:00:00,74.8,76.1,80.8,75.7,77.3,74.4,77.9,85.1,80.7,76.6
2022-10-18 17:00:00,72.9,74.5,79.2,74.5,75.6,72.0,76.4,81.0,78.9,75.8
2022-10-18 18:00:00,74.2,76.2,79.8,74.3,74.2,71.3,74.6,79.2,78.4,75.0
2022-10-18 19:00:00,73.1,74.8,78.9,73.1,73.1,70.1,73.8,77.5,76.4,73.4
2022-10-18 20:00:00,73.2,75.7,79.3,73.7,74.2,71.3,74.6,79.3,77.7,74.3
2022-10-18 21:00:00,81.6,83.5,87.6,81.1,81.3,78.0,81.5,93.9,86.3,82.8
2022-10-18 22:00:00,82.4,84.4,89.1,82.2,82.3,79.0,82.6,96.5,87.3,84.2
2022-10-18 23:00:00,82.5,84.0,89.2,82.3,81.9,78.8,82.6,94.9,87.3,83.7
2022-10-19 00:00:00,80.5,82.7,87.8,80.9,81.0,77.4,81.2,91.8,85.6,81.9
2022-10-19 01:00:00,80.2,82.6,86.9,80.3,80.2,76.9,80.6,90.8,85.6,81.6
2022-10-19 02:00:00,81.3,83.8,87.0,81.4,81.2,78.2,81.7,93.6,86.9,83.2
2022-10-19 03:00:00,80.8,83.3,87.6,81.5,81.6,78.7,82.3,94.4,87.3,83.2
2022-10-19 04:00:00,80.0,82.9,87.4,81.4,81.1,79.0,82.2,93.8,87.1,82.4
2022-10-19 05:00:00,80.1,82.4,87.0,81.1,81.4,80.1,82.5,95.2,86.7,82.0
2022-10-19 06:00:00,81.2,83.5,87.4,81.8,81.9,80.4,83.0,96.7,87.8,83.3
2022-10-19 07:00:00,81.5,83.5,86.6,81.3,81.9,80.0,82.7,95.8,87.8,82.9
2022-10-19 08:00:00,80.2,82.6,85.9,81.1,81.5,79.8,82.0,95.0,86.9,82.3
2022-10-19 09:00:00,77.8,80.3,83.8,79.5,80.1,78.5,80.2,91.3,85.6,80.5
2022-10-19 10:00:00,74.6,78.1,80.4,76.9,77.6,76.4,77.9,85.9,82.7,78.0
2022-10-19 11:00:00,69.3,72.9,74.2,71.5,72.3,70.7,72.5,76.4,77.1,72.3
2022-10-19 12:00:00,65.2,69.2,69.1,67.1,68.2,67.5,68.4,71.3,73.6,67.6
2022-10-19 13:00:00,64.3,66.5,66.6,66.2,66.6,63.6,66.4,68.2,73.7,67.6
2022-10-19 14:00:00,66.1,66.7,68.4,66.6,66.2,62.5,64.1,68.3,72.6,67.0
2022-10-19 15:00:00,60.1,63.1,64.0,59.9,62.3,58.8,55.5,63.7,64.6,60.3
2022-10-19 16:00:00,59.5,61.5,62.8,60.4,60.9,57.7,58.4,62.2,65.0,60.5
2022-10-19 17:00:00,64.4,66.8,69.9,66.6,67.9,64.7,67.8,71.4,71.6,67.2
2022-10-19 18:00:00,75.4,78.0,81.9,76.5,78.8,76.8,80.0,88.3,81.1,77.5
2022-10-19 19:00:00,73.3,76.1,79.3,73.5,76.0,74.9,77.2,83.4,77.5,73.1
2022-10-19 20:00:00,69.5,72.3,75.6,70.1,71.2,70.5,72.8,76.4,73.4,69.1
2022-10-19 21:00:00,69.0,72.2,75.4,70.4,71.1,70.1,72.5,75.9,73.6,70.0
2022-10-19 22:00:00,70.4,73.7,76.7,72.5,73.1,71.6,74.6,78.7,76.1,73.2
2022-10-19 23:00:00,76.0,79.0,82.6,77.9,79.2,76.8,81.2,89.1,82.6,79.7
2022-10-20 00:00:00,76.3,79.2,82.7,77.5,79.0,77.2,80.6,89.2,81.5,78.7
2022-10-20 01:00:00,72.9,76.0,79.6,74.5,75.2,73.5,76.5,81.8,77.8,75.1
2022-10-20 02:00:00,72.1,75.4,78.8,74.0,74.4,72.6,75.8,80.4,77.2,74.5
2022-10-20 03:00:00,70.3,73.7,76.2,71.7,72.6,71.2,74.1,78.0,75.3,72.4
2022-10-20 04:00:00,70.0,73.4,76.0,71.6,72.5,71.5,73.7,77.6,75.1,72.5
2022-10-20 05:00:00,68.5,71.9,75.0,70.5,71.1,69.1,72.1,75.1,73.5,70.9
2022-10-20 06:00:00,64.3,67.3,70.3,65.8,65.8,63.7,66.6,68.0,68.0,65.2
2022-10-20 07:00:00,59.2,62.6,65.2,61.2,61.3,59.3,61.8,62.5,63.4,60.7
2022-10-20 08:00:00,57.1,60.5,63.0,59.1,59.2,57.1,59.6,60.0,61.2,58.4
2022-10-20 09:00:00,54.3,57.6,59.9,56.3,56.2,54.1,56.4,56.5,57.8,55.2
2022-10-20 10:00:00,53.6,57.6,59.5,56.5,56.7,54.5,56.9,56.8,58.8,56.0
2022-10-20 11:00:00,54.1,58.0,59.5,57.1,57.6,55.4,58.0,58.0,59.9,57.1
2022-10-20 12:00:00,50.4,54.1,55.3,53.3,54.0,51.7,54.4,53.8,56.3,53.8
2022-10-20 13:00:00,53.1,57.0,57.6,55.6,58.0,55.7,58.4,58.2,59.3,56.5
2022-10-20 14:00:00,59.9,63.8,64.7,63.4,66.1,62.9,67.1,67.4,69.3,66.5
2022-10-20 15:00:00,64.0,67.6,67.2,65.7,68.6,66.2,69.1,71.3,71.1,68.3
2022-10-20 16:00:00,60.0,63.5,64.5,62.9,63.9,61.5,64.7,64.7,67.6,64.4
2022-10-20 17:00:00,61.8,65.1,67.0,65.4,65.5,62.6,65.9,66.7,69.6,66.1
2022-10-20 18:00:00,68.2,70.7,72.8,70.4,70.0,67.1,69.8,72.9,74.7,71.0
2022-10-20 19:00:00,64.3,68.1,70.0,67.4,67.4,65.0,68.3,69.9,71.1,67.8
2022-10-20 20:00:00,66.6,70.4,72.8,69.5,69.3,67.1,69.9,72.3,72.9,69.2
2022-10-20 21:00:00,70.1,73.6,76.2,72.4,71.6,69.6,71.9,76.3,75.5,71.5
2022-10-20 22:00:00,73.3,76.0,78.5,74.3,73.8,71.9,74.8,79.9,77.6,73.8
2022-10-20 23:00:00,72.0,75.4,78.4,74.0,73.8,71.9,74.8,79.8,76.8,73.5
2022-10-21 00:00:00,73.1,76.7,80.1,75.4,74.9,73.2,75.6,82.0,78.0,74.5
2022-10-21 01:00:00,74.9,78.0,82.6,77.7,75.6,73.8,76.2,83.0,79.3,75.4
2022-10-21 02:00:00,75.7,78.6,83.4,78.0,74.5,72.5,75.1,80.7,78.2,74.4
2022-10-21 03:00:00,76.7,79.6,82.9,77.5,74.4,72.4,74.6,80.6,78.6,74.5
2022-10-21 04:00:00,79.7,83.1,85.2,80.3,77.2,74.8,77.8,86.6,82.1,77.2
2022-10-21 05:00:00,79.3,82.8,86.0,81.4,77.5,74.6,77.0,85.3,80.4,76.0
2022-10-21 06:00:00,80.6,84.0,86.2,80.9,78.2,76.9,78.5,86.6,79.7,75.9
2022-10-21 07:00:00,81.7,84.7,85.3,80.1,78.1,76.2,78.0,86.3,80.4,76.6
2022-10-21 08:00:00,83.9,86.2,86.7,81.5,78.9,77.1,79.4,88.3,83.0,79.5
2022-10-21 09:00:00,83.7,85.5,84.1,79.5,78.5,76.7,78.8,87.3,81.6,78.8
2022-10-21 10:00:00,75.5,76.4,70.8,67.7,70.4,69.7,71.5,75.2,74.0,71.2
2022-10-21 11:00:00,58.6,61.7,57.9,55.6,60.6,59.3,61.7,62.9,62.9,59.6
2022-10-21 12:00:00,45.4,56.0,52.9,51.2,49.4,51.8,56.7,53.0,57.9,47.1
2022-10-21 13:00:00,44.4,50.7,49.7,47.4,45.3,45.7,48.9,49.3,51.1,42.8
2022-10-21 14:00:00,37.8,49.5,47.3,42.4,43.8,39.0,36.7,44.3,45.3,37.7
2022-10-21 15:00:00,38.6,45.6,43.1,38.0,43.0,39.7,36.9,43.3,41.6,37.9
2022-10-21 16:00:00,39.3,43.3,43.2,36.1,41.3,39.7,40.1,41.6,41.1,38.3
2022-10-21 17:00:00,36.3,41.3,42.9,36.2,38.3,37.9,39.0,39.5,40.3,37.1
2022-10-21 18:00:00,39.0,43.4,44.6,38.8,36.8,36.0,39.9,40.2,41.4,38.0
2022-10-21 19:00:00,42.7,47.2,48.5,44.0,42.3,41.6,43.0,43.4,45.0,42.7
2022-10-21 20:00:00,44.9,49.6,51.1,46.0,45.6,45.2,45.7,46.0,47.2,44.9
2022-10-21 21:00:00,48.4,52.9,54.4,49.3,48.9,48.4,48.9,49.5,50.8,48.4
2022-10-21 22:00:00,50.3,54.7,56.9,51.7,50.1,49.4,50.1,50.9,53.4,50.8
2022-10-21 23:00:00,49.7,54.0,56.5,51.1,50.0,49.3,50.0,50.6,52.6,50.1
2022-10-22 00:00:00,48.7,53.3,55.5,50.3,49.0,48.5,49.0,49.4,51.5,49.3
2022-10-22 01:00:00,49.3,53.7,55.8,50.9,49.1,48.4,48.9,49.3,51.8,49.7
2022-10-22 02:00:00,50.1,54.2,56.6,51.8,49.8,48.7,49.6,49.9,52.7,50.6
2022-10-22 03:00:00,50.4,54.2,56.3,51.8,49.9,48.5,49.7,49.8,51.6,49.6
2022-10-22 04:00:00,50.8,54.7,56.9,52.5,50.3,49.0,50.1,50.4,52.3,50.2
2022-10-22 05:00:00,52.7,56.3,58.1,53.7,51.7,50.4,51.5,51.9,53.8,51.6
2022-10-22 06:00:00,54.7,58.9,59.6,55.0,52.6,51.4,52.4,53.0,54.7,52.4
2022-10-22 07:00:00,56.5,60.5,62.2,57.4,54.4,53.2,54.1,55.0,58.8,56.4
2022-10-22 08:00:00,58.3,62.6,63.8,58.8,56.1,55.0,56.0,56.8,60.1,57.7
2022-10-22 09:00:00,59.3,62.9,63.3,58.5,56.7,55.5,56.6,57.6,60.1,57.4
2022-10-22 10:00:00,55.1,58.0,55.4,52.9,55.9,54.9,56.0,57.1,58.4,55.7
2022-10-22 11:00:00,48.6,52.9,49.9,48.1,51.9,51.1,52.6,53.0,53.8,50.9
2022-10-22 12:00:00,36.6,47.5,44.8,43.3,42.2,43.9,47.6,44.6,48.2,39.3
2022-10-22 13:00:00,35.8,43.6,42.5,39.9,38.1,39.0,42.3,41.7,43.2,35.3
2022-10-22 14:00:00,32.2,44.5,42.0,37.5,38.7,34.3,32.1,38.9,39.3,32.6
2022-10-22 15:00:00,37.3,44.6,42.0,36.4,41.4,38.5,35.4,41.8,38.5,36.2
2022-10-22 16:00:00,40.1,44.4,43.9,35.7,41.8,40.6,40.9,42.2,41.0,37.9
2022-10-22 17:00:00,39.6,44.4,46.0,37.1,39.8,41.3,42.4,42.7,42.6,38.6
2022-10-22 18:00:00,42.7,47.3,48.2,40.4,38.0,38.8,44.0,44.1,44.2,39.2
2022-10-22 19:00:00,48.9,54.2,53.6,48.6,44.4,44.5,47.0,46.9,47.2,43.5
2022-10-22 20:00:00,55.4,60.6,59.6,55.2,50.5,50.5,51.8,52.6,53.8,50.7
2022-10-22 21:00:00,59.3,64.3,64.2,59.4,55.3,54.7,55.9,57.0,58.4,55.9
2022-10-22 22:00:00,64.3,69.3,65.6,61.2,57.8,56.9,58.0,59.9,56.3,53.7
2022-10-22 23:00:00,68.3,72.6,69.3,65.1,63.5,64.4,65.1,68.3,56.4,54.4
2022-10-23 00:00:00,71.8,76.0,73.1,69.2,63.3,63.8,63.8,65.9,56.1,53.6
2022-10-23 01:00:00,72.9,77.0,70.7,66.5,54.5,54.8,54.3,54.3,56.7,53.9
2022-10-23 02:00:00,70.4,74.3,71.0,66.5,54.4,55.3,55.9,54.8,56.3,54.4
2022-10-23 03:00:00,69.3,73.3,70.4,66.5,60.0,63.3,61.9,63.9,55.8,54.2
2022-10-23 04:00:00,73.2,77.2,74.9,70.2,67.8,70.9,70.4,74.5,67.2,63.8
2022-10-23 05:00:00,76.2,80.5,77.9,72.6,71.4,74.0,73.5,80.2,71.1,67.9
2022-10-23 06:00:00,74.9,78.5,76.4,70.8,68.7,71.5,70.5,76.8,74.3,70.0
2022-10-23 07:00:00,72.6,75.5,73.7,68.8,66.7,68.5,66.9,72.6,76.3,72.0
2022-10-23 08:00:00,73.2,77.0,75.6,70.1,65.5,65.1,63.8,67.5,65.8,64.7
2022-10-23 09:00:00,71.2,73.3,72.1,66.8,62.3,61.7,61.8,64.3,62.7,60.2
2022-10-23 10:00:00,64.0,65.7,61.4,56.5,60.6,60.2,60.9,63.0,60.0,57.5
2022-10-23 11:00:00,54.9,59.8,55.3,49.9,56.9,56.4,58.1,59.2,58.2,55.0
2022-10-23 12:00:00,37.6,51.2,47.0,42.6,42.9,46.1,50.2,46.5,50.0,38.3
2022-10-23 13:00:00,35.4,45.7,43.8,38.6,38.4,40.4,43.5,42.2,44.3,34.4
2022-10-23 14:00:00,30.9,46.3,42.6,35.3,38.5,35.1,32.2,39.0,39.8,31.5
2022-10-23 15:00:00,35.0,44.1,41.1,32.1,40.4,38.0,34.9,41.0,38.2,35.4
2022-10-23 16:00:00,37.4,42.1,41.7,30.2,39.2,38.1,38.5,39.8,38.8,36.1
2022-10-23 17:00:00,35.0,41.1,42.2,30.4,36.7,37.9,38.7,39.3,39.4,35.7
2022-10-23 18:00:00,42.1,47.4,47.8,38.8,39.1,40.0,43.7,44.3,44.6,40.9
2022-10-23 19:00:00,48.4,53.0,52.2,46.5,47.1,46.8,48.4,49.5,48.3,45.7
2022-10-23 20:00:00,49.9,54.1,52.8,47.9,47.9,47.8,48.7,49.8,47.9,45.5
2022-10-23 21:00:00,55.5,59.8,58.6,53.6,53.2,53.1,54.3,55.8,52.6,49.9
2022-10-23 22:00:00,58.7,62.7,62.0,57.4,56.0,55.9,56.6,58.7,55.7,52.7
2022-10-23 23:00:00,58.3,62.1,61.3,57.1,55.9,56.0,56.2,58.3,55.6,52.9
2022-10-24 00:00:00,59.1,63.0,61.9,57.6,56.7,56.9,57.0,59.1,56.2,53.5
2022-10-24 01:00:00,60.8,64.3,63.2,58.9,57.9,58.1,58.2,60.5,57.8,55.3
2022-10-24 02:00:00,64.0,67.7,66.6,61.6,60.8,60.7,61.3,64.2,61.3,58.5
2022-10-24 03:00:00,69.3,73.8,71.3,65.6,63.7,64.4,63.9,67.6,63.5,62.2
2022-10-24 04:00:00,72.0,76.3,74.6,68.4,66.9,68.8,67.6,73.7,70.8,68.2
2022-10-24 05:00:00,75.1,78.7,77.6,72.8,70.2,72.0,71.8,79.5,77.0,72.0
2022-10-24 06:00:00,78.4,81.7,81.5,75.7,74.4,75.6,76.4,87.0,80.3,75.3
2022-10-24 07:00:00,80.9,83.8,82.4,76.1,74.6,76.4,76.9,87.8,81.8,77.0
2022-10-24 08:00:00,80.9,83.2,81.8,75.8,74.7,75.3,76.8,86.5,80.7,77.7
2022-10-24 09:00:00,80.1,82.2,80.7,74.6,75.4,75.2,77.7,87.5,78.3,75.5
2022-10-24 10:00:00,75.8,77.3,71.6,65.1,74.4,73.8,76.0,84.3,76.8,73.8
2022-10-24 11:00:00,63.5,68.4,62.3,57.6,66.1,65.7,68.4,71.1,69.4,64.8
2022-10-24 12:00:00,45.5,62.0,55.9,51.4,51.7,56.8,63.0,59.1,63.6,46.8
2022-10-24 13:00:00,45.6,55.8,53.5,47.8,47.5,50.3,55.3,53.8,54.2,41.0
2022-10-24 14:00:00,41.3,59.7,54.9,45.4,50.5,46.0,41.9,51.6,53.0,41.6
2022-10-24 15:00:00,49.3,59.6,54.4,43.6,55.6,52.1,48.2,57.9,50.1,47.7
2022-10-24 16:00:00,49.9,54.8,54.8,39.6,52.9,51.6,52.3,54.8,51.2,47.4
2022-10-24 17:00:00,48.5,55.0,57.3,41.7,50.9,52.9,54.4,56.2,56.0,49.6
2022-10-24 18:00:00,53.9,59.3,59.8,45.9,47.6,49.8,56.9,58.5,58.6,52.5
2022-10-24 19:00:00,60.5,65.0,64.9,57.1,57.7,57.7,61.2,63.8,62.5,58.8
2022-10-24 20:00:00,63.9,67.7,68.0,61.4,61.5,61.3,63.3,66.4,64.3,61.3
2022-10-24 21:00:00,66.4,70.0,70.5,64.2,63.2,63.1,64.9,68.5,65.9,63.1
2022-10-24 22:00:00,67.0,70.0,70.9,64.7,63.4,63.2,64.9,68.4,66.8,63.8
2022-10-24 23:00:00,65.2,68.7,70.2,64.3,62.3,62.1,63.5,66.6,65.2,62.5
2022-10-25 00:00:00,64.3,68.4,69.4,63.8,62.4,62.4,63.8,66.8,65.4,62.5
2022-10-25 01:00:00,71.4,75.6,76.4,70.8,69.6,69.7,72.1,78.3,74.0,71.0
2022-10-25 02:00:00,78.6,82.4,84.1,77.9,77.5,76.6,79.6,92.2,80.1,77.8
2022-10-25 03:00:00,82.2,84.8,86.8,80.0,80.2,79.3,81.7,97.7,82.5,80.8
2022-10-25 04:00:00,83.5,86.2,88.3,81.4,81.5,80.6,83.3,100,84.9,83.2
2022-10-25 05:00:00,86.7,88.6,91.3,84.0,84.0,82.7,85.6,100,88.1,87.8
2022-10-25 06:00:00,89.5,91.4,94.3,86.9,86.7,85.4,89.4,100,92.2,92.0
2022-10-25 07:00:00,89.9,91.5,95.0,87.5,87.2,86.7,91.1,100,92.5,90.2
2022-10-25 08:00:00,91.0,92.7,98.1,90.2,90.3,88.2,93.9,100,95.8,94.3
2022-10-25 09:00:00,90.8,92.4,98.0,89.4,91.3,88.8,94.8,100,94.9,93.2
2022-10-25 10:00:00,87.4,90.1,95.4,86.0,89.7,86.8,93.4,100,92.5,90.2
2022-10-25 11:00:00,78.4,83.8,83.6,74.9,82.5,79.4,85.5,96.8,88.0,84.8
2022-10-25 12:00:00,65.8,72.5,71.5,65.6,69.6,67.5,70.8,77.2,76.4,68.9
2022-10-25 13:00:00,65.9,70.9,70.6,66.0,68.1,65.6,67.9,75.1,75.1,67.3
2022-10-25 14:00:00,59.5,68.7,67.2,61.1,66.5,60.7,61.4,68.9,69.3,61.7
2022-10-25 15:00:00,59.3,66.0,64.5,57.5,64.2,59.9,60.3,67.0,64.8,59.6
2022-10-25 16:00:00,62.2,67.4,67.6,59.6,64.7,61.4,63.2,69.0,68.6,64.2
2022-10-25 17:00:00,65.6,70.8,71.7,64.2,68.3,65.3,68.3,74.2,72.6,69.1
2022-10-25 18:00:00,69.6,74.5,75.8,68.0,70.9,68.8,72.3,80.4,75.7,72.6
2022-10-25 19:00:00,73.5,77.8,79.6,72.7,73.8,71.7,75.3,85.6,78.8,76.4
2022-10-25 20:00:00,78.5,82.2,84.4,77.2,78.3,76.6,79.7,95.0,82.4,80.7
2022-10-25 21:00:00,80.3,83.4,86.3,79.0,78.9,77.1,80.4,96.3,82.9,81.4
2022-10-25 22:00:00,80.9,83.6,86.2,79.1,78.9,77.1,80.3,95.7,82.7,81.1
2022-10-25 23:00:00,83.2,84.4,87.5,80.6,79.7,78.1,81.2,97.7,83.7,82.3
2022-10-26 00:00:00,83.9,85.3,87.9,81.0,77.5,76.9,78.8,91.9,80.4,79.1
2022-10-26 01:00:00,83.4,85.3,87.2,80.5,74.2,73.9,75.6,83.6,78.1,75.0
2022-10-26 02:00:00,82.2,84.6,85.0,78.4,74.3,74.2,75.0,83.9,75.6,72.7
2022-10-26 03:00:00,82.5,85.3,85.0,78.7,74.6,74.9,75.9,85.0,77.1,73.9
2022-10-26 04:00:00,85.8,88.6,87.6,80.6,76.5,76.4,77.6,88.1,79.5,77.2
2022-10-26 05:00:00,85.8,88.0,88.7,81.9,79.6,78.8,80.9,95.4,77.9,75.4
2022-10-26 06:00:00,85.8,87.9,88.4,81.9,80.4,79.5,82.3,98.0,80.8,78.8
2022-10-26 07:00:00,87.8,89.5,91.7,84.6,82.8,81.6,84.4,100,86.8,85.8
2022-10-26 08:00:00,87.4,88.7,90.2,83.7,81.7,80.5,83.5,100,85.7,84.3
2022-10-26 09:00:00,86.2,87.3,88.1,81.6,80.6,78.9,82.6,97.3,83.4,81.6
2022-10-26 10:00:00,80.2,82.0,82.9,77.2,76.3,74.3,77.4,86.1,82.5,79.6
2022-10-26 11:00:00,73.5,77.1,78.1,73.3,73.2,71.2,73.4,79.6,79.0,74.0
2022-10-26 12:00:00,68.6,72.4,73.3,68.8,68.6,66.2,68.4,72.2,72.8,68.0
2022-10-26 13:00:00,75.6,77.1,81.0,75.5,75.7,72.6,76.3,84.3,80.7,77.9
2022-10-26 14:00:00,87.2,87.0,91.5,85.2,85.6,82.2,86.6,100.0,91.9,90.8
2022-10-26 15:00:00,92.2,91.2,96.7,90.1,90.9,87.1,92.2,100,98.6,99.7
2022-10-26 16:00:00,93.3,92.2,97.0,90.9,92.3,88.1,93.1,100,100.0,100
2022-10-26 17:00:00,92.2,91.1,96.1,89.9,91.0,87.3,92.0,100,98.7,99.8
2022-10-26 18:00:00,92.2,91.1,96.3,90.4,90.6,87.2,92.1,100,99.0,100.0
2022-10-26 19:00:00,90.0,89.6,95.4,89.5,89.8,87.6,92.3,100,97.2,98.3
2022-10-26 20:00:00,83.7,84.4,87.8,81.6,83.5,83.9,86.6,100.0,88.5,85.8
2022-10-26 21:00:00,80.1,81.0,85.0,78.8,79.7,80.2,82.6,95.3,84.0,80.2
2022-10-26 22:00:00,74.9,76.4,79.6,74.6,75.6,75.6,77.6,84.9,78.6,74.6
2022-10-26 23:00:00,75.3,77.4,79.2,74.7,76.2,77.5,78.2,86.3,79.4,75.7
2022-10-27 00:00:00,78.4,80.7,82.1,77.7,79.8,79.5,81.5,93.0,82.2,77.8
2022-10-27 01:00:00,71.9,74.8,76.1,72.2,74.3,73.2,75.1,80.4,74.6,70.6
2022-10-27 02:00:00,70.3,73.1,74.7,70.0,72.0,72.1,73.2,78.0,73.7,69.9
2022-10-27 03:00:00,67.0,69.9,71.6,67.3,68.4,68.5,69.8,72.9,70.0,66.2
2022-10-27 04:00:00,61.6,64.8,66.2,62.4,63.7,63.1,64.3,65.9,64.2,60.2
2022-10-27 05:00:00,65.6,69.2,69.9,65.8,67.2,67.2,68.6,71.6,67.8,63.6
2022-10-27 06:00:00,67.7,70.8,72.4,68.2,68.5,68.1,69.5,73.4,69.7,65.4
2022-10-27 07:00:00,60.7,63.6,64.7,60.5,59.6,59.1,60.2,62.2,60.4,56.5
2022-10-27 08:00:00,59.7,62.9,62.7,58.7,58.1,57.4,58.4,60.3,58.3,54.3
2022-10-27 09:00:00,61.0,64.3,63.1,58.9,60.0,59.3,60.5,62.6,60.1,56.0
2022-10-27 10:00:00,57.8,60.7,58.0,54.0,58.6,58.3,59.3,60.8,59.7,55.8
2022-10-27 11:00:00,51.4,56.1,55.2,51.4,54.2,53.3,54.7,55.0,56.5,52.2
2022-10-27 12:00:00,44.1,54.0,50.9,48.2,49.7,51.3,53.0,53.2,54.7,44.0
2022-10-27 13:00:00,44.5,52.7,52.1,48.4,48.4,50.1,50.6,51.0,51.0,43.4
2022-10-27 14:00:00,39.0,53.4,50.9,45.3,49.9,47.2,44.2,50.1,46.8,39.2
2022-10-27 15:00:00,43.5,52.1,48.6,41.4,49.9,48.5,45.1,51.0,43.7,42.2
2022-10-27 16:00:00,46.4,50.7,51.1,40.9,48.5,47.6,48.1,49.7,46.0,42.6
2022-10-27 17:00:00,43.6,49.4,52.0,41.9,46.2,47.5,48.1,49.5,47.9,42.5
2022-10-27 18:00:00,48.3,52.3,53.0,43.5,43.1,45.2,48.7,49.9,49.0,43.0
2022-10-27 19:00:00,51.9,56.0,55.1,49.5,49.7,49.9,51.3,52.7,50.6,46.8
2022-10-27 20:00:00,55.8,59.6,57.5,52.8,53.6,54.0,54.8,56.4,53.6,49.8
2022-10-27 21:00:00,59.4,63.1,60.9,56.1,55.9,56.3,57.2,59.1,55.9,52.0
2022-10-27 22:00:00,61.8,65.2,63.9,58.6,57.3,57.5,58.8,60.7,57.3,53.5
2022-10-27 23:00:00,64.1,67.4,66.3,60.7,59.4,59.0,60.3,63.0,59.5,56.5
2022-10-28 00:00:00,66.1,69.1,67.8,62.2,62.5,63.1,63.8,66.5,65.7,62.0
2022-10-28 01:00:00,69.1,72.1,70.2,64.9,64.3,64.9,66.1,69.0,67.7,64.9
2022-10-28 02:00:00,70.1,73.0,71.2,66.8,65.8,67.2,68.1,70.6,65.8,65.2
2022-10-28 03:00:00,70.5,73.2,70.8,66.6,66.6,68.2,68.7,71.7,63.6,64.3
2022-10-28 04:00:00,68.8,71.2,68.6,64.3,67.4,70.0,68.3,73.1,59.7,62.2
2022-10-28 05:00:00,67.5,70.4,68.4,63.5,68.1,71.6,71.7,75.9,61.8,62.1
2022-10-28 06:00:00,68.7,71.8,71.2,66.3,67.6,70.3,69.4,74.5,66.7,64.7
2022-10-28 07:00:00,70.4,73.0,72.5,68.2,69.9,71.4,72.4,76.5,70.4,67.0
2022-10-28 08:00:00,71.7,74.5,74.4,69.3,70.3,71.0,71.0,76.4,70.6,67.7
2022-10-28 09:00:00,69.9,73.8,74.2,68.2,68.2,67.3,69.7,73.1,69.5,67.0
2022-10-28 10:00:00,66.7,70.8,71.0,65.4,67.4,65.3,68.9,71.3,70.5,67.6
2022-10-28 11:00:00,60.6,64.9,62.5,57.9,62.5,61.1,63.4,64.7,66.8,62.2
2022-10-28 12:00:00,47.9,57.9,54.3,50.7,50.9,52.2,55.5,55.8,58.7,48.5
2022-10-28 13:00:00,56.5,63.1,60.4,55.7,56.9,55.5,58.4,60.5,63.4,56.6
2022-10-28 14:00:00,51.5,66.1,61.5,54.2,60.2,53.5,54.0,61.6,63.6,56.1
2022-10-28 15:00:00,56.9,66.6,60.0,50.1,62.9,58.2,56.7,65.3,61.1,59.5
2022-10-28 16:00:00,59.2,64.3,63.3,48.4,61.4,59.0,60.8,64.2,62.8,59.8
2022-10-28 17:00:00,55.0,62.1,62.8,45.8,58.0,59.1,61.1,63.4,63.1,57.9
2022-10-28 18:00:00,60.0,64.6,64.9,51.7,52.6,54.7,61.6,63.9,64.0,58.8
2022-10-28 19:00:00,60.9,65.7,65.9,58.5,59.0,58.2,61.7,64.3,63.6,60.3
2022-10-28 20:00:00,64.3,68.9,68.6,61.9,62.6,62.1,64.3,67.2,65.4,62.1
2022-10-28 21:00:00,68.8,72.5,71.2,64.6,65.4,65.2,67.1,70.8,67.6,64.7
2022-10-28 22:00:00,72.2,75.6,74.4,67.9,68.4,69.3,70.5,75.3,69.9,67.0
2022-10-28 23:00:00,76.3,80.3,76.8,70.3,73.6,74.8,76.3,83.5,70.8,68.6
2022-10-29 00:00:00,79.2,82.2,78.7,72.3,74.7,77.0,78.0,85.3,74.0,70.9
2022-10-29 01:00:00,81.3,85.0,81.8,75.7,77.4,78.2,80.5,90.6,78.4,73.6
2022-10-29 02:00:00,83.0,86.8,84.7,78.8,78.3,79.3,81.1,92.0,81.2,78.4
2022-10-29 03:00:00,84.7,88.0,86.4,79.9,80.6,81.3,83.6,97.6,80.2,76.7
2022-10-29 04:00:00,84.6,87.0,86.2,79.5,81.0,81.5,84.5,98.7,82.7,78.7
2022-10-29 05:00:00,83.9,86.8,86.4,79.1,80.3,81.0,83.9,97.4,84.1,79.9
2022-10-29 06:00:00,85.8,88.7,87.9,80.2,81.5,82.0,84.9,98.5,84.8,80.5
2022-10-29 07:00:00,86.2,88.1,89.7,82.2,82.9,82.5,85.9,100,85.7,81.3
2022-10-29 08:00:00,88.3,90.1,91.1,83.6,88.8,86.8,91.3,100,89.5,86.2
2022-10-29 09:00:00,90.9,92.4,93.3,86.7,90.0,88.9,93.3,100,94.5,92.8
2022-10-29 10:00:00,90.4,89.6,80.4,77.0,88.9,88.3,92.9,100,91.0,89.1
2022-10-29 11:00:00,74.1,76.5,68.4,65.5,77.3,76.0,79.0,87.8,78.9,73.9
2022-10-29 12:00:00,50.4,64.6,56.2,56.0,59.8,62.5,68.2,69.2,68.4,50.8
2022-10-29 13:00:00,47.5,55.6,49.9,50.1,49.0,52.0,56.3,55.9,56.8,44.1
2022-10-29 14:00:00,40.9,55.6,46.6,43.5,48.0,43.2,40.6,48.8,49.0,38.9
2022-10-29 15:00:00,44.7,53.2,44.7,38.4,49.8,46.3,41.9,50.7,44.0,42.6
2022-10-29 16:00:00,45.3,49.5,47.9,36.7,47.4,46.2,46.5,48.5,45.0,42.0
2022-10-29 17:00:00,43.6,48.6,50.7,37.8,45.0,46.4,47.3,48.2,47.6,41.8
2022-10-29 18:00:00,50.8,55.0,54.8,43.1,42.7,45.7,50.9,51.8,51.3,45.0
2022-10-29 19:00:00,56.2,59.9,60.4,53.9,51.6,52.5,55.4,56.4,56.2,51.8
2022-10-29 20:00:00,60.7,64.5,65.9,60.5,54.8,55.3,56.6,57.2,59.2,55.2
2022-10-29 21:00:00,72.1,76.1,77.4,71.3,61.6,62.5,64.3,65.5,70.4,65.5
2022-10-29 22:00:00,81.7,84.4,84.3,77.9,70.9,72.3,74.8,80.3,80.6,77.0
2022-10-29 23:00:00,83.7,85.9,87.4,80.0,68.3,69.3,71.3,75.1,77.1,74.0
2022-10-30 00:00:00,84.5,87.9,85.7,78.6,74.1,74.8,74.5,86.9,70.7,68.3
2022-10-30 01:00:00,84.6,87.6,85.3,78.3,79.3,80.8,82.6,98.7,72.3,72.1
2022-10-30 02:00:00,85.5,87.8,85.7,78.7,80.0,79.9,81.8,96.8,74.1,72.5
2022-10-30 03:00:00,86.0,87.8,86.8,80.1,82.4,82.8,86.0,100,81.5,78.6
2022-10-30 04:00:00,86.7,88.4,88.0,81.8,82.8,83.3,86.7,100,83.6,80.0
2022-10-30 05:00:00,86.6,88.4,86.8,79.9,79.0,80.5,81.7,97.9,86.2,81.8
2022-10-30 06:00:00,86.1,88.4,86.4,79.2,80.7,82.5,84.6,100.0,86.7,81.5
2022-10-30 07:00:00,86.7,89.3,89.1,81.9,81.8,83.0,85.7,100,91.3,84.5
2022-10-30 08:00:00,86.2,89.7,92.6,85.4,84.6,83.9,87.5,99.9,97.6,94.0
2022-10-30 09:00:00,89.8,92.7,94.9,87.7,91.2,88.4,93.4,100,98.3,98.7
2022-10-30 10:00:00,89.1,91.4,94.3,87.2,90.1,86.7,92.3,100,98.6,98.0
2022-10-30 11:00:00,84.0,87.7,92.0,83.8,85.6,82.6,87.6,100,92.0,87.6
2022-10-30 12:00:00,62.7,80.5,76.8,68.8,73.1,74.7,82.1,89.5,83.7,59.9
2022-10-30 13:00:00,52.2,64.3,59.6,55.1,55.2,58.6,64.7,63.9,63.3,46.1
2022-10-30 14:00:00,51.6,63.7,60.8,55.4,49.5,49.9,51.3,52.9,56.9,47.8
2022-10-30 15:00:00,41.0,48.1,43.3,37.0,41.7,40.8,39.0,42.8,38.2,36.1
2022-10-30 16:00:00,35.6,41.3,41.7,35.5,37.9,37.0,37.8,38.7,37.6,34.7
2022-10-30 17:00:00,40.5,45.7,46.2,39.5,39.9,39.5,40.6,41.4,42.6,38.6
2022-10-30 18:00:00,44.2,48.7,49.3,41.2,41.1,42.5,45.3,46.1,47.4,41.9
2022-10-30 19:00:00,53.7,57.9,59.0,53.8,49.3,49.4,50.7,52.5,54.4,50.2
2022-10-30 20:00:00,75.2,78.9,80.6,74.3,70.5,70.8,73.2,80.5,80.3,76.3
2022-10-30 21:00:00,77.2,80.3,83.2,76.5,63.8,63.6,65.7,69.0,74.1,71.6
2022-10-30 22:00:00,78.0,81.2,78.8,73.3,64.9,64.8,65.5,70.6,62.6,61.6
2022-10-30 23:00:00,80.3,83.3,81.2,76.4,76.1,76.5,78.5,89.6,74.8,71.9
2022-10-31 00:00:00,78.4,82.0,79.9,74.6,75.2,76.3,78.2,87.2,79.4,74.9
2022-10-31 01:00:00,77.5,81.1,78.5,73.0,72.2,73.7,74.8,81.1,77.8,73.2
2022-10-31 02:00:00,78.0,81.5,77.9,72.7,71.4,72.6,73.8,79.3,75.9,70.9
2022-10-31 03:00:00,75.9,80.0,76.7,70.5,70.8,71.2,72.7,77.9,77.0,72.4
2022-10-31 04:00:00,76.1,79.7,77.4,71.9,69.6,70.0,70.5,76.1,77.5,73.4
2022-10-31 05:00:00,74.3,77.1,77.4,71.9,68.5,68.3,68.9,73.8,71.5,68.8
2022-10-31 06:00:00,74.6,77.2,77.7,72.3,70.9,70.7,71.8,78.1,73.1,69.6
2022-10-31 07:00:00,71.9,75.1,76.6,71.3,70.7,69.4,71.8,77.1,74.0,70.5
2022-10-31 08:00:00,75.5,78.6,80.0,74.5,75.1,73.6,76.2,84.9,80.4,76.8
2022-10-31 09:00:00,81.8,83.7,86.4,80.5,77.9,76.1,78.9,89.2,82.3,79.5
2022-10-31 10:00:00,86.9,87.9,89.1,83.5,85.1,83.4,85.9,100,87.6,83.9
2022-10-31 11:00:00,87.4,88.3,90.6,84.4,85.6,83.4,86.3,100,91.6,88.4
2022-10-31 12:00:00,86.9,87.8,90.8,84.8,86.0,83.6,86.4,100,93.0,89.9
2022-10-31 13:00:00,86.1,87.5,90.3,83.9,86.4,82.8,86.7,100,93.4,91.8
2022-10-31 14:00:00,84.5,85.9,88.1,82.5,84.3,80.5,83.5,99.6,91.8,87.8
2022-10-31 15:00:00,82.1,84.1,85.7,80.2,82.2,78.5,81.1,96.1,88.6,84.6
2022-10-31 16:00:00,79.4,81.8,83.0,77.8,80.1,76.2,78.7,91.1,85.9,81.6
2022-10-31 17:00:00,78.5,81.5,82.6,77.0,79.5,76.1,79.1,89.4,84.4,80.7
2022-10-31 18:00:00,83.4,85.4,88.0,81.9,83.1,80.1,83.9,97.8,89.5,86.6
2022-10-31 19:00:00,85.4,87.5,90.4,83.7,84.9,82.4,86.1,100,91.8,89.7
2022-10-31 20:00:00,87.5,89.3,92.4,85.7,87.7,84.8,89.0,100,94.7,93.5
2022-10-31 21:00:00,90.3,91.5,95.2,88.2,89.8,86.6,91.9,100,97.0,96.0
2022-10-31 22:00:00,91.1,92.0,95.3,88.6,89.9,86.9,92.5,100,97.5,95.2
2022-10-31 23:00:00,91.7,92.6,95.8,89.4,90.8,88.1,93.1,100,99.0,98.1
2022-11-01 00:00:00,92.2,92.8,96.1,89.6,91.3,89.1,93.2,100,99.5,98.3
2022-11-01 01:00:00,92.9,93.2,96.7,90.5,92.8,90.4,95.2,100,100,99.9
2022-11-01 02:00:00,93.4,93.7,98.3,92.2,94.4,91.2,97.2,100,100,100
2022-11-01 03:00:00,94.0,94.1,97.6,91.9,94.0,90.7,96.8,100,100,100
2022-11-01 04:00:00,94.7,94.5,97.7,92.1,94.2,90.8,98.1,100,100,100
2022-11-01 05:00:00,95.8,95.0,99.4,92.7,94.9,91.1,98.6,100,100,100
2022-11-01 06:00:00,95.2,94.4,98.6,92.0,94.2,90.7,97.1,100,100,100
2022-11-01 07:00:00,94.9,93.8,97.7,91.4,93.1,90.5,96.0,100,100.0,99.9
2022-11-01 08:00:00,94.2,93.0,97.6,91.4,91.8,89.2,94.5,100,98.2,98.3
2022-11-01 09:00:00,94.0,91.7,97.0,90.5,90.4,87.4,92.7,100,96.4,95.5
2022-11-01 10:00:00,90.3,89.5,95.1,88.3,89.4,86.7,91.4,100,95.5,94.3
2022-11-01 11:00:00,89.8,89.9,92.8,86.6,89.2,87.1,92.7,100,95.7,94.7
2022-11-01 12:00:00,84.5,85.9,89.1,83.6,85.6,84.2,87.1,99.6,92.2,86.4
2022-11-01 13:00:00,68.3,77.2,74.9,71.0,71.7,74.8,76.3,87.6,79.2,66.5
2022-11-01 14:00:00,49.0,66.8,60.8,53.3,58.5,57.1,51.4,61.9,58.6,48.1
2022-11-01 15:00:00,51.8,61.2,55.4,45.6,58.5,56.9,52.4,60.9,51.0,51.0
2022-11-01 16:00:00,65.9,68.5,67.8,54.6,67.2,65.3,67.4,73.6,68.3,64.7
2022-11-01 17:00:00,69.8,72.4,74.2,60.0,70.2,70.3,72.9,80.9,75.7,68.2
2022-11-01 18:00:00,71.2,74.8,75.0,62.7,62.9,66.1,71.3,77.5,74.4,67.6
2022-11-01 19:00:00,70.5,72.6,79.9,71.9,66.1,65.5,68.0,72.6,73.3,69.6
2022-11-01 20:00:00,67.2,67.7,78.8,72.1,65.8,66.0,66.8,70.1,68.5,64.5
2022-11-01 21:00:00,70.0,71.3,78.5,71.5,68.7,68.8,70.0,74.3,70.7,66.3
2022-11-01 22:00:00,71.1,73.4,79.6,72.2,69.1,70.3,71.3,76.3,72.7,68.8
2022-11-01 23:00:00,75.3,77.7,82.3,75.1,73.9,74.5,76.2,85.0,76.0,72.5
2022-11-02 00:00:00,80.4,82.5,85.9,79.4,77.7,78.3,80.3,93.9,79.4,77.6
2022-11-02 01:00:00,83.7,86.4,87.7,81.2,74.4,75.2,77.0,86.6,82.0,81.1
2022-11-02 02:00:00,84.1,85.4,87.7,80.7,72.6,73.9,75.1,82.0,83.9,82.0
2022-11-02 03:00:00,82.3,83.2,89.2,82.1,74.1,76.6,77.8,85.8,84.4,82.2
2022-11-02 04:00:00,84.5,86.8,90.9,83.9,78.1,79.5,81.2,95.3,85.8,84.7
2022-11-02 05:00:00,79.0,79.3,90.2,82.2,74.4,77.4,79.1,88.6,79.0,78.4
2022-11-02 06:00:00,79.1,79.7,87.9,80.3,73.3,76.3,77.6,85.4,76.7,73.9
2022-11-02 07:00:00,80.1,81.6,86.0,79.3,74.9,76.6,78.3,87.3,79.2,75.9
2022-11-02 08:00:00,85.9,87.8,89.0,83.3,76.8,77.9,79.7,90.4,85.0,80.9
2022-11-02 09:00:00,86.2,87.2,86.6,81.1,78.3,78.1,79.8,91.4,84.0,80.5
2022-11-02 10:00:00,80.9,80.8,74.0,70.2,76.6,75.9,78.1,87.6,78.3,75.5
2022-11-02 11:00:00,71.7,76.5,70.1,64.8,75.3,74.9,77.3,83.6,77.5,72.0
2022-11-02 12:00:00,51.8,70.1,62.7,59.2,65.5,66.6,71.8,73.4,72.7,51.8
2022-11-02 13:00:00,54.0,65.2,59.5,56.3,57.7,60.6,65.0,65.0,66.1,49.7
2022-11-02 14:00:00,49.9,67.1,59.8,53.7,59.4,54.4,49.5,62.4,60.8,48.1
2022-11-02 15:00:00,61.5,69.8,63.0,52.8,66.3,62.9,57.0,71.4,61.9,58.9
2022-11-02 16:00:00,65.6,69.6,70.0,51.3,67.2,65.5,67.2,72.6,66.4,61.9
2022-11-02 17:00:00,61.6,67.8,71.4,51.5,65.8,66.1,68.3,72.7,71.3,63.2
2022-11-02 18:00:00,68.6,73.5,75.6,59.7,61.5,65.3,70.2,74.9,74.4,67.1
2022-11-02 19:00:00,82.9,84.8,87.1,78.3,74.7,75.0,79.4,88.8,86.7,82.0
2022-11-02 20:00:00,87.1,89.8,91.9,83.6,83.2,82.6,87.1,100,94.3,91.9
2022-11-02 21:00:00,89.2,91.2,93.1,84.6,87.2,85.6,91.3,100,97.7,94.5
2022-11-02 22:00:00,90.1,91.2,93.6,86.0,87.9,86.0,90.7,100,97.5,94.5
2022-11-02 23:00:00,89.1,90.6,92.7,84.9,88.0,85.7,90.9,100,97.3,94.0
2022-11-03 00:00:00,88.7,90.9,93.4,85.0,87.9,85.5,91.2,100,96.8,92.8
2022-11-03 01:00:00,89.3,91.5,95.6,88.5,88.8,86.9,92.0,100,96.2,92.2
2022-11-03 02:00:00,90.4,92.5,97.6,90.6,90.5,88.5,92.6,100,98.2,94.8
2022-11-03 03:00:00,90.7,92.8,97.4,89.2,91.3,89.1,93.5,100,98.9,95.5
2022-11-03 04:00:00,91.1,92.7,96.8,89.3,91.3,88.5,94.0,100,99.5,96.0
2022-11-03 05:00:00,93.0,93.5,96.8,89.7,92.1,90.3,95.1,100,100,98.9
2022-11-03 06:00:00,93.4,92.5,95.5,89.5,91.9,91.7,95.1,100,100,99.2
2022-11-03 07:00:00,93.5,92.5,95.2,89.4,92.1,91.5,95.1,100,100,99.0
2022-11-03 08:00:00,94.6,93.2,95.1,89.6,92.1,91.2,94.8,100,100,98.4
2022-11-03 09:00:00,92.0,91.7,93.4,89.3,91.2,90.4,93.9,100,100,98.6
2022-11-03 10:00:00,87.2,89.0,89.8,86.3,88.5,88.3,90.7,100,98.2,93.8
2022-11-03 11:00:00,82.9,84.9,86.1,83.5,86.5,85.3,88.4,100,96.0,90.3
2022-11-03 12:00:00,82.3,81.4,81.4,79.3,82.1,78.6,82.8,96.1,92.0,85.7
2022-11-03 13:00:00,85.6,82.5,82.3,81.5,83.1,78.7,83.0,97.8,95.0,89.7
2022-11-03 14:00:00,86.1,82.6,82.5,82.8,83.4,79.5,82.9,99.8,96.3,90.5
2022-11-03 15:00:00,84.5,81.5,83.6,82.0,82.9,79.4,82.0,99.3,95.2,89.0
2022-11-03 16:00:00,84.3,82.0,84.4,82.1,83.6,79.9,82.5,99.8,94.6,87.4
2022-11-03 17:00:00,85.2,84.0,85.5,79.5,83.2,80.4,82.9,100,92.3,85.3
2022-11-03 18:00:00,83.6,85.1,85.7,74.0,75.6,78.4,83.1,99.0,88.1,80.7
2022-11-03 19:00:00,86.0,87.3,89.9,83.0,82.7,81.6,85.6,99.9,91.6,87.0
2022-11-03 20:00:00,88.7,89.4,92.3,85.6,83.9,83.1,86.7,100.0,92.5,88.7
2022-11-03 21:00:00,93.3,92.6,93.8,88.1,86.5,86.0,89.9,100,95.6,92.2
2022-11-03 22:00:00,95.2,93.9,96.0,90.5,91.3,89.4,93.8,100,100,99.6
2022-11-03 23:00:00,96.2,94.7,97.2,91.7,93.0,90.8,95.4,100,100,100
2022-11-04 00:00:00,95.7,94.5,97.2,91.6,92.9,90.4,95.0,100,100,100
2022-11-04 01:00:00,94.6,94.2,96.7,91.0,92.8,90.4,95.2,100,100,100
2022-11-04 02:00:00,93.0,93.4,96.4,90.2,92.5,90.4,95.2,100,100,100
2022-11-04 03:00:00,92.6,93.3,96.6,90.3,92.2,90.0,95.6,100,100,100
2022-11-04 04:00:00,94.0,94.0,96.7,90.7,93.7,90.7,96.5,100,100,100
2022-11-04 05:00:00,93.9,94.0,96.8,90.6,94.0,90.9,96.3,100,100,100
2022-11-04 06:00:00,92.7,93.8,97.0,90.5,93.6,90.1,96.4,100,100,100
2022-11-04 07:00:00,92.5,93.7,97.8,90.9,92.8,89.7,96.6,100,100,100
2022-11-04 08:00:00,92.9,94.2,97.9,90.7,92.6,90.4,96.2,100,100,99.9
2022-11-04 09:00:00,93.7,94.7,97.3,90.9,92.7,91.3,96.3,100,99.8,100.0
2022-11-04 10:00:00,94.7,94.0,91.7,86.9,91.7,90.3,95.3,100,97.3,97.1
2022-11-04 11:00:00,84.5,86.2,79.3,75.7,83.3,81.3,84.9,96.3,87.6,84.0
2022-11-04 12:00:00,61.2,71.9,66.5,66.4,71.3,69.2,74.0,79.4,76.3,60.2
2022-11-04 13:00:00,59.2,65.6,62.1,62.3,64.1,61.9,65.8,69.0,70.3,59.2
2022-11-04 14:00:00,55.3,62.8,60.2,58.9,60.7,57.1,58.3,64.1,65.1,57.1
2022-11-04 15:00:00,57.8,61.2,60.7,58.7,60.7,57.2,59.5,63.3,63.6,58.7
2022-11-04 16:00:00,56.2,59.3,59.8,55.6,58.6,55.8,57.8,60.5,60.9,56.8
2022-11-04 17:00:00,53.7,57.1,58.9,51.4,56.3,54.9,56.8,58.6,58.6,54.0
2022-11-04 18:00:00,57.3,60.6,61.5,56.1,57.1,56.5,58.4,60.4,60.6,56.9
2022-11-04 19:00:00,59.6,63.0,64.9,60.4,59.5,58.6,60.0,62.0,62.9,60.0
2022-11-04 20:00:00,61.8,65.0,67.9,63.3,61.6,60.8,62.1,65.0,65.8,62.4
2022-11-04 21:00:00,64.0,67.1,70.7,65.8,63.7,63.0,64.2,67.2,67.5,64.1
2022-11-04 22:00:00,67.3,70.2,71.0,65.3,62.6,61.6,63.1,65.6,66.7,63.8
2022-11-04 23:00:00,65.3,67.9,70.8,64.7,62.4,61.5,62.8,65.3,66.8,63.9
2022-11-05 00:00:00,65.2,68.0,71.9,65.3,63.2,62.5,63.6,66.4,67.0,64.3
2022-11-05 01:00:00,65.2,68.0,70.7,63.9,63.8,63.3,64.3,67.1,66.3,63.8
2022-11-05 02:00:00,64.8,68.2,70.9,64.5,64.4,63.7,64.9,67.9,66.7,64.2
2022-11-05 03:00:00,67.1,70.2,72.6,66.4,66.2,65.5,66.9,70.8,68.9,66.3
2022-11-05 04:00:00,69.2,72.0,75.1,68.8,68.1,67.6,68.8,73.4,71.3,68.6
2022-11-05 05:00:00,68.5,71.4,75.1,68.3,68.1,67.4,68.7,73.1,71.3,68.5
2022-11-05 06:00:00,68.2,71.0,75.1,68.3,67.8,67.1,68.4,72.5,70.9,68.3
2022-11-05 07:00:00,67.7,70.7,73.9,67.4,67.6,66.9,68.1,72.2,70.2,67.8
2022-11-05 08:00:00,67.0,70.2,73.0,66.7,67.0,66.3,67.6,71.3,69.6,67.1
2022-11-05 09:00:00,67.3,70.3,72.4,66.5,66.7,65.9,67.3,71.1,69.2,66.5
2022-11-05 10:00:00,65.8,68.2,68.4,64.8,66.4,64.9,66.7,70.6,69.0,66.1
2022-11-05 11:00:00,63.0,65.8,65.5,63.2,65.2,63.3,65.1,69.2,68.2,64.3
2022-11-05 12:00:00,61.8,64.4,64.7,62.6,63.5,61.3,63.1,66.5,66.8,62.8
2022-11-05 13:00:00,59.0,61.9,61.7,59.7,60.5,58.3,60.3,63.3,64.2,58.8
2022-11-05 14:00:00,53.1,60.6,59.2,56.5,59.5,54.6,54.0,60.7,60.5,54.5
2022-11-05 15:00:00,52.5,58.2,56.2,51.8,57.0,53.4,51.5,58.3,55.9,53.4
2022-11-05 16:00:00,51.7,55.4,55.3,46.7,53.5,51.4,52.3,54.3,53.4,49.3
2022-11-05 17:00:00,48.5,52.5,54.3,46.1,51.5,50.0,51.0,52.3,52.6,48.5
2022-11-05 18:00:00,50.4,54.4,55.8,49.9,50.1,49.9,51.5,52.2,52.1,49.5
2022-11-05 19:00:00,50.9,54.7,56.2,51.4,50.8,50.3,51.4,51.6,51.1,49.5
2022-11-05 20:00:00,53.1,56.5,58.0,53.5,52.2,51.9,52.9,53.0,52.2,50.8
2022-11-05 21:00:00,56.1,59.5,61.1,56.5,55.2,55.1,56.3,56.7,55.5,54.0
2022-11-05 22:00:00,59.0,62.3,64.3,59.5,57.9,57.6,59.0,59.9,58.7,57.2
2022-11-05 23:00:00,61.2,64.3,66.3,61.7,61.9,60.7,62.4,65.4,64.2,61.7
2022-11-06 00:00:00,66.2,68.8,71.5,66.3,66.9,65.6,67.6,72.0,69.5,67.0
2022-11-06 01:00:00,77.6,79.1,84.3,78.5,79.4,76.8,81.6,90.6,88.0,83.0
2022-11-06 01:00:00,87.3,86.0,92.8,86.3,85.0,81.9,87.1,100,99.0,88.4
2022-11-06 02:00:00,85.2,83.9,90.0,82.5,80.7,78.1,82.5,97.5,89.5,82.1
2022-11-06 03:00:00,83.3,83.5,88.0,80.7,77.9,75.6,79.3,90.6,83.7,80.5
2022-11-06 04:00:00,77.1,79.1,82.5,75.5,71.6,69.7,72.6,78.3,78.4,75.5
2022-11-06 05:00:00,69.0,70.8,71.4,64.0,60.8,59.5,61.2,63.5,62.2,59.6
2022-11-06 06:00:00,55.1,57.1,60.7,54.9,53.6,52.6,53.8,54.8,54.0,51.7
2022-11-06 07:00:00,55.6,58.5,62.0,56.8,55.7,55.2,56.3,57.5,56.5,54.0
2022-11-06 08:00:00,57.5,60.7,63.3,58.6,58.2,57.8,58.9,60.5,59.2,56.7
2022-11-06 09:00:00,52.8,56.3,54.8,51.8,54.1,54.1,54.9,55.8,54.7,52.1
2022-11-06 10:00:00,44.6,49.2,47.5,45.0,46.9,46.5,47.6,47.7,47.5,44.8
2022-11-06 11:00:00,38.5,45.5,44.7,43.1,43.5,42.7,44.4,44.0,45.4,40.5
2022-11-06 12:00:00,36.8,42.8,42.4,41.1,40.7,39.4,41.4,40.8,43.6,39.4
2022-11-06 13:00:00,36.7,47.1,43.5,41.6,44.4,39.1,38.1,43.3,45.0,39.6
2022-11-06 14:00:00,43.1,49.7,46.0,43.5,47.6,43.9,41.4,47.7,47.5,44.8
2022-11-06 15:00:00,46.4,50.7,51.2,49.0,49.5,46.8,48.3,49.3,51.7,48.0
2022-11-06 16:00:00,48.4,52.6,54.1,51.4,51.0,48.6,50.0,51.1,53.4,50.0
2022-11-06 17:00:00,42.7,46.6,46.9,43.6,43.0,41.4,42.5,43.1,44.1,41.6
2022-11-06 18:00:00,40.8,44.7,45.4,41.9,41.2,39.9,41.0,41.3,41.8,39.8
2022-11-06 19:00:00,38.8,42.9,44.2,40.6,39.7,38.5,39.5,39.6,40.0,38.2
2022-11-06 20:00:00,41.6,45.7,47.4,43.7,42.9,41.6,42.8,42.9,43.2,41.4
2022-11-06 21:00:00,43.9,47.9,50.0,45.9,45.0,43.9,44.8,45.3,45.0,43.3
2022-11-06 22:00:00,44.5,48.4,52.2,47.7,46.4,45.4,46.0,46.8,46.7,45.0
2022-11-06 23:00:00,44.6,48.5,52.2,47.4,46.4,45.3,46.0,46.6,46.6,44.9
2022-11-07 00:00:00,52.5,56.1,60.4,56.4,52.1,51.2,52.4,53.1,57.6,55.1
2022-11-07 01:00:00,60.5,63.3,69.5,65.3,58.4,57.5,59.1,60.5,65.3,63.1
2022-11-07 02:00:00,54.3,57.5,67.9,62.5,57.6,56.5,58.1,59.5,61.2,59.8
2022-11-07 03:00:00,51.4,55.1,63.9,58.9,54.1,53.4,54.1,55.5,56.9,54.3
2022-11-07 04:00:00,51.7,55.3,60.0,55.2,53.0,52.9,53.5,54.4,54.0,51.7
2022-11-07 05:00:00,52.1,55.6,58.6,54.2,53.2,53.4,53.9,54.8,54.1,51.8
2022-11-07 06:00:00,50.0,53.5,56.2,52.2,51.0,51.5,51.6,52.4,51.8,49.4
2022-11-07 07:00:00,49.9,53.6,56.2,52.1,51.2,51.6,51.9,52.6,52.1,49.6
2022-11-07 08:00:00,52.9,56.7,58.6,54.6,54.6,54.4,55.2,56.3,55.8,53.4
2022-11-07 09:00:00,48.2,51.7,48.8,46.2,49.6,49.8,50.1,50.9,50.3,47.9
2022-11-07 10:00:00,38.0,43.4,39.1,37.1,41.6,42.1,42.0,42.3,42.4,39.5
2022-11-07 11:00:00,31.0,39.9,35.3,33.2,37.1,38.2,38.6,38.6,38.9,30.8
2022-11-07 12:00:00,31.1,38.5,34.2,32.0,33.9,36.1,36.4,36.6,36.1,30.4
2022-11-07 13:00:00,26.3,36.4,32.6,29.0,32.3,31.8,29.8,33.0,31.4,27.6
2022-11-07 14:00:00,30.0,37.1,33.5,27.4,34.3,34.0,32.2,34.8,31.8,31.5
2022-11-07 15:00:00,34.7,39.3,37.7,28.9,36.4,36.5,36.5,37.0,35.5,33.6
2022-11-07 16:00:00,35.4,40.9,40.6,31.7,38.6,39.3,39.2,39.5,39.3,35.8
2022-11-07 17:00:00,39.5,44.6,43.8,37.3,40.8,41.5,42.1,42.3,41.9,38.4
2022-11-07 18:00:00,40.9,45.6,45.3,41.3,42.9,42.7,43.2,43.4,42.6,40.2
2022-11-07 19:00:00,42.1,46.7,46.5,42.6,43.6,43.9,44.2,44.6,43.9,41.5
2022-11-07 20:00:00,45.8,50.4,50.0,46.1,47.0,47.5,47.7,48.3,47.7,45.1
2022-11-07 21:00:00,49.4,54.1,53.6,49.8,50.8,51.6,51.5,52.1,51.9,48.7
2022-11-07 22:00:00,53.2,57.8,57.3,53.4,54.8,55.5,55.6,56.5,56.0,52.1
2022-11-07 23:00:00,56.9,61.3,61.1,56.9,58.3,59.3,59.3,60.6,59.8,55.8
2022-11-08 00:00:00,59.9,64.2,64.6,59.7,61.3,61.9,62.5,64.2,63.0,59.2
2022-11-08 01:00:00,64.0,68.0,68.7,63.6,65.2,65.6,66.7,69.4,67.1,63.3
2022-11-08 02:00:00,66.6,70.2,71.4,65.9,67.9,67.8,69.6,72.8,69.4,65.7
2022-11-08 03:00:00,67.4,70.8,71.8,66.9,68.8,68.5,70.5,74.0,69.9,66.0
2022-11-08 04:00:00,67.5,70.5,71.1,66.0,68.2,67.7,69.5,72.9,68.7,64.4
2022-11-08 05:00:00,68.6,71.6,71.6,66.9,69.1,68.7,70.6,74.7,69.7,65.6
2022-11-08 06:00:00,70.6,73.4,73.4,69.1,71.2,70.9,73.0,78.2,71.1,67.2
2022-11-08 07:00:00,71.4,74.0,74.7,70.6,70.1,70.1,71.8,76.7,70.0,66.2
2022-11-08 08:00:00,72.0,74.8,75.1,69.8,70.8,69.3,71.6,76.8,70.5,67.0
2022-11-08 09:00:00,68.7,71.5,70.3,65.2,69.4,67.6,70.0,74.4,69.4,66.7
2022-11-08 10:00:00,58.5,64.9,64.0,59.5,63.5,62.3,64.7,66.2,64.8,61.2
2022-11-08 11:00:00,40.4,54.0,54.9,51.2,51.4,51.7,54.3,54.1,55.0,42.5
2022-11-08 12:00:00,33.6,42.8,42.3,38.7,36.6,38.7,40.3,40.0,39.8,32.8
2022-11-08 13:00:00,25.8,39.5,37.7,32.5,33.7,30.4,28.5,34.0,31.8,27.9
2022-11-08 14:00:00,30.5,39.2,37.5,30.5,36.0,33.4,30.4,36.3,30.5,31.8
2022-11-08 15:00:00,34.7,39.7,39.7,30.4,36.3,35.1,35.7,36.9,33.2,32.4
2022-11-08 16:00:00,36.6,43.0,44.9,33.2,40.2,39.5,40.2,41.4,41.2,36.5
2022-11-08 17:00:00,53.2,58.3,57.7,48.1,50.7,52.2,53.7,55.4,55.7,49.8
2022-11-08 18:00:00,57.5,62.5,62.3,55.9,57.0,56.8,58.4,60.6,59.7,55.7
2022-11-08 19:00:00,60.0,64.5,64.8,59.3,59.0,58.6,60.1,62.5,61.5,57.5
2022-11-08 20:00:00,62.0,66.2,66.7,61.0,60.4,59.7,61.6,63.7,63.4,59.6
2022-11-08 21:00:00,63.1,66.1,67.5,61.7,59.8,59.0,61.1,63.0,63.6,60.3
2022-11-08 22:00:00,62.8,66.2,66.1,60.5,60.3,59.4,59.9,63.3,61.8,58.7
2022-11-08 23:00:00,65.1,67.3,66.2,60.6,61.0,59.7,59.5,63.3,61.3,58.3
2022-11-09 00:00:00,69.0,72.3,72.4,66.9,66.8,66.7,68.0,71.9,69.0,65.4
2022-11-09 01:00:00,67.4,70.8,71.5,66.1,66.3,65.1,66.6,70.3,67.8,64.6
2022-11-09 02:00:00,63.4,66.9,68.0,62.9,62.8,61.5,63.1,65.8,64.6,61.5
2022-11-09 03:00:00,61.4,65.0,66.2,61.5,61.0,59.7,61.1,63.4,63.7,60.4
2022-11-09 04:00:00,66.4,69.8,70.5,65.8,65.3,64.2,65.8,69.1,68.3,64.5
2022-11-09 05:00:00,66.9,70.3,71.4,66.4,65.8,64.9,66.6,69.6,68.5,65.2
2022-11-09 06:00:00,66.9,70.2,71.2,66.3,65.7,64.8,66.4,69.6,68.7,65.6
2022-11-09 07:00:00,61.7,65.1,66.3,61.4,60.8,59.9,61.2,63.5,62.9,60.2
2022-11-09 08:00:00,57.3,61.1,61.7,57.0,56.7,55.7,56.9,58.5,58.5,56.0
2022-11-09 09:00:00,57.0,60.8,57.7,53.7,57.4,56.1,57.3,58.9,58.4,55.8
2022-11-09 10:00:00,54.3,60.5,57.0,52.9,58.4,57.4,58.7,59.4,60.9,57.0
2022-11-09 11:00:00,40.7,53.4,49.4,45.3,50.5,50.8,53.0,52.6,53.8,41.8
2022-11-09 12:00:00,36.7,45.3,41.2,37.6,37.5,41.0,42.5,41.7,42.2,32.9
2022-11-09 13:00:00,31.5,46.0,41.2,36.6,36.8,34.2,30.4,37.7,37.0,30.8
2022-11-09 14:00:00,35.4,43.4,40.2,33.5,38.1,35.3,31.7,38.6,34.3,34.1
2022-11-09 15:00:00,37.5,42.1,42.4,32.3,37.8,36.6,37.1,38.2,36.4,34.3
2022-11-09 16:00:00,38.0,44.4,44.9,33.1,40.8,40.2,40.7,41.4,40.7,35.5
2022-11-09 17:00:00,42.8,47.9,48.2,39.3,41.3,42.7,43.5,44.1,44.7,39.8
2022-11-09 18:00:00,50.7,55.7,56.2,50.9,48.8,49.5,49.9,50.3,53.0,50.2
2022-11-09 19:00:00,60.0,64.6,65.3,59.8,53.7,54.7,55.1,53.9,60.6,58.0
2022-11-09 20:00:00,63.7,67.9,68.9,63.0,56.6,56.6,57.9,58.0,64.3,61.2
2022-11-09 21:00:00,60.7,61.8,65.2,57.5,53.5,54.0,51.4,54.3,52.8,50.5
2022-11-09 22:00:00,53.9,57.0,58.1,55.0,46.8,47.2,46.6,47.0,47.7,45.4
2022-11-09 23:00:00,60.3,64.8,65.4,62.3,55.2,54.4,54.4,55.9,60.2,56.3
2022-11-10 00:00:00,65.1,69.2,69.5,65.5,55.9,54.1,54.6,56.9,63.3,60.1
2022-11-10 01:00:00,68.4,72.6,71.4,66.9,54.6,52.9,53.9,55.4,62.1,59.3
2022-11-10 02:00:00,62.7,67.3,63.3,57.7,50.0,48.2,49.1,49.8,55.0,53.2
2022-11-10 03:00:00,54.1,57.5,56.6,50.8,47.4,46.1,46.7,47.2,50.3,48.4
2022-11-10 04:00:00,50.6,54.8,56.2,50.3,47.3,46.1,46.5,47.3,51.2,48.9
2022-11-10 05:00:00,51.7,56.5,57.9,51.9,44.9,43.3,43.9,44.7,52.2,49.9
2022-11-10 06:00:00,48.2,53.2,52.0,46.6,41.3,39.8,40.5,40.9,44.3,42.6
2022-11-10 07:00:00,44.4,48.2,49.7,45.5,42.9,41.6,42.5,42.8,44.9,43.2
2022-11-10 08:00:00,46.0,49.6,52.9,49.1,44.7,43.3,43.9,44.5,48.7,47.0
2022-11-10 09:00:00,44.0,47.5,50.2,47.0,45.7,44.2,45.1,45.4,47.3,45.2
2022-11-10 10:00:00,37.5,42.2,41.5,40.1,41.7,40.7,41.8,41.3,43.0,40.3
2022-11-10 11:00:00,30.1,39.6,38.0,37.0,38.2,38.1,39.5,38.8,40.0,32.5
2022-11-10 12:00:00,34.5,41.0,39.6,38.7,37.6,39.0,40.0,40.0,41.9,36.2
2022-11-10 13:00:00,33.1,44.2,40.9,39.1,40.2,36.5,34.2,40.8,41.8,36.9
2022-11-10 14:00:00,38.3,45.3,42.7,38.4,43.2,40.4,37.4,43.5,41.8,40.7
2022-11-10 15:00:00,42.1,46.3,45.7,38.3,44.0,42.4,43.0,44.4,43.5,41.3
2022-11-10 16:00:00,43.1,47.5,47.7,41.5,45.0,43.6,44.3,45.7,46.3,42.6
2022-11-10 17:00:00,45.9,50.2,50.4,45.4,46.5,46.0,47.0,48.0,48.6,45.4
2022-11-10 18:00:00,47.9,52.2,53.1,48.9,48.3,47.7,48.3,49.2,50.0,47.6
2022-11-10 19:00:00,47.1,51.3,52.3,47.6,45.5,44.6,45.4,45.8,46.8,44.9
2022-11-10 20:00:00,49.5,53.4,56.8,52.4,47.0,46.1,46.9,47.3,51.5,49.5
2022-11-10 21:00:00,52.2,56.8,60.2,54.7,46.7,45.9,46.5,47.0,51.3,49.4
2022-11-10 22:00:00,52.4,56.8,59.4,53.2,47.8,47.2,47.3,48.0,52.2,49.9
2022-11-10 23:00:00,53.4,57.4,60.3,54.8,52.1,51.5,52.1,52.7,55.7,53.4
2022-11-11 00:00:00,54.8,58.6,61.3,55.7,53.2,52.3,52.9,53.9,57.7,55.3
2022-11-11 01:00:00,55.7,59.8,62.5,57.1,54.8,54.0,54.7,55.9,58.6,56.1
2022-11-11 02:00:00,57.7,61.6,64.3,58.8,57.1,56.4,57.0,58.5,60.6,57.9
2022-11-11 03:00:00,60.3,65.0,64.9,58.9,56.0,55.1,55.8,56.9,59.3,56.8
2022-11-11 04:00:00,61.9,66.6,65.6,59.2,56.3,55.4,56.0,57.4,59.5,56.8
2022-11-11 05:00:00,62.5,66.8,68.1,61.7,59.6,59.0,59.6,61.6,62.2,59.1
2022-11-11 06:00:00,65.1,68.8,71.4,65.1,64.3,63.8,64.6,67.9,66.7,63.6
2022-11-11 07:00:00,72.1,75.9,76.9,71.8,66.4,66.3,67.3,71.0,69.2,66.0
2022-11-11 08:00:00,75.9,78.6,79.5,74.4,68.2,68.4,69.2,74.3,71.6,68.8
2022-11-11 09:00:00,73.8,76.4,77.5,72.6,69.4,68.7,69.8,75.5,73.8,70.8
2022-11-11 10:00:00,70.0,73.0,74.6,69.7,66.4,65.3,67.2,71.0,71.0,67.6
2022-11-11 11:00:00,67.2,70.4,71.9,67.4,67.2,64.9,67.2,69.9,70.5,66.6
2022-11-11 12:00:00,69.6,73.1,74.9,70.5,70.6,68.7,70.5,75.7,75.0,70.5
2022-11-11 13:00:00,81.4,83.7,86.2,80.4,81.5,79.1,82.6,96.0,87.7,84.7
2022-11-11 14:00:00,89.3,90.7,93.8,87.1,89.1,86.1,90.8,100,96.0,96.7
2022-11-11 15:00:00,92.1,92.6,96.1,89.4,91.9,88.5,93.6,100,99.0,100
2022-11-11 16:00:00,93.7,93.8,98.1,91.4,93.1,89.6,95.5,100,99.7,100
2022-11-11 17:00:00,94.5,94.2,98.8,91.6,94.0,90.3,96.1,100,100.0,100
2022-11-11 18:00:00,95.4,94.4,99.0,91.9,94.0,90.5,96.2,100,100,100
2022-11-11 19:00:00,96.5,95.1,99.2,91.9,94.8,91.3,97.2,100,100,100
2022-11-11 20:00:00,96.1,94.6,98.2,92.0,93.3,90.9,97.1,100,100,100
2022-11-11 21:00:00,95.8,94.4,97.9,93.6,93.1,91.7,98.0,100,100,100
2022-11-11 22:00:00,95.3,94.1,97.6,93.0,93.3,91.6,98.2,100,100,100
2022-11-11 23:00:00,94.6,92.9,95.8,90.3,91.6,90.2,96.3,100,98.8,98.2
2022-11-12 00:00:00,89.5,88.8,91.0,86.4,87.3,87.0,91.2,100,92.4,89.1
2022-11-12 01:00:00,87.0,86.9,88.9,84.5,86.1,86.3,89.7,100,91.1,86.7
2022-11-12 02:00:00,83.9,84.6,86.6,82.7,83.8,84.5,87.1,100,87.8,83.4
2022-11-12 03:00:00,82.7,83.3,85.8,81.6,82.9,82.5,86.0,98.8,86.3,82.3
2022-11-12 04:00:00,77.6,78.8,81.1,76.8,78.4,78.5,80.9,90.5,81.5,77.4
2022-11-12 05:00:00,75.8,77.4,78.8,74.8,77.1,77.4,79.5,87.5,80.0,76.2
2022-11-12 06:00:00,71.0,73.0,74.2,70.4,71.9,73.1,74.0,78.8,74.9,70.8
2022-11-12 07:00:00,71.9,74.2,75.6,71.4,72.1,72.9,74.6,80.0,74.8,71.1
2022-11-12 08:00:00,72.6,74.8,77.0,72.4,73.0,72.7,75.3,80.7,75.6,72.7
2022-11-12 09:00:00,68.6,71.2,68.2,65.8,69.8,69.5,71.7,75.4,72.0,69.0
2022-11-12 10:00:00,63.3,67.1,63.8,62.1,65.8,66.0,67.7,69.9,68.5,64.4
2022-11-12 11:00:00,57.7,63.4,59.6,58.5,62.4,61.9,64.1,65.6,65.0,59.6
2022-11-12 12:00:00,56.0,60.5,57.2,54.8,58.2,58.4,60.0,61.0,60.9,56.7
2022-11-12 13:00:00,53.9,58.4,55.5,52.4,56.2,56.8,56.9,58.2,57.8,53.8
2022-11-12 14:00:00,56.2,60.2,58.1,55.1,58.3,58.3,59.4,60.5,60.3,56.9
2022-11-12 15:00:00,57.2,61.1,59.4,57.0,59.1,59.2,60.4,61.5,61.4,57.8
2022-11-12 16:00:00,55.0,59.1,58.1,55.0,57.0,57.6,58.0,58.8,59.1,55.4
2022-11-12 17:00:00,57.3,61.5,59.9,56.5,59.3,59.2,60.5,61.2,60.9,57.4
2022-11-12 18:00:00,67.2,70.8,70.7,65.9,70.1,70.0,71.5,74.6,71.4,67.5
2022-11-12 19:00:00,76.9,79.6,81.3,76.5,79.8,78.4,81.8,90.5,82.3,79.6
2022-11-12 20:00:00,80.3,82.1,84.5,79.7,81.9,80.4,84.7,95.5,85.7,83.8
2022-11-12 21:00:00,79.9,81.7,83.9,78.9,81.5,79.8,84.5,94.9,84.6,82.4
2022-11-12 22:00:00,78.3,80.2,82.2,77.4,79.7,78.4,82.5,91.0,82.8,80.3
2022-11-12 23:00:00,76.8,78.9,81.0,76.5,78.0,76.8,80.5,87.4,81.3,78.3
2022-11-13 00:00:00,76.0,78.1,79.4,74.6,76.5,75.6,79.0,85.2,79.2,75.8
2022-11-13 01:00:00,75.5,78.4,78.9,74.2,77.4,77.2,80.0,86.1,79.8,75.5
2022-11-13 02:00:00,76.4,79.0,79.7,74.7,78.2,78.3,80.5,87.3,81.1,76.9
2022-11-13 03:00:00,75.9,78.8,79.6,74.6,77.2,77.2,79.7,85.9,79.8,75.7
2022-11-13 04:00:00,75.7,78.4,79.7,74.1,76.9,76.1,79.1,84.8,79.0,74.5
2022-11-13 05:00:00,75.4,77.7,79.7,74.1,75.7,75.3,77.0,82.3,78.0,72.7
2022-11-13 06:00:00,71.0,73.5,75.1,70.0,71.4,71.2,72.7,75.7,73.6,68.7
2022-11-13 07:00:00,71.7,74.3,75.9,70.7,72.6,72.3,74.0,77.5,74.3,69.1
2022-11-13 08:00:00,72.2,74.6,76.7,72.2,73.7,73.0,74.5,78.8,75.9,70.4
2022-11-13 09:00:00,71.9,74.2,77.5,72.8,71.7,71.5,72.8,76.3,75.0,69.6
2022-11-13 10:00:00,63.2,65.9,68.7,64.9,64.9,64.3,65.3,67.1,67.0,61.9
2022-11-13 11:00:00,58.9,61.7,64.3,59.6,60.2,59.5,60.0,61.2,62.0,57.4
2022-11-13 12:00:00,55.1,58.7,61.0,56.4,58.0,56.9,58.6,58.9,59.2,55.0
2022-11-13 13:00:00,54.6,59.4,59.4,55.2,58.2,58.5,58.8,59.2,60.5,56.4
2022-11-13 14:00:00,54.0,59.3,58.8,53.8,58.2,57.9,58.6,59.1,59.6,55.5
2022-11-13 15:00:00,53.2,58.0,57.2,51.9,55.9,55.8,56.6,57.1,57.2,53.5
2022-11-13 16:00:00,53.0,57.2,57.0,53.2,55.5,55.0,56.5,56.4,55.8,52.2
2022-11-13 17:00:00,60.5,64.3,65.2,61.3,63.2,62.6,64.1,65.4,64.1,59.7
2022-11-13 18:00:00,58.6,62.5,62.8,58.3,60.5,60.6,61.9,63.0,61.9,58.2
2022-11-13 19:00:00,53.1,57.0,56.8,52.9,54.5,54.7,55.8,55.9,55.6,52.5
2022-11-13 20:00:00,54.1,58.0,57.8,54.0,55.5,55.9,56.8,57.0,56.7,53.5
2022-11-13 21:00:00,58.9,62.9,62.6,58.2,60.6,61.4,62.0,62.7,62.3,58.3
2022-11-13 22:00:00,62.9,66.5,66.9,62.4,64.5,64.2,66.0,67.3,66.2,62.1
2022-11-13 23:00:00,64.1,67.5,67.8,63.4,65.6,65.2,67.1,68.8,67.1,63.6
2022-11-14 00:00:00,67.1,70.1,70.4,66.2,68.1,67.9,69.8,72.0,69.5,66.6
2022-11-14 01:00:00,70.3,73.3,74.7,70.3,71.1,70.5,73.1,76.2,73.4,70.4
2022-11-14 02:00:00,68.2,71.5,73.5,68.8,68.9,68.4,70.5,73.0,70.9,66.6
2022-11-14 03:00:00,64.4,67.4,69.7,64.6,64.3,64.5,65.9,67.3,66.0,61.9
2022-11-14 04:00:00,67.7,70.5,71.2,66.0,67.3,67.3,69.0,71.4,68.4,64.2
2022-11-14 05:00:00,65.0,67.7,69.9,64.5,64.7,64.7,66.1,67.6,66.5,62.3
2022-11-14 06:00:00,60.3,63.8,65.1,60.0,61.6,61.8,62.7,63.6,63.4,59.5
2022-11-14 07:00:00,57.3,60.9,61.9,57.3,58.7,58.3,59.5,60.3,60.0,56.4
2022-11-14 08:00:00,56.4,60.2,60.9,56.6,57.6,57.5,58.4,59.3,58.7,55.1
2022-11-14 09:00:00,50.8,54.8,53.7,50.0,52.6,52.1,53.0,53.4,53.2,50.3
2022-11-14 10:00:00,45.3,50.4,49.6,46.0,48.4,48.1,48.6,48.8,49.1,45.8
2022-11-14 11:00:00,40.4,46.8,45.8,42.0,44.9,45.3,45.4,45.3,46.3,41.8
2022-11-14 12:00:00,41.5,47.3,46.7,42.4,43.5,44.4,44.0,44.6,45.2,41.5
2022-11-14 13:00:00,39.4,45.6,45.4,41.3,43.6,42.4,42.8,43.5,43.5,39.8
2022-11-14 14:00:00,40.7,45.3,46.2,41.9,43.1,42.3,42.5,43.0,43.6,40.9
2022-11-14 15:00:00,41.7,46.2,46.3,42.1,43.8,43.5,43.8,43.9,44.5,41.9
2022-11-14 16:00:00,42.4,46.7,46.6,42.2,43.9,43.5,44.1,44.2,44.6,42.1
2022-11-14 17:00:00,44.5,48.4,48.8,44.6,45.1,44.5,45.2,45.4,45.4,42.9
2022-11-14 18:00:00,44.6,48.6,48.8,44.7,45.1,44.1,45.0,45.4,45.3,42.4
2022-11-14 19:00:00,48.2,52.4,52.6,48.0,48.7,47.6,48.7,49.2,49.2,46.1
2022-11-14 20:00:00,50.1,54.4,54.5,49.7,49.8,48.9,50.0,50.4,50.7,47.2
2022-11-14 21:00:00,53.8,58.2,57.3,52.5,52.4,51.4,53.0,53.6,53.0,49.7
2022-11-14 22:00:00,57.5,61.1,59.8,54.9,54.5,53.8,55.1,56.2,53.5,50.6
2022-11-14 23:00:00,61.2,64.5,62.8,57.8,56.8,56.6,57.6,58.9,55.6,52.6
2022-11-15 00:00:00,63.2,66.7,65.4,61.2,59.7,59.2,60.6,62.4,58.3,55.6
2022-11-15 01:00:00,65.8,68.8,68.0,64.9,62.0,61.6,63.5,65.3,59.9,56.7
2022-11-15 02:00:00,67.2,70.5,70.0,66.0,63.2,62.7,64.7,66.9,62.1,58.7
2022-11-15 03:00:00,65.9,69.1,69.5,64.6,62.4,61.4,63.3,65.4,58.4,54.8
2022-11-15 04:00:00,62.1,65.6,66.1,61.0,59.1,57.6,59.8,60.9,57.2,54.7
2022-11-15 05:00:00,58.2,61.9,62.2,57.3,56.4,54.9,57.0,58.0,55.7,53.3
2022-11-15 06:00:00,57.2,61.1,60.6,56.0,55.7,54.2,56.3,57.3,55.1,52.4
2022-11-15 07:00:00,57.1,61.1,61.3,56.8,56.0,54.3,56.7,57.6,56.3,53.8
2022-11-15 08:00:00,56.5,60.8,61.8,57.1,56.6,54.4,57.0,57.6,57.5,54.9
2022-11-15 09:00:00,57.1,61.5,63.0,58.2,57.7,55.6,58.1,58.5,59.0,56.4
2022-11-15 10:00:00,56.7,61.3,63.5,58.3,57.6,55.2,58.0,58.3,59.5,56.7
2022-11-15 11:00:00,54.1,58.9,60.5,55.7,55.4,52.6,55.5,55.7,57.0,54.6
2022-11-15 12:00:00,64.6,69.1,71.6,67.1,65.6,63.7,65.8,67.3,67.8,64.9
2022-11-15 13:00:00,79.8,84.5,88.3,83.4,81.0,78.8,81.8,89.4,84.2,81.8
2022-11-15 14:00:00,79.8,82.8,87.1,81.8,80.5,78.5,81.1,88.4,84.1,81.4
2022-11-15 15:00:00,84.3,87.8,91.4,85.9,84.9,82.1,86.5,99.3,88.4,86.4
2022-11-15 16:00:00,84.7,87.8,91.4,86.6,85.2,82.3,86.5,99.6,88.3,85.9
2022-11-15 17:00:00,75.8,78.1,81.0,76.5,76.1,74.2,76.5,82.3,77.7,74.5
2022-11-15 18:00:00,70.5,72.9,75.5,71.2,70.4,68.9,70.8,73.4,71.8,68.6
2022-11-15 19:00:00,70.2,72.7,75.8,71.7,70.3,68.6,70.7,73.2,72.1,69.1
2022-11-15 20:00:00,72.1,74.6,77.5,72.9,72.0,70.1,72.7,75.8,73.9,70.8
2022-11-15 21:00:00,74.1,76.9,80.3,75.7,74.3,72.2,75.0,79.2,76.9,74.1
2022-11-15 22:00:00,81.3,84.7,88.0,82.7,81.8,79.1,83.1,93.1,84.6,82.0
2022-11-15 23:00:00,84.6,87.5,90.9,85.1,85.1,82.2,86.6,99.7,88.1,85.8
2022-11-16 00:00:00,86.4,89.3,92.6,86.7,86.6,83.7,88.4,100,89.8,87.9
2022-11-16 01:00:00,86.9,89.7,93.3,87.7,87.1,84.1,88.8,100,90.1,88.3
2022-11-16 02:00:00,87.3,90.0,93.4,87.6,87.3,84.3,88.8,100,90.6,89.0
2022-11-16 03:00:00,87.1,89.7,93.4,87.6,87.2,84.1,88.8,100,90.6,88.4
2022-11-16 04:00:00,86.8,89.3,93.2,88.1,86.7,83.6,88.1,100,90.3,87.9
2022-11-16 05:00:00,86.0,88.7,92.4,87.4,85.5,82.5,87.1,100,89.3,87.3
2022-11-16 06:00:00,84.8,87.5,90.7,85.7,84.0,81.5,85.7,98.8,88.0,85.4
2022-11-16 07:00:00,84.1,86.8,89.6,84.2,83.2,80.7,84.4,96.3,86.4,83.3
2022-11-16 08:00:00,84.5,86.9,90.2,84.6,83.6,80.8,84.7,97.0,87.0,84.3
2022-11-16 09:00:00,84.2,85.9,90.0,85.2,83.7,80.6,84.7,95.8,86.9,84.1
2022-11-16 10:00:00,83.3,84.5,89.2,84.1,83.3,81.1,84.3,95.9,86.4,84.1
2022-11-16 11:00:00,82.2,83.7,88.3,82.8,82.8,81.7,84.2,93.9,87.0,83.5
2022-11-16 12:00:00,82.4,83.7,86.9,81.5,82.9,81.9,84.6,94.3,86.9,84.2
2022-11-16 13:00:00,81.3,82.9,87.1,81.4,83.3,82.0,84.8,94.5,86.5,83.7
2022-11-16 14:00:00,79.3,80.7,84.3,78.8,80.6,80.1,82.8,89.9,84.7,80.7
2022-11-16 15:00:00,77.0,78.4,81.2,76.0,78.1,76.9,79.9,84.9,81.4,77.2
2022-11-16 16:00:00,74.8,76.0,78.6,73.0,75.8,74.6,77.4,81.3,79.1,74.0
2022-11-16 17:00:00,75.9,78.0,79.2,73.6,75.6,74.7,77.3,81.4,78.3,73.7
2022-11-16 18:00:00,77.3,78.8,80.9,75.5,76.0,74.7,77.3,81.8,77.3,73.2
2022-11-16 19:00:00,79.4,81.4,83.6,78.4,75.4,73.6,76.4,81.0,78.7,75.6
2022-11-16 20:00:00,82.3,85.0,85.6,80.0,78.6,77.4,79.9,86.9,81.6,78.4
2022-11-16 21:00:00,83.6,85.8,86.4,80.1,79.4,77.1,79.9,87.4,81.8,78.0
2022-11-16 22:00:00,78.7,79.9,84.9,79.5,78.2,76.1,79.4,85.2,81.5,77.3
2022-11-16 23:00:00,77.5,79.4,82.6,77.2,78.1,76.4,79.7,85.1,80.9,76.2
2022-11-17 00:00:00,76.1,78.2,81.2,75.9,76.5,75.4,78.2,82.6,79.3,74.4
2022-11-17 01:00:00,76.8,78.6,81.1,75.5,77.1,75.9,78.7,83.3,79.6,74.9
2022-11-17 02:00:00,76.9,78.6,81.5,75.9,77.5,75.7,79.0,84.3,80.1,75.3
2022-11-17 03:00:00,77.2,79.2,81.6,76.4,77.8,76.4,79.7,85.4,80.1,75.0
2022-11-17 04:00:00,78.0,79.9,83.5,77.9,78.3,77.5,80.3,86.6,80.8,76.6
2022-11-17 05:00:00,78.4,80.5,83.2,77.9,79.0,77.8,81.2,87.7,81.6,77.2
2022-11-17 06:00:00,75.9,78.1,80.3,74.9,76.7,77.3,78.6,83.8,79.7,75.3
2022-11-17 07:00:00,73.1,75.4,76.9,72.2,73.8,74.6,76.2,79.8,76.4,72.2
2022-11-17 08:00:00,67.6,69.8,72.0,67.6,68.2,68.5,69.9,71.7,70.4,66.3
2022-11-17 09:00:00,61.6,64.6,64.4,60.8,63.5,63.7,64.9,65.5,65.7,61.5
2022-11-17 10:00:00,60.0,64.2,61.6,58.8,63.9,64.2,65.4,65.9,66.3,61.2
2022-11-17 11:00:00,52.6,62.9,58.8,55.5,62.2,64.4,65.0,65.3,65.8,54.5
2022-11-17 12:00:00,55.2,61.5,58.1,53.4,60.3,61.2,62.4,63.2,63.4,55.4
2022-11-17 13:00:00,56.1,61.0,57.8,53.8,59.6,60.2,60.5,61.8,62.3,56.7
2022-11-17 14:00:00,56.5,60.5,58.4,53.1,59.5,59.4,60.2,61.1,61.4,56.4
2022-11-17 15:00:00,57.5,60.9,58.7,51.8,59.6,60.2,60.5,61.3,61.1,56.9
2022-11-17 16:00:00,59.1,62.8,61.2,54.7,60.8,61.2,62.1,62.8,63.2,57.7
2022-11-17 17:00:00,60.0,63.8,63.8,58.2,61.0,61.2,62.1,62.9,63.6,58.4
2022-11-17 18:00:00,61.0,64.8,66.0,61.0,63.0,61.6,63.8,64.9,64.4,60.4
2022-11-17 19:00:00,64.4,68.1,69.1,64.9,66.3,64.5,67.3,68.8,68.2,64.8
2022-11-17 20:00:00,64.2,67.9,69.3,65.1,66.0,64.3,67.0,68.4,68.1,64.5
2022-11-17 21:00:00,66.6,69.8,71.3,67.1,68.1,65.6,68.7,70.2,70.4,66.5
2022-11-17 22:00:00,69.9,73.1,75.1,71.2,72.2,69.7,73.7,75.9,75.5,72.0
2022-11-17 23:00:00,77.6,80.1,83.1,78.6,80.2,77.6,82.5,89.1,84.2,81.5
2022-11-18 00:00:00,75.0,77.5,80.4,75.1,76.6,74.9,78.7,84.1,79.4,76.7
2022-11-18 01:00:00,66.4,69.4,72.5,66.9,68.0,66.8,69.6,71.5,69.5,67.1
2022-11-18 02:00:00,67.8,70.9,73.4,68.3,69.3,68.3,71.3,73.6,70.8,68.5
2022-11-18 03:00:00,68.5,71.5,73.9,68.8,69.9,69.2,71.9,74.3,71.5,68.8
2022-11-18 04:00:00,69.8,72.7,75.2,70.1,71.2,70.2,73.3,76.0,72.8,70.4
2022-11-18 05:00:00,69.7,72.7,75.1,70.0,70.8,70.2,72.7,75.6,72.7,69.9
2022-11-18 06:00:00,70.6,73.5,76.3,71.1,71.7,70.8,73.8,76.8,73.6,70.9
2022-11-18 07:00:00,71.1,74.0,76.7,71.5,72.5,71.8,74.4,77.9,74.2,71.7
2022-11-18 08:00:00,71.4,74.2,76.2,71.4,72.7,72.2,74.4,78.0,74.8,71.5
2022-11-18 09:00:00,68.9,71.7,73.0,68.8,70.6,69.3,72.2,74.8,72.3,69.3
2022-11-18 10:00:00,65.5,68.5,68.9,65.8,67.8,66.5,69.4,71.2,70.2,67.3
2022-11-18 10:02:10,63.4,66.6,67.0,64.1,66.0,64.1,67.4,69.1,68.3,66.1

