"Time","NO {DeviceID=""AirSENCE-0322068B40233"", name=""Pollutant""}","NO {DeviceID=""AirSENCE-032206C140232"", name=""Pollutant""}","NO {DeviceID=""AirSENCE-0322223F40230"", name=""Pollutant""}","NO {DeviceID=""AirSENCE-032223EF40231"", name=""Pollutant""}","NO {DeviceID=""AirSENCE-1021BFD040215"", name=""Pollutant""}","NO {DeviceID=""AirSENCE-1021C46E40217"", name=""Pollutant""}","NO {DeviceID=""AirSENCE-1021C53740216"", name=""Pollutant""}","NO {DeviceID=""AirSENCE-1021C65A40214"", name=""Pollutant""}","NO {DeviceID=""AirSENCE-1021C6C640218"", name=""Pollutant""}","NO {DeviceID=""AirSENCE-1021C73840220"", name=""Pollutant""}"
2022-10-09 11:00:00,14.6,11.1,13.9,18.1,13.5,11.4,12.1,15.8,16.9,17.9
2022-10-09 12:00:00,17.3,12.2,14.5,18.2,15.9,12.1,13.6,17.0,17.7,20.0
2022-10-09 13:00:00,17.9,13.6,15.4,20.3,17.4,16.1,16.9,19.3,20.2,21.4
2022-10-09 14:00:00,17.0,12.9,15.6,19.0,16.3,14.4,16.4,19.7,19.4,20.3
2022-10-09 15:00:00,11.8,12.5,11.5,12.3,15.1,11.0,12.8,15.1,15.8,16.0
2022-10-09 16:00:00,11.5,10.5,11.3,12.6,12.4,10.9,14.6,14.2,16.0,17.3
2022-10-09 17:00:00,15.1,8.42,12.9,15.7,12.7,12.1,13.1,16.3,18.2,18.9
2022-10-09 18:00:00,14.5,8.77,12.4,14.2,12.9,11.9,14.9,15.5,16.8,17.1
2022-10-09 19:00:00,14.9,8.63,12.7,15.1,13.0,11.6,14.5,15.4,18.8,18.9
2022-10-09 20:00:00,13.8,8.68,12.5,14.7,12.4,11.2,12.9,15.0,16.5,17.9
2022-10-09 21:00:00,12.9,7.80,12.9,14.1,12.7,9.22,11.5,14.9,15.0,17.0
2022-10-09 22:00:00,11.6,10.4,12.1,12.4,16.7,9.92,12.2,15.1,14.1,14.4
2022-10-09 23:00:00,9.99,6.36,12.2,12.7,12.9,8.81,10.9,12.1,13.4,15.1
2022-10-10 00:00:00,9.09,6.68,11.2,10.5,10.4,7.47,8.77,11.1,12.7,13.6
2022-10-10 01:00:00,9.62,10.7,12.0,11.9,11.7,9.49,10.6,11.7,13.0,13.6
2022-10-10 02:00:00,9.74,8.28,12.5,12.0,11.5,9.81,10.4,12.3,13.6,15.0
2022-10-10 03:00:00,11.0,9.91,13.3,12.5,12.2,9.87,10.2,13.0,14.8,15.6
2022-10-10 04:00:00,10.3,9.33,13.1,12.0,11.6,8.48,9.37,12.7,14.2,14.7
2022-10-10 05:00:00,10.8,10.6,13.3,12.5,12.6,10.4,9.81,13.1,15.0,15.2
2022-10-10 06:00:00,11.4,10.6,14.1,13.6,12.5,9.31,10.1,13.9,15.6,16.7
2022-10-10 07:00:00,14.0,12.3,15.0,13.3,13.6,11.3,11.1,14.4,16.2,16.9
2022-10-10 08:00:00,12.9,13.1,14.9,14.1,12.8,12.8,11.5,14.3,17.8,17.2
2022-10-10 09:00:00,14.9,13.4,15.7,15.6,17.2,17.6,18.8,17.1,18.2,20.3
2022-10-10 10:00:00,16.2,16.2,16.3,18.3,19.3,13.7,15.6,18.3,18.6,19.1
2022-10-10 11:00:00,17.9,16.1,15.9,20.3,20.3,15.2,16.4,19.0,20.2,22.6
2022-10-10 12:00:00,22.3,16.9,15.6,21.1,22.8,16.3,16.5,20.3,19.7,24.5
2022-10-10 13:00:00,20.2,14.7,15.2,20.0,17.9,15.8,15.5,18.9,19.9,24.2
2022-10-10 14:00:00,16.1,10.7,13.1,16.2,14.6,13.7,16.8,16.6,19.0,18.2
2022-10-10 15:00:00,14.2,8.91,12.1,15.4,12.8,17.3,52.4,15.7,17.8,16.6
2022-10-10 16:00:00,10.8,8.01,12.4,16.5,12.9,10.9,11.6,15.2,17.5,15.6
2022-10-10 17:00:00,11.9,9.42,11.0,14.7,16.0,10.7,10.7,15.6,15.5,15.5
2022-10-10 18:00:00,11.5,7.64,10.8,14.1,15.5,13.5,8.98,13.9,15.4,15.7
2022-10-10 19:00:00,8.46,6.09,10.7,9.37,10.9,9.27,8.49,12.9,13.2,13.0
2022-10-10 20:00:00,8.24,10.0,10.4,11.6,10.7,9.38,11.0,16.4,13.0,12.9
2022-10-10 21:00:00,10.9,15.3,12.4,12.1,10.9,8.00,10.1,14.8,14.4,13.6
2022-10-10 22:00:00,12.1,12.5,14.7,14.1,12.8,12.2,13.6,15.7,17.2,18.4
2022-10-10 23:00:00,14.3,14.3,16.5,18.0,13.5,12.9,12.5,16.0,17.0,16.1
2022-10-11 00:00:00,12.4,11.0,15.2,15.0,11.8,9.38,10.1,14.0,16.1,15.4
2022-10-11 01:00:00,11.4,10.2,15.2,13.6,10.9,9.55,9.27,12.9,15.0,16.7
2022-10-11 02:00:00,11.5,11.5,15.2,12.8,12.1,9.07,9.95,13.9,14.2,14.2
2022-10-11 03:00:00,14.0,11.4,15.3,15.5,12.3,9.77,10.2,13.6,15.6,17.1
2022-10-11 04:00:00,15.3,14.2,17.1,19.2,11.4,10.2,10.5,13.3,18.4,18.2
2022-10-11 05:00:00,17.8,19.8,17.3,23.7,17.2,23.3,23.8,20.2,31.1,30.2
2022-10-11 06:00:00,25.1,30.8,18.6,33.6,29.8,38.0,40.1,34.6,31.0,30.0
2022-10-11 07:00:00,32.5,45.0,20.1,44.4,42.6,51.9,41.6,48.9,25.7,31.9
2022-10-11 08:00:00,47.3,64.4,21.7,61.4,50.4,72.6,74.4,53.9,26.4,47.5
2022-10-11 09:00:00,55.8,79.3,19.5,49.4,63.6,69.5,62.2,62.0,22.9,20.5
2022-10-11 10:00:00,35.8,42.9,18.4,37.9,36.8,38.4,31.3,37.8,32.9,26.8
2022-10-11 11:00:00,21.9,22.2,15.7,29.0,24.8,30.5,27.0,29.8,29.1,22.8
2022-10-11 12:00:00,25.2,24.5,15.7,22.9,23.1,27.1,30.8,28.7,23.2,27.7
2022-10-11 13:00:00,26.4,27.0,16.5,21.7,22.8,29.1,27.1,27.8,27.6,26.2
2022-10-11 14:00:00,21.1,16.6,15.1,22.6,18.1,24.7,25.3,22.8,26.4,25.5
2022-10-11 15:00:00,17.7,13.5,15.3,22.6,15.7,21.8,23.5,18.7,22.2,21.2
2022-10-11 16:00:00,14.9,9.92,13.1,18.0,20.1,21.7,18.4,21.4,22.6,17.0
2022-10-11 17:00:00,15.8,6.72,8.62,15.5,15.2,10.8,11.3,15.2,15.4,13.6
2022-10-11 18:00:00,9.80,1.72,6.45,9.37,13.1,8.92,9.75,15.6,16.3,11.2
2022-10-11 19:00:00,10.6,11.3,9.74,12.0,13.9,11.0,12.3,15.1,14.8,14.8
2022-10-11 20:00:00,13.6,15.6,11.8,15.6,15.3,15.4,16.9,17.9,19.0,18.5
2022-10-11 21:00:00,14.5,14.6,10.9,16.1,14.6,13.1,15.1,16.8,19.1,18.0
2022-10-11 22:00:00,12.6,12.6,9.30,12.2,12.6,9.51,12.2,13.9,15.7,16.0
2022-10-11 23:00:00,10.7,8.24,7.25,9.72,11.2,7.35,8.55,12.7,11.3,12.2
2022-10-12 00:00:00,9.99,6.77,6.17,9.58,9.10,6.05,7.08,10.3,11.8,12.0
2022-10-12 01:00:00,9.85,6.57,6.20,9.72,9.08,5.57,7.00,9.93,10.8,11.3
2022-10-12 02:00:00,10.9,7.95,7.95,10.9,11.3,6.93,8.14,12.8,13.0,13.3
2022-10-12 03:00:00,11.4,8.88,8.39,11.7,11.5,8.82,9.45,12.2,13.3,14.1
2022-10-12 04:00:00,11.8,8.68,9.54,12.2,12.8,9.97,10.7,14.8,14.3,15.5
2022-10-12 05:00:00,10.3,8.13,8.70,12.2,12.0,8.03,9.08,13.3,14.0,13.9
2022-10-12 06:00:00,11.4,10.7,9.08,13.0,13.5,10.5,13.9,15.5,14.8,16.5
2022-10-12 07:00:00,12.1,13.7,9.81,14.9,13.9,15.6,16.5,16.9,16.3,18.7
2022-10-12 08:00:00,16.2,21.2,12.4,19.4,19.3,18.7,19.6,21.5,19.4,18.7
2022-10-12 09:00:00,16.7,16.8,13.6,26.9,21.5,17.5,20.2,26.6,19.0,19.1
2022-10-12 10:00:00,23.2,20.2,14.4,23.0,22.5,20.3,21.9,30.8,20.0,20.7
2022-10-12 11:00:00,20.7,19.1,13.8,20.3,21.7,21.1,23.1,21.7,21.9,20.3
2022-10-12 12:00:00,18.3,14.9,12.5,21.9,18.1,24.6,24.4,19.1,20.2,18.0
2022-10-12 13:00:00,17.9,17.0,11.8,19.8,17.1,24.1,25.3,19.3,23.1,19.7
2022-10-12 14:00:00,18.2,14.4,12.6,23.4,17.7,24.0,20.2,18.9,19.7,19.5
2022-10-12 15:00:00,17.4,12.7,12.3,18.8,18.1,24.2,20.5,21.0,20.4,19.2
2022-10-12 16:00:00,15.0,9.77,10.6,16.4,16.2,14.1,16.4,16.4,17.6,18.4
2022-10-12 17:00:00,14.5,6.40,10.1,15.1,13.8,18.1,17.5,15.2,16.5,16.3
2022-10-12 18:00:00,13.8,7.46,9.74,19.4,14.6,11.8,14.1,19.1,19.9,18.2
2022-10-12 19:00:00,14.2,9.19,9.96,15.2,15.3,11.0,12.6,17.1,16.5,16.0
2022-10-12 20:00:00,11.9,10.5,9.41,17.8,14.8,9.58,13.4,16.6,15.3,17.0
2022-10-12 21:00:00,13.8,7.29,9.92,15.1,14.5,10.9,12.9,16.3,15.7,17.1
2022-10-12 22:00:00,14.6,8.03,10.3,15.7,13.5,11.6,13.1,15.3,16.1,16.8
2022-10-12 23:00:00,12.9,7.89,9.92,14.0,12.1,9.78,11.7,13.8,14.5,15.4
2022-10-13 00:00:00,12.8,7.47,8.90,13.8,12.5,9.69,11.7,13.9,14.6,15.3
2022-10-13 01:00:00,8.63,3.77,5.89,9.99,9.47,6.51,7.16,10.9,11.3,11.4
2022-10-13 02:00:00,9.05,4.57,6.33,10.2,8.97,5.76,6.71,10.5,11.2,11.8
2022-10-13 03:00:00,7.39,4.00,6.61,8.76,8.41,4.22,5.70,10.1,9.56,10.7
2022-10-13 04:00:00,9.02,6.65,7.34,10.7,9.77,5.76,7.30,11.1,11.3,12.2
2022-10-13 05:00:00,10.1,8.16,7.59,12.2,11.3,7.07,8.90,12.5,13.0,13.7
2022-10-13 06:00:00,11.0,9.79,7.36,13.7,12.9,8.70,10.6,13.9,14.6,14.9
2022-10-13 07:00:00,12.4,13.4,7.96,14.6,14.9,9.98,12.7,16.6,16.5,17.0
2022-10-13 08:00:00,13.9,15.7,10.1,16.6,15.7,14.3,17.5,18.7,17.1,17.4
2022-10-13 09:00:00,20.3,17.6,15.8,25.0,19.8,16.4,20.2,20.4,23.3,22.1
2022-10-13 10:00:00,25.8,24.8,17.7,24.9,17.5,15.3,18.7,19.2,24.4,25.1
2022-10-13 11:00:00,26.0,28.4,18.1,27.1,21.9,21.5,22.9,23.0,25.7,23.2
2022-10-13 12:00:00,21.3,29.5,16.9,21.8,23.0,21.5,25.1,25.5,27.4,23.2
2022-10-13 13:00:00,18.5,21.9,16.4,20.7,24.4,24.8,29.7,26.7,22.3,23.1
2022-10-13 14:00:00,21.7,30.6,16.9,23.6,24.2,23.7,24.8,26.2,23.3,24.2
2022-10-13 15:00:00,20.9,24.0,17.9,25.5,26.8,25.5,28.9,27.0,25.5,25.9
2022-10-13 16:00:00,22.5,26.6,16.1,25.2,23.2,23.2,25.5,24.5,25.0,25.3
2022-10-13 17:00:00,22.4,19.6,13.6,19.3,18.3,18.5,19.1,19.2,20.1,20.9
2022-10-13 18:00:00,16.7,17.4,12.9,18.1,18.5,18.1,18.0,19.2,20.1,24.2
2022-10-13 19:00:00,15.5,18.4,13.1,15.4,14.6,14.2,12.8,17.2,19.3,18.2
2022-10-13 20:00:00,13.6,16.0,13.7,15.4,14.1,12.3,13.5,16.7,19.4,17.8
2022-10-13 21:00:00,14.3,20.7,13.8,16.3,17.5,14.8,17.3,20.1,18.4,19.6
2022-10-13 22:00:00,13.8,17.9,14.6,18.1,14.7,13.5,13.0,17.2,18.7,17.9
2022-10-13 23:00:00,12.6,13.3,14.3,14.7,12.9,11.4,12.8,16.3,17.5,16.1
2022-10-14 00:00:00,13.6,18.2,15.3,17.2,13.7,12.0,14.5,16.6,17.9,16.7
2022-10-14 01:00:00,17.9,21.4,16.2,16.1,18.8,25.0,26.1,21.7,27.8,24.5
2022-10-14 02:00:00,12.9,14.0,15.5,15.6,16.9,14.2,15.2,19.3,18.6,20.8
2022-10-14 03:00:00,10.1,10.1,10.5,12.1,11.2,7.47,7.98,13.4,13.6,13.6
2022-10-14 04:00:00,11.3,11.5,11.0,13.5,12.8,8.81,9.12,14.7,15.3,15.2
2022-10-14 05:00:00,11.8,11.9,11.2,14.1,12.7,9.14,9.88,14.6,15.6,15.7
2022-10-14 06:00:00,13.3,16.2,14.6,14.8,14.7,12.2,13.1,18.5,17.1,17.6
2022-10-14 07:00:00,15.8,26.3,16.1,16.7,16.3,13.7,16.1,23.5,24.7,23.0
2022-10-14 08:00:00,18.2,31.8,17.6,19.5,22.1,20.6,20.2,27.1,22.4,18.9
2022-10-14 09:00:00,20.4,36.1,15.8,25.5,27.8,23.4,27.0,32.1,24.6,31.2
2022-10-14 10:00:00,18.8,29.2,16.4,22.2,21.0,20.0,21.4,27.3,28.0,24.7
2022-10-14 11:00:00,24.3,32.7,14.3,25.5,19.3,17.5,19.5,25.5,32.5,24.4
2022-10-14 12:00:00,19.0,22.8,14.0,18.4,18.1,17.1,17.5,20.9,21.9,22.5
2022-10-14 13:00:00,18.2,26.8,17.6,25.0,23.1,22.6,22.2,24.5,22.1,23.4
2022-10-14 14:00:00,25.2,20.5,15.5,37.5,24.7,28.1,34.9,48.6,24.8,27.9
2022-10-14 15:00:00,21.6,21.2,14.7,25.0,21.3,23.3,28.8,25.6,25.9,24.1
2022-10-14 16:00:00,17.3,13.5,11.8,20.0,20.5,17.8,19.9,24.0,21.9,19.2
2022-10-14 17:00:00,16.6,11.9,10.8,19.0,18.6,14.3,14.4,20.4,21.8,18.9
2022-10-14 18:00:00,14.3,9.13,9.81,16.9,15.8,15.0,13.3,16.1,15.2,15.7
2022-10-14 19:00:00,13.6,18.5,11.9,14.6,15.9,15.1,16.5,19.3,17.6,19.9
2022-10-14 20:00:00,10.9,15.5,13.7,15.1,16.8,11.3,12.7,21.5,17.1,19.4
2022-10-14 21:00:00,9.50,18.2,13.6,13.4,17.4,12.7,12.0,20.1,14.5,14.1
2022-10-14 22:00:00,10.1,10.8,10.8,13.0,14.3,10.2,9.99,22.4,12.6,11.5
2022-10-14 23:00:00,8.56,7.68,7.66,10.2,9.29,6.04,6.81,11.9,10.4,9.87
2022-10-15 00:00:00,8.28,7.53,8.60,10.5,10.3,6.91,6.54,12.0,11.8,11.1
2022-10-15 01:00:00,9.16,9.80,9.92,11.8,12.2,6.84,7.59,13.2,12.9,12.5
2022-10-15 02:00:00,11.0,11.2,11.0,13.3,13.9,8.61,9.87,15.0,15.8,15.5
2022-10-15 03:00:00,10.9,10.7,11.2,13.5,13.6,9.17,10.2,15.6,15.9,15.9
2022-10-15 04:00:00,11.2,10.7,11.0,13.3,12.8,9.17,10.6,14.7,15.2,15.6
2022-10-15 05:00:00,11.5,11.0,10.8,13.4,14.0,9.50,10.9,15.6,15.3,15.9
2022-10-15 06:00:00,12.7,11.6,10.8,14.3,13.5,9.82,11.3,15.0,15.7,15.6
2022-10-15 07:00:00,13.5,12.3,10.9,15.3,13.9,10.9,12.3,15.1,16.9,16.8
2022-10-15 08:00:00,14.3,12.4,11.2,15.5,14.7,11.2,12.5,16.8,17.8,17.4
2022-10-15 09:00:00,13.4,11.7,11.2,15.9,16.2,16.5,18.6,20.8,17.0,17.1
2022-10-15 10:00:00,14.4,12.4,11.2,14.8,13.4,12.7,12.1,15.7,15.4,16.3
2022-10-15 11:00:00,12.3,9.78,10.4,11.5,10.3,9.97,13.6,13.8,13.6,13.8
2022-10-15 12:00:00,9.68,6.72,9.35,10.3,10.3,7.49,7.36,12.4,12.2,13.1
2022-10-15 13:00:00,16.2,12.7,13.2,16.9,16.0,12.4,12.5,16.2,17.7,20.0
2022-10-15 14:00:00,19.5,14.1,15.4,18.2,17.2,14.1,17.1,17.8,20.8,21.1
2022-10-15 15:00:00,19.2,15.1,16.9,18.6,16.3,14.5,16.6,19.1,20.7,20.3
2022-10-15 16:00:00,15.2,13.5,15.4,18.1,15.3,13.9,15.1,17.2,19.0,17.9
2022-10-15 17:00:00,14.7,12.1,15.0,16.5,14.1,12.0,12.6,16.0,18.0,17.5
2022-10-15 18:00:00,15.9,11.0,14.8,15.0,15.4,12.6,12.4,15.8,16.9,16.4
2022-10-15 19:00:00,13.9,9.00,13.7,15.4,12.8,11.6,11.5,15.6,16.1,16.0
2022-10-15 20:00:00,11.7,8.03,13.3,12.5,12.2,10.6,12.7,15.0,16.2,16.3
2022-10-15 21:00:00,10.5,11.1,13.8,13.1,13.5,11.1,10.5,15.7,19.0,15.7
2022-10-15 22:00:00,10.2,11.4,13.9,13.1,11.6,11.5,12.5,14.4,17.8,14.7
2022-10-15 23:00:00,10.3,13.1,14.6,13.2,12.8,10.9,10.8,14.4,15.4,16.8
2022-10-16 00:00:00,9.92,8.30,13.8,12.4,11.2,9.67,10.1,13.8,15.3,15.2
2022-10-16 01:00:00,10.1,8.54,13.6,12.4,11.1,8.56,11.0,12.8,14.8,13.9
2022-10-16 02:00:00,9.79,8.56,13.8,12.1,11.2,9.33,9.45,13.3,15.5,14.3
2022-10-16 03:00:00,10.2,9.85,14.7,13.0,11.6,9.33,10.6,13.1,14.8,14.0
2022-10-16 04:00:00,12.1,13.1,15.2,12.5,12.0,8.99,8.37,13.0,14.0,14.0
2022-10-16 05:00:00,11.1,11.6,15.4,12.9,12.6,8.20,8.72,13.7,14.0,14.3
2022-10-16 06:00:00,10.9,12.0,15.9,12.9,13.2,9.77,8.51,15.4,14.6,14.9
2022-10-16 07:00:00,12.4,14.1,16.5,14.0,15.5,9.72,9.85,17.5,16.2,19.4
2022-10-16 08:00:00,15.9,20.7,17.2,16.2,17.2,13.4,11.2,18.3,19.5,21.3
2022-10-16 09:00:00,17.1,22.0,18.2,20.2,16.6,16.9,13.8,17.4,20.3,22.4
2022-10-16 10:00:00,16.5,20.9,17.4,22.1,19.8,14.9,15.4,23.1,19.3,20.4
2022-10-16 11:00:00,17.1,21.6,16.5,18.7,16.8,15.9,18.1,18.3,18.6,19.4
2022-10-16 12:00:00,19.0,16.4,15.9,17.4,16.4,13.3,15.2,17.5,17.9,20.7
2022-10-16 13:00:00,18.7,16.5,15.7,17.1,18.1,15.6,15.5,18.1,19.3,22.9
2022-10-16 14:00:00,18.8,13.8,14.9,16.7,15.5,17.3,21.7,17.6,18.3,21.2
2022-10-16 15:00:00,13.1,13.2,13.4,13.9,12.8,13.1,13.5,15.1,15.4,14.4
2022-10-16 16:00:00,12.6,12.7,14.0,15.3,13.4,11.6,14.1,16.1,17.4,16.2
2022-10-16 17:00:00,13.3,14.3,14.3,16.2,15.8,13.4,13.8,16.7,17.0,16.0
2022-10-16 18:00:00,14.4,13.2,14.3,17.0,16.5,15.0,15.0,18.2,19.8,19.5
2022-10-16 19:00:00,13.6,11.2,15.3,16.9,20.3,13.0,15.9,16.8,21.1,20.2
2022-10-16 20:00:00,14.3,14.2,15.8,18.4,22.9,13.4,17.6,17.9,19.6,18.3
2022-10-16 21:00:00,13.7,13.2,16.8,18.1,23.8,14.0,19.1,19.0,19.1,20.1
2022-10-16 22:00:00,12.9,9.76,15.1,15.8,23.0,13.0,17.5,17.0,17.8,20.4
2022-10-16 23:00:00,8.95,7.48,13.2,12.3,13.5,9.98,9.23,13.6,14.5,13.3
2022-10-17 00:00:00,8.77,5.53,13.2,11.6,12.8,9.42,7.46,12.9,12.8,13.0
2022-10-17 01:00:00,9.57,6.90,13.2,11.1,12.3,8.12,7.86,12.3,12.8,13.2
2022-10-17 02:00:00,10.3,8.12,13.9,11.2,12.0,8.86,8.51,14.0,13.6,14.0
2022-10-17 03:00:00,10.5,8.62,14.2,11.4,12.3,8.43,8.89,13.6,14.1,14.5
2022-10-17 04:00:00,9.20,7.97,14.4,11.0,12.1,7.67,7.76,12.9,13.0,13.1
2022-10-17 05:00:00,10.9,8.92,15.4,12.4,12.5,8.25,9.12,13.4,14.1,14.8
2022-10-17 06:00:00,14.5,12.3,16.8,15.8,16.2,11.1,11.0,17.8,16.5,15.2
2022-10-17 07:00:00,20.9,26.3,17.4,20.7,16.6,11.3,11.0,17.2,19.9,17.6
2022-10-17 08:00:00,20.0,20.2,16.8,21.2,20.9,21.9,20.6,25.5,20.4,19.8
2022-10-17 09:00:00,22.1,20.5,18.2,19.8,19.4,19.5,22.5,22.6,26.6,24.7
2022-10-17 10:00:00,22.6,26.3,18.3,21.0,19.4,31.6,22.8,23.0,28.8,23.5
2022-10-17 11:00:00,18.9,23.8,17.7,22.2,26.0,42.7,39.9,28.0,23.4,22.2
2022-10-17 12:00:00,18.9,23.1,17.4,21.8,27.5,35.9,29.9,27.5,28.7,25.6
2022-10-17 13:00:00,17.6,25.5,16.8,20.8,23.4,26.5,26.1,26.2,24.3,23.5
2022-10-17 14:00:00,16.5,20.4,16.4,17.1,23.1,25.8,25.5,28.5,22.3,18.7
2022-10-17 15:00:00,13.2,16.3,13.8,16.4,20.7,15.4,17.6,25.5,20.1,19.7
2022-10-17 16:00:00,15.7,16.7,13.9,13.9,16.1,22.8,18.8,17.9,18.6,17.6
2022-10-17 17:00:00,14.0,19.3,13.9,14.6,17.4,16.8,14.5,18.4,17.4,18.5
2022-10-17 18:00:00,14.2,16.7,15.5,15.8,17.4,14.1,14.3,18.7,17.1,17.3
2022-10-17 19:00:00,14.3,19.6,15.4,15.3,17.4,15.0,13.1,18.2,17.9,18.8
2022-10-17 20:00:00,13.4,16.0,15.6,13.7,15.2,12.1,13.1,17.9,15.7,16.6
2022-10-17 21:00:00,12.1,15.0,15.9,14.1,15.0,11.5,11.4,16.4,15.8,16.2
2022-10-17 22:00:00,11.5,13.7,14.4,14.0,13.7,11.4,10.9,15.4,15.8,16.1
2022-10-17 23:00:00,11.6,14.4,15.2,14.0,13.9,11.6,12.0,15.7,17.0,17.4
2022-10-18 00:00:00,11.2,13.5,15.1,14.6,15.9,12.7,11.9,18.6,20.2,16.6
2022-10-18 01:00:00,10.9,11.7,15.5,13.7,16.4,11.9,11.3,19.7,20.4,16.5
2022-10-18 02:00:00,11.5,11.0,15.5,12.9,13.8,15.3,11.6,16.5,19.2,20.4
2022-10-18 03:00:00,12.3,11.4,16.4,14.3,12.8,10.8,11.9,15.1,19.3,22.0
2022-10-18 04:00:00,12.3,12.5,16.8,14.8,13.7,11.0,12.5,15.0,18.8,19.1
2022-10-18 05:00:00,13.4,14.3,18.1,16.5,14.7,12.0,12.6,16.5,20.0,18.8
2022-10-18 06:00:00,14.7,15.7,17.9,17.2,15.1,14.4,13.3,16.6,19.2,19.6
2022-10-18 07:00:00,26.1,31.2,19.7,27.4,25.0,24.1,28.9,25.4,34.5,38.1
2022-10-18 08:00:00,35.6,41.4,20.7,41.9,30.4,35.5,39.7,33.0,41.5,46.0
2022-10-18 09:00:00,34.5,37.4,20.8,41.1,29.0,38.4,46.3,33.3,51.3,49.2
2022-10-18 10:00:00,35.6,40.7,21.8,40.4,35.8,41.0,48.9,38.2,46.4,48.3
2022-10-18 11:00:00,42.8,52.5,20.8,42.9,40.6,43.8,55.4,49.7,41.7,40.4
2022-10-18 12:00:00,28.6,40.4,19.1,27.7,27.3,45.1,41.4,35.1,33.2,30.5
2022-10-18 13:00:00,23.0,23.2,18.8,22.1,20.9,23.8,27.2,28.0,26.3,23.2
2022-10-18 14:00:00,23.0,25.1,18.3,19.1,21.1,24.3,26.9,26.5,23.7,21.6
2022-10-18 15:00:00,14.8,19.9,14.7,15.5,21.3,22.3,21.8,25.1,19.1,19.9
2022-10-18 16:00:00,17.1,16.6,15.1,18.1,16.1,16.3,24.4,22.5,21.3,18.2
2022-10-18 17:00:00,15.8,16.5,15.1,15.8,19.5,21.5,19.1,35.9,19.7,17.3
2022-10-18 18:00:00,15.1,18.9,15.9,16.6,18.6,14.4,15.3,21.7,23.6,20.1
2022-10-18 19:00:00,15.4,21.0,16.8,16.1,17.2,15.7,15.4,19.7,20.0,18.4
2022-10-18 20:00:00,13.5,21.1,16.7,15.5,17.3,15.8,16.4,18.8,18.4,17.6
2022-10-18 21:00:00,11.2,15.0,15.7,13.6,16.7,14.2,11.5,18.9,16.6,16.4
2022-10-18 22:00:00,11.3,15.5,16.4,13.9,15.9,13.2,12.9,17.0,17.1,20.1
2022-10-18 23:00:00,12.3,18.1,17.0,17.0,15.0,14.0,13.5,18.1,16.5,16.3
2022-10-19 00:00:00,11.8,17.5,17.0,15.2,17.5,18.1,16.0,23.0,22.0,21.4
2022-10-19 01:00:00,11.6,14.7,18.0,14.6,16.5,19.7,14.7,21.7,21.9,16.6
2022-10-19 02:00:00,11.0,13.0,18.1,15.0,16.9,15.8,13.3,25.9,19.3,16.0
2022-10-19 03:00:00,11.9,13.1,16.6,13.8,13.5,11.7,13.6,17.7,16.9,15.6
2022-10-19 04:00:00,11.8,13.6,17.6,14.5,15.7,11.6,13.0,17.1,16.4,16.9
2022-10-19 05:00:00,12.2,12.9,17.8,15.3,13.7,11.5,14.9,16.0,19.3,18.9
2022-10-19 06:00:00,11.8,14.2,18.2,16.0,17.2,16.4,17.8,19.1,20.4,20.1
2022-10-19 07:00:00,13.8,22.4,18.8,18.0,19.9,19.4,20.1,24.0,21.5,21.7
2022-10-19 08:00:00,18.4,28.6,19.5,23.0,20.3,24.2,29.1,29.4,28.1,26.2
2022-10-19 09:00:00,32.9,38.2,19.4,26.4,25.9,23.9,39.7,30.1,34.5,32.8
2022-10-19 10:00:00,35.5,48.5,21.0,39.4,31.8,32.5,46.5,44.2,45.4,36.3
2022-10-19 11:00:00,29.8,36.9,20.9,31.4,26.3,31.3,31.4,32.1,40.6,33.2
2022-10-19 12:00:00,27.1,31.9,20.0,32.3,24.2,27.8,35.9,27.4,35.0,28.2
2022-10-19 13:00:00,22.0,29.2,21.4,27.9,25.3,39.7,32.2,28.6,31.9,28.6
2022-10-19 14:00:00,21.8,23.1,18.1,23.8,30.2,38.4,31.1,36.3,25.2,26.7
2022-10-19 15:00:00,18.8,25.3,16.7,23.3,29.8,36.9,25.6,38.3,24.6,24.1
2022-10-19 16:00:00,19.8,24.2,17.7,23.6,22.8,24.1,28.0,27.3,23.5,22.8
2022-10-19 17:00:00,17.8,19.9,15.2,18.4,16.5,14.6,15.9,20.1,21.7,21.2
2022-10-19 18:00:00,15.0,11.9,14.6,15.6,12.1,11.1,11.6,15.1,23.5,20.4
2022-10-19 19:00:00,14.0,11.6,15.8,19.9,12.8,10.4,10.5,14.8,20.1,20.6
2022-10-19 20:00:00,13.4,11.4,15.7,16.3,13.2,10.6,10.7,15.4,19.1,20.8
2022-10-19 21:00:00,11.6,11.2,15.8,15.0,13.0,10.8,11.4,15.8,19.1,18.5
2022-10-19 22:00:00,10.7,10.5,15.5,13.1,13.0,9.45,9.79,15.5,17.6,16.4
2022-10-19 23:00:00,9.22,9.61,14.8,12.8,12.2,8.98,9.07,14.2,16.7,16.5
2022-10-20 00:00:00,10.1,10.5,15.3,14.2,12.0,10.1,10.0,14.3,19.9,15.7
2022-10-20 01:00:00,9.67,10.5,14.6,13.6,12.9,10.8,12.3,15.7,20.6,15.5
2022-10-20 02:00:00,9.95,10.8,15.3,13.2,13.6,11.7,11.6,16.6,20.0,17.1
2022-10-20 03:00:00,10.2,11.2,15.2,13.6,12.9,10.2,10.7,14.7,17.7,16.4
2022-10-20 04:00:00,10.1,11.1,14.2,13.3,12.4,9.79,10.1,14.9,16.0,15.4
2022-10-20 05:00:00,10.1,11.3,14.6,13.4,12.6,9.43,10.8,14.5,16.6,16.0
2022-10-20 06:00:00,11.9,12.8,15.3,14.4,13.6,12.5,12.0,16.0,17.4,16.7
2022-10-20 07:00:00,40.6,14.7,16.5,15.4,14.6,12.6,15.2,17.1,19.9,18.0
2022-10-20 08:00:00,16.6,18.0,16.0,18.1,15.8,15.9,16.5,20.4,22.6,18.9
2022-10-20 09:00:00,17.5,17.9,15.8,17.6,17.4,25.0,18.1,21.4,22.8,18.8
2022-10-20 10:00:00,25.0,21.3,17.2,19.8,18.9,24.3,22.2,25.2,22.7,20.0
2022-10-20 11:00:00,19.9,18.4,16.1,20.3,17.2,19.9,21.4,23.4,24.2,20.5
2022-10-20 12:00:00,20.0,21.8,15.8,19.2,16.0,19.6,16.1,19.1,22.9,19.5
2022-10-20 13:00:00,18.5,17.5,15.0,17.7,14.5,17.6,17.0,17.6,22.6,23.0
2022-10-20 14:00:00,15.3,14.4,12.4,14.8,15.1,17.6,22.0,23.2,19.1,16.2
2022-10-20 15:00:00,20.9,23.0,14.1,17.2,15.6,15.7,22.8,23.1,22.6,17.6
2022-10-20 16:00:00,20.0,16.8,13.1,15.8,17.5,15.4,19.2,22.6,19.8,21.9
2022-10-20 17:00:00,18.7,14.3,14.6,15.5,14.8,17.0,16.9,19.1,19.0,18.0
2022-10-20 18:00:00,14.6,15.3,12.9,13.5,14.6,13.5,16.7,17.7,17.3,16.0
2022-10-20 19:00:00,15.8,12.6,12.9,14.3,13.0,12.9,11.1,16.9,16.6,16.3
2022-10-20 20:00:00,12.7,11.3,22.8,15.2,17.5,11.6,11.5,18.5,16.5,15.7
2022-10-20 21:00:00,14.2,17.9,14.8,15.2,14.0,12.5,12.0,16.9,17.0,18.0
2022-10-20 22:00:00,11.5,13.3,13.7,13.8,13.0,13.2,12.9,17.0,18.4,16.8
2022-10-20 23:00:00,10.7,10.9,15.2,14.6,13.6,12.1,19.1,17.6,18.2,16.6
2022-10-21 00:00:00,11.1,11.3,15.7,15.1,14.1,20.4,29.5,18.5,24.7,19.5
2022-10-21 01:00:00,12.2,13.3,17.1,16.9,14.3,28.9,51.0,21.4,27.3,19.0
2022-10-21 02:00:00,11.7,13.7,17.6,17.7,14.8,18.1,19.7,19.7,24.2,18.9
2022-10-21 03:00:00,15.1,17.2,17.2,19.2,14.1,15.3,13.8,17.2,21.3,20.2
2022-10-21 04:00:00,20.2,30.9,18.5,30.1,18.6,34.6,34.4,21.1,27.4,28.8
2022-10-21 05:00:00,23.3,26.1,19.5,40.7,14.9,14.5,13.3,18.2,17.5,18.5
2022-10-21 06:00:00,29.3,29.1,18.1,22.6,28.0,32.7,36.9,30.6,17.2,17.7
2022-10-21 07:00:00,26.1,33.4,17.6,29.0,19.6,11.3,9.42,20.1,17.3,15.7
2022-10-21 08:00:00,50.6,66.0,19.1,36.6,26.2,19.3,18.7,24.9,19.4,19.6
2022-10-21 09:00:00,60.4,83.7,20.0,45.0,46.8,49.5,51.5,53.6,25.3,28.9
2022-10-21 10:00:00,34.6,52.0,19.2,41.9,33.6,26.8,27.3,36.7,31.5,31.9
2022-10-21 11:00:00,19.3,30.8,15.9,27.5,23.6,24.4,23.8,29.0,24.0,24.3
2022-10-21 12:00:00,21.0,20.2,15.2,22.6,21.5,23.0,23.1,24.6,23.9,26.3
2022-10-21 13:00:00,17.9,19.9,13.3,18.8,22.1,26.4,25.2,23.4,23.8,29.9
2022-10-21 14:00:00,18.7,16.9,11.6,20.8,16.9,19.5,26.9,20.4,22.5,27.6
2022-10-21 15:00:00,16.9,16.2,10.6,20.4,16.8,16.4,23.7,21.9,20.1,21.3
2022-10-21 16:00:00,14.1,12.6,7.94,17.9,15.7,13.7,13.2,19.1,25.8,19.0
2022-10-21 17:00:00,13.1,10.2,6.31,13.1,15.3,21.7,15.3,16.7,17.1,16.5
2022-10-21 18:00:00,10.9,9.10,6.22,11.3,14.6,12.1,15.5,14.0,14.8,15.7
2022-10-21 19:00:00,9.54,7.35,6.37,9.00,13.4,8.49,9.72,15.0,14.3,15.4
2022-10-21 20:00:00,8.38,5.20,5.31,9.30,11.5,7.88,12.6,12.9,12.3,12.7
2022-10-21 21:00:00,7.86,6.13,5.46,9.85,15.4,40.8,8.57,15.2,13.1,14.5
2022-10-21 22:00:00,8.47,5.80,6.11,9.12,22.2,81.3,10.4,12.6,12.3,12.3
2022-10-21 23:00:00,8.87,7.60,6.72,10.2,13.9,19.1,9.17,11.8,12.6,13.5
2022-10-22 00:00:00,9.41,8.60,7.32,10.8,11.8,7.04,9.85,12.0,13.2,14.0
2022-10-22 01:00:00,9.19,6.56,7.37,10.8,10.9,7.01,8.50,12.1,13.6,15.6
2022-10-22 02:00:00,9.12,7.23,7.47,10.6,10.3,7.90,8.61,11.5,13.1,13.7
2022-10-22 03:00:00,9.56,7.60,8.26,10.9,10.4,7.18,8.78,11.9,13.6,14.4
2022-10-22 04:00:00,9.75,7.61,8.74,11.1,10.7,7.46,8.99,12.0,13.7,14.7
2022-10-22 05:00:00,9.25,6.95,8.57,10.9,9.81,6.92,8.53,11.3,13.2,13.8
2022-10-22 06:00:00,11.4,8.55,9.63,11.1,10.1,7.08,8.49,11.4,14.6,17.0
2022-10-22 07:00:00,8.97,7.71,9.65,10.9,11.5,7.22,8.12,11.9,13.4,16.1
2022-10-22 08:00:00,10.8,17.3,10.4,11.4,12.3,8.20,9.43,12.4,13.8,13.8
2022-10-22 09:00:00,14.7,19.3,12.1,14.5,15.9,11.8,17.4,14.7,14.8,15.5
2022-10-22 10:00:00,16.4,17.7,13.0,16.9,15.8,10.7,12.4,14.9,16.4,17.1
2022-10-22 11:00:00,16.4,15.3,13.5,17.7,15.3,14.9,14.0,15.9,17.6,19.2
2022-10-22 12:00:00,20.5,16.6,13.8,18.4,20.5,16.1,18.3,19.0,18.8,22.8
2022-10-22 13:00:00,18.4,14.2,12.7,17.2,18.1,18.0,18.7,19.7,20.0,23.6
2022-10-22 14:00:00,16.6,9.79,11.0,15.6,14.7,15.2,20.3,17.0,19.2,21.3
2022-10-22 15:00:00,12.7,6.41,10.4,14.8,12.0,11.6,16.0,16.4,17.4,16.9
2022-10-22 16:00:00,9.88,4.96,8.69,14.9,11.5,9.85,10.9,13.8,15.3,13.9
2022-10-22 17:00:00,11.4,5.09,6.69,13.2,11.9,9.16,9.21,12.6,14.2,14.5
2022-10-22 18:00:00,10.2,3.61,6.32,11.2,12.2,10.3,9.85,11.8,13.9,15.6
2022-10-22 19:00:00,8.30,7.99,6.17,8.74,9.77,8.53,8.82,11.8,13.3,12.4
2022-10-22 20:00:00,9.21,10.4,8.00,11.8,9.55,7.56,8.37,11.7,11.2,11.1
2022-10-22 21:00:00,8.54,7.52,8.87,9.56,8.94,5.35,6.78,11.1,11.1,10.2
2022-10-22 22:00:00,10.1,12.7,9.46,11.9,12.0,12.1,11.6,14.5,12.3,12.2
2022-10-22 23:00:00,10.2,11.3,12.8,13.4,14.6,15.4,16.5,17.6,14.2,13.7
2022-10-23 00:00:00,10.9,12.2,14.2,15.8,14.2,13.9,15.8,16.9,14.7,14.9
2022-10-23 01:00:00,11.1,13.4,8.96,14.0,14.0,9.61,11.9,15.6,14.3,14.9
2022-10-23 02:00:00,12.7,13.6,12.6,14.1,14.1,10.2,12.5,15.5,14.9,15.9
2022-10-23 03:00:00,12.3,12.5,12.5,14.1,12.4,10.9,13.0,14.5,14.4,15.7
2022-10-23 04:00:00,12.8,14.9,14.8,13.5,11.5,11.6,15.5,13.9,15.6,15.9
2022-10-23 05:00:00,17.4,19.7,15.7,14.6,17.5,16.5,17.2,19.4,16.6,16.9
2022-10-23 06:00:00,12.9,15.6,15.5,15.0,14.9,14.5,12.1,17.4,24.6,25.1
2022-10-23 07:00:00,14.6,17.6,16.1,14.7,20.7,16.4,11.0,21.1,29.2,29.4
2022-10-23 08:00:00,19.6,29.3,18.1,25.6,20.5,18.1,14.3,22.7,17.9,18.4
2022-10-23 09:00:00,29.4,21.0,15.8,23.0,16.7,14.4,13.7,18.2,17.7,17.4
2022-10-23 10:00:00,18.7,21.7,15.9,24.8,19.1,14.9,14.5,19.7,18.3,18.8
2022-10-23 11:00:00,19.9,18.5,15.5,24.6,17.3,14.9,14.9,18.4,18.8,19.4
2022-10-23 12:00:00,22.2,15.5,14.2,21.8,18.8,18.9,17.2,20.0,19.4,23.8
2022-10-23 13:00:00,19.5,13.9,12.9,19.4,16.7,16.2,16.5,18.8,19.6,22.5
2022-10-23 14:00:00,18.1,10.5,11.3,17.9,14.3,16.0,21.3,17.3,19.4,21.2
2022-10-23 15:00:00,15.2,8.85,11.5,17.3,12.2,13.0,16.6,15.3,18.7,16.0
2022-10-23 16:00:00,10.8,8.02,8.52,16.3,12.6,10.9,9.95,14.3,16.4,14.2
2022-10-23 17:00:00,13.8,6.65,8.46,15.7,13.1,11.0,10.2,14.4,14.8,14.9
2022-10-23 18:00:00,12.1,4.20,6.55,11.4,12.5,11.0,8.50,12.8,13.1,13.0
2022-10-23 19:00:00,8.54,4.04,6.85,8.41,10.2,8.74,7.60,11.2,12.2,11.5
2022-10-23 20:00:00,8.04,4.53,6.25,9.25,11.8,7.62,7.28,11.7,12.9,12.5
2022-10-23 21:00:00,6.57,4.15,6.56,11.4,12.5,6.62,6.11,11.1,11.9,12.2
2022-10-23 22:00:00,7.83,5.03,6.20,9.15,11.1,8.77,6.28,11.0,12.4,12.3
2022-10-23 23:00:00,8.91,6.71,7.38,11.2,12.0,8.74,7.92,12.2,13.3,13.2
2022-10-24 00:00:00,9.04,7.54,7.49,11.0,11.8,7.68,8.15,12.2,13.5,14.0
2022-10-24 01:00:00,9.55,7.93,8.07,11.1,12.0,7.93,8.48,12.6,13.4,13.8
2022-10-24 02:00:00,9.68,8.61,9.48,11.1,11.0,7.27,8.00,12.2,12.8,13.9
2022-10-24 03:00:00,10.8,9.12,10.6,10.8,11.4,7.54,8.50,12.6,13.4,14.2
2022-10-24 04:00:00,11.2,9.28,10.9,11.1,10.9,7.64,8.02,12.7,14.2,15.0
2022-10-24 05:00:00,9.29,9.77,10.6,11.0,11.1,8.05,7.43,13.5,15.7,15.9
2022-10-24 06:00:00,13.9,12.4,11.1,12.2,15.2,14.4,7.63,21.8,18.5,20.3
2022-10-24 07:00:00,27.3,28.6,14.7,17.1,20.1,19.9,10.9,24.4,33.4,28.2
2022-10-24 08:00:00,36.4,51.9,17.6,39.7,51.9,69.8,20.0,29.1,55.6,51.4
2022-10-24 09:00:00,33.9,37.9,17.6,40.1,38.4,37.2,24.4,34.7,34.2,49.9
2022-10-24 10:00:00,25.4,33.9,16.7,31.3,33.6,29.1,24.4,34.3,27.5,25.2
2022-10-24 11:00:00,24.1,30.3,17.4,33.8,28.9,30.1,25.4,32.9,31.3,27.8
2022-10-24 12:00:00,23.4,15.6,13.8,22.8,23.8,23.0,18.2,24.9,22.3,26.2
2022-10-24 13:00:00,21.9,14.6,11.8,21.4,28.2,21.9,19.5,23.9,25.6,25.5
2022-10-24 14:00:00,19.1,11.2,10.8,20.2,16.1,30.9,22.7,20.2,22.8,22.1
2022-10-24 15:00:00,15.4,10.4,11.3,18.8,16.4,31.1,20.4,25.6,24.0,16.2
2022-10-24 16:00:00,14.3,10.3,9.33,18.2,14.5,22.1,12.4,16.6,17.8,15.5
2022-10-24 17:00:00,18.1,9.43,8.79,16.9,14.2,19.1,12.8,15.6,15.5,15.9
2022-10-24 18:00:00,15.7,7.01,8.82,13.7,14.6,12.9,9.73,14.1,15.9,14.6
2022-10-24 19:00:00,9.88,5.95,9.55,9.82,13.8,9.48,8.51,13.1,13.8,12.2
2022-10-24 20:00:00,10.2,6.94,10.4,14.1,11.3,7.90,8.80,13.0,13.7,13.2
2022-10-24 21:00:00,10.2,7.21,10.2,12.7,12.5,10.5,9.00,13.8,14.0,13.8
2022-10-24 22:00:00,11.1,7.80,8.81,12.6,11.3,10.2,9.34,13.8,14.8,13.8
2022-10-24 23:00:00,11.5,9.00,8.92,13.9,13.7,13.2,9.99,14.5,14.8,14.8
2022-10-25 00:00:00,11.9,9.53,9.62,14.4,13.5,13.7,9.74,17.9,16.5,16.0
2022-10-25 01:00:00,9.34,7.38,8.75,10.6,12.0,8.79,7.19,14.5,13.5,13.9
2022-10-25 02:00:00,8.07,6.16,7.68,9.89,10.1,6.22,6.02,11.8,13.0,13.5
2022-10-25 03:00:00,8.68,6.92,9.06,10.7,10.1,5.98,7.03,11.4,12.8,13.2
2022-10-25 04:00:00,9.52,8.01,10.0,11.1,10.5,6.45,7.57,11.6,13.1,13.9
2022-10-25 05:00:00,9.92,8.58,10.0,11.6,12.0,7.18,9.38,13.6,13.8,13.6
2022-10-25 06:00:00,10.3,9.41,10.8,12.1,12.4,8.97,8.80,13.9,15.4,15.9
2022-10-25 07:00:00,14.5,23.6,14.5,17.3,16.9,17.9,12.7,19.7,25.4,28.6
2022-10-25 08:00:00,16.5,23.8,15.9,24.2,30.8,27.0,16.6,22.4,18.3,24.3
2022-10-25 09:00:00,20.4,21.6,17.0,27.7,26.3,19.4,17.0,25.3,27.8,31.5
2022-10-25 10:00:00,22.0,25.5,16.7,25.6,39.6,34.8,25.3,71.6,59.2,41.1
2022-10-25 11:00:00,28.9,25.7,16.8,31.2,30.6,25.9,25.4,30.4,31.7,30.2
2022-10-25 12:00:00,23.0,17.5,15.5,24.8,21.9,39.7,25.4,24.7,22.3,25.4
2022-10-25 13:00:00,20.8,15.5,14.5,25.5,18.6,27.7,24.0,21.9,24.5,29.2
2022-10-25 14:00:00,21.1,15.2,14.6,24.1,21.5,23.0,21.8,22.9,25.8,26.0
2022-10-25 15:00:00,20.0,12.7,13.9,19.5,19.8,19.0,21.6,21.1,25.6,22.3
2022-10-25 16:00:00,20.5,8.85,10.8,19.2,16.7,19.7,15.6,17.7,23.0,16.9
2022-10-25 17:00:00,19.7,7.33,10.00,17.3,15.3,13.5,12.0,16.6,17.0,15.0
2022-10-25 18:00:00,20.8,6.06,10.3,17.8,13.9,9.61,9.87,13.1,15.4,15.1
2022-10-25 19:00:00,13.5,7.01,10.8,14.6,12.3,13.3,10.4,13.1,14.4,14.0
2022-10-25 20:00:00,14.3,5.73,9.74,12.9,12.7,8.34,8.71,12.7,14.2,14.1
2022-10-25 21:00:00,13.9,6.25,10.00,17.7,12.1,10.7,9.06,12.7,14.0,14.4
2022-10-25 22:00:00,12.4,7.52,11.6,14.4,16.6,12.0,10.1,14.0,15.9,15.5
2022-10-25 23:00:00,13.4,8.35,12.9,16.9,15.1,13.0,10.8,14.8,16.3,16.0
2022-10-26 00:00:00,12.3,10.6,13.8,16.5,16.2,14.1,12.4,19.3,21.8,19.4
2022-10-26 01:00:00,13.2,11.1,12.7,14.7,17.1,17.4,15.1,20.8,23.5,20.0
2022-10-26 02:00:00,12.4,12.0,13.7,14.4,14.1,17.9,22.5,17.5,20.8,19.2
2022-10-26 03:00:00,12.4,11.2,13.6,14.3,13.7,10.8,12.2,15.7,17.3,17.4
2022-10-26 04:00:00,12.6,11.8,14.9,13.7,13.7,10.7,13.7,17.6,18.2,15.7
2022-10-26 05:00:00,12.9,11.2,16.2,13.7,14.4,9.82,10.2,14.8,16.2,16.8
2022-10-26 06:00:00,13.5,14.9,16.2,17.9,19.8,19.6,10.9,23.8,17.1,16.0
2022-10-26 07:00:00,21.6,20.6,15.6,17.1,17.1,22.3,10.8,20.3,17.6,16.1
2022-10-26 08:00:00,22.4,33.8,18.3,31.7,26.0,31.0,19.5,28.9,31.4,34.3
2022-10-26 09:00:00,28.4,35.6,19.9,38.4,27.1,26.7,19.3,27.6,29.4,32.6
2022-10-26 10:00:00,37.2,44.1,19.4,40.0,29.2,24.0,19.9,31.4,32.5,41.7
2022-10-26 11:00:00,27.1,23.8,17.4,30.5,37.9,18.8,21.0,34.1,32.1,33.9
2022-10-26 12:00:00,27.6,23.8,17.2,30.1,23.0,24.6,24.9,27.5,26.8,25.9
2022-10-26 13:00:00,18.3,20.9,14.5,22.2,19.3,22.4,24.6,21.7,23.9,21.5
2022-10-26 14:00:00,20.5,27.0,15.3,22.7,22.6,23.0,23.5,22.5,24.9,31.1
2022-10-26 15:00:00,13.1,16.4,12.1,14.5,21.0,19.3,21.2,18.6,20.5,17.2
2022-10-26 16:00:00,14.2,14.4,11.3,14.9,17.4,13.4,17.0,16.7,15.3,17.5
2022-10-26 17:00:00,14.1,16.6,11.5,14.2,16.2,12.5,14.5,18.0,15.8,17.4
2022-10-26 18:00:00,12.5,15.9,11.6,13.4,16.2,10.8,13.0,15.8,16.0,16.7
2022-10-26 19:00:00,15.2,17.7,14.7,16.8,15.5,13.9,14.5,17.6,19.0,21.0
2022-10-26 20:00:00,17.6,14.4,18.0,21.0,17.9,13.7,16.0,18.9,20.2,19.7
2022-10-26 21:00:00,16.3,13.2,16.5,18.9,17.2,14.3,14.9,18.0,22.0,20.1
2022-10-26 22:00:00,14.0,13.1,15.1,18.5,16.3,13.1,15.2,17.4,19.3,19.7
2022-10-26 23:00:00,13.7,12.0,16.1,16.9,13.8,11.8,13.4,16.1,18.5,18.6
2022-10-27 00:00:00,11.9,11.2,16.2,15.5,13.0,12.2,12.3,15.0,19.1,19.0
2022-10-27 01:00:00,12.4,12.3,15.8,15.5,13.6,12.1,12.4,15.4,20.6,19.9
2022-10-27 02:00:00,12.3,12.2,15.6,15.0,13.8,12.9,12.2,15.0,19.5,18.5
2022-10-27 03:00:00,11.8,12.0,14.9,14.6,13.5,10.4,11.7,14.8,17.7,17.2
2022-10-27 04:00:00,12.0,12.3,13.9,14.6,13.4,10.8,10.8,15.3,17.2,17.2
2022-10-27 05:00:00,10.7,11.0,13.5,13.2,12.2,10.2,10.0,14.1,17.1,17.8
2022-10-27 06:00:00,10.6,10.8,13.5,13.4,12.6,10.9,10.8,14.4,18.1,19.2
2022-10-27 07:00:00,12.3,19.2,14.9,17.7,14.7,16.8,17.8,16.1,22.6,29.6
2022-10-27 08:00:00,13.9,22.9,15.6,22.1,14.8,26.3,26.9,16.6,31.6,36.6
2022-10-27 09:00:00,17.5,25.5,16.1,24.4,16.9,25.1,28.2,17.3,41.5,45.1
2022-10-27 10:00:00,17.0,24.9,14.9,23.8,23.9,23.5,30.0,26.6,31.6,40.2
2022-10-27 11:00:00,24.5,23.2,16.5,24.6,20.6,28.7,28.1,23.3,36.7,32.4
2022-10-27 12:00:00,21.2,21.9,16.6,32.8,23.5,32.7,22.3,21.7,30.6,33.5
2022-10-27 13:00:00,18.5,20.7,14.8,22.1,21.6,21.7,23.4,20.0,34.4,32.7
2022-10-27 14:00:00,18.6,15.9,14.1,21.8,21.3,18.8,20.6,19.0,29.8,32.3
2022-10-27 15:00:00,20.0,15.9,14.1,23.5,18.3,22.0,22.5,17.4,28.2,26.7
2022-10-27 16:00:00,14.5,14.1,12.6,20.8,18.0,19.5,23.9,16.9,24.8,23.4
2022-10-27 17:00:00,13.6,15.9,12.5,20.1,21.6,18.6,18.5,17.5,28.6,22.3
2022-10-27 18:00:00,10.7,17.1,12.8,19.0,20.8,18.7,15.2,17.0,19.5,19.4
2022-10-27 19:00:00,9.89,15.5,13.9,14.7,19.6,14.9,16.1,17.0,18.2,19.5
2022-10-27 20:00:00,10.1,18.7,15.0,17.9,20.4,16.3,16.9,17.1,23.2,23.7
2022-10-27 21:00:00,12.9,12.7,13.9,15.3,21.6,14.1,16.5,18.9,18.0,17.7
2022-10-27 22:00:00,9.46,11.4,14.5,15.8,20.0,13.5,11.7,19.7,15.1,15.8
2022-10-27 23:00:00,10.6,11.4,14.9,14.5,15.5,14.8,10.3,17.4,16.6,16.7
2022-10-28 00:00:00,11.3,13.2,14.7,13.1,14.3,18.8,16.0,17.0,24.2,18.0
2022-10-28 01:00:00,12.4,14.0,15.5,12.7,13.7,18.7,16.5,16.1,27.5,20.6
2022-10-28 02:00:00,12.1,13.4,16.2,13.0,15.6,19.9,18.3,17.4,25.0,23.1
2022-10-28 03:00:00,13.4,14.1,16.0,13.5,17.3,17.3,16.0,19.8,19.6,22.2
2022-10-28 04:00:00,13.4,12.6,16.5,14.5,21.9,23.9,21.4,24.8,18.2,22.8
2022-10-28 05:00:00,12.6,13.9,16.2,16.2,25.9,29.6,31.3,31.5,16.3,23.3
2022-10-28 06:00:00,17.6,15.1,16.3,15.1,29.5,37.2,27.5,37.5,19.9,26.3
2022-10-28 07:00:00,23.7,29.8,17.7,22.2,33.7,44.7,46.1,38.8,21.5,29.8
2022-10-28 08:00:00,30.6,34.3,19.1,37.4,46.1,57.5,21.4,47.6,20.0,26.1
2022-10-28 09:00:00,29.2,25.2,18.2,30.6,34.3,29.2,20.4,28.3,23.8,24.2
2022-10-28 10:00:00,29.5,27.7,17.0,34.0,36.3,36.3,26.5,34.4,25.7,25.9
2022-10-28 11:00:00,19.6,14.6,13.4,18.2,20.0,21.6,18.9,24.1,19.4,19.2
2022-10-28 12:00:00,19.8,14.0,14.6,22.0,19.1,18.4,17.1,20.2,19.6,20.8
2022-10-28 13:00:00,16.8,11.2,12.8,24.7,18.0,27.0,18.6,19.9,17.8,17.8
2022-10-28 14:00:00,16.3,9.45,12.2,18.9,14.7,18.1,15.7,17.0,19.1,17.5
2022-10-28 15:00:00,14.2,9.80,12.2,16.9,16.5,18.5,15.3,17.1,16.9,15.7
2022-10-28 16:00:00,14.8,10.3,11.7,19.1,17.2,16.6,12.9,19.3,16.5,15.0
2022-10-28 17:00:00,16.9,10.5,11.5,18.6,17.7,14.2,10.8,20.9,18.6,15.8
2022-10-28 18:00:00,13.7,9.34,11.9,15.7,17.4,13.4,10.8,15.7,15.6,15.3
2022-10-28 19:00:00,14.2,10.2,11.7,16.5,13.8,12.8,9.57,15.0,22.7,14.9
2022-10-28 20:00:00,9.53,12.9,13.4,19.0,18.3,12.1,8.29,15.9,15.3,15.4
2022-10-28 21:00:00,9.26,12.6,12.9,16.5,15.5,16.1,8.39,17.4,15.5,14.7
2022-10-28 22:00:00,13.9,23.0,14.1,15.1,19.2,22.3,21.4,23.7,15.9,16.6
2022-10-28 23:00:00,23.7,37.0,16.6,17.4,24.5,36.9,39.0,29.4,15.4,16.3
2022-10-29 00:00:00,17.7,28.9,16.5,15.8,36.1,43.0,44.1,34.8,15.6,16.6
2022-10-29 01:00:00,24.4,35.1,18.1,23.8,38.7,50.9,52.4,39.8,26.9,45.4
2022-10-29 02:00:00,28.3,40.7,18.5,34.6,47.4,49.2,54.6,48.2,19.3,34.2
2022-10-29 03:00:00,39.2,53.6,19.7,40.2,52.9,56.4,62.8,55.2,51.5,57.8
2022-10-29 04:00:00,30.0,40.4,18.5,27.9,43.9,52.1,53.6,47.6,61.2,64.2
2022-10-29 05:00:00,30.8,46.5,18.4,25.5,39.9,44.2,46.9,40.6,64.8,66.0
2022-10-29 06:00:00,36.8,43.3,19.4,35.2,43.8,55.4,57.7,47.1,69.2,70.9
2022-10-29 07:00:00,32.1,43.5,18.6,32.2,38.3,49.2,50.2,42.5,70.9,68.2
2022-10-29 08:00:00,54.6,82.7,20.3,53.3,38.8,58.3,57.7,45.2,83.9,80.0
2022-10-29 09:00:00,65.7,105,20.9,57.3,33.7,38.9,39.0,36.7,71.1,66.6
2022-10-29 10:00:00,50.6,62.1,18.9,40.8,45.9,55.8,56.8,48.9,58.5,53.5
2022-10-29 11:00:00,40.7,55.2,21.7,47.7,47.3,49.8,51.7,51.9,52.6,53.5
2022-10-29 12:00:00,33.4,34.2,20.8,30.5,28.2,25.1,28.7,33.4,28.8,34.7
2022-10-29 13:00:00,24.8,25.7,19.1,23.9,24.8,22.4,24.1,26.4,28.0,30.7
2022-10-29 14:00:00,20.0,16.9,16.0,20.4,17.6,20.3,27.5,21.6,23.5,25.6
2022-10-29 15:00:00,16.3,13.8,15.3,21.3,15.7,15.3,22.0,19.2,22.6,19.0
2022-10-29 16:00:00,12.5,12.6,10.6,17.8,15.2,13.4,17.2,17.0,20.3,18.1
2022-10-29 17:00:00,15.9,13.6,10.6,19.9,15.0,13.7,14.2,17.0,16.1,16.5
2022-10-29 18:00:00,10.9,12.9,10.0,16.3,15.8,10.7,10.8,16.8,15.9,15.4
2022-10-29 19:00:00,10.8,7.25,10.8,14.2,12.3,8.62,8.91,14.7,14.6,12.8
2022-10-29 20:00:00,12.5,8.09,10.8,12.0,12.7,6.73,8.14,17.8,13.7,11.6
2022-10-29 21:00:00,7.66,10.5,11.4,13.0,11.6,6.85,6.72,13.5,11.9,10.6
2022-10-29 22:00:00,8.51,11.1,13.6,15.3,11.0,5.48,5.93,13.5,12.5,9.96
2022-10-29 23:00:00,9.29,15.6,14.8,16.9,13.8,7.93,7.93,14.8,13.1,11.9
2022-10-30 00:00:00,14.4,21.8,16.4,16.1,17.1,20.5,17.7,22.4,14.5,14.3
2022-10-30 01:00:00,13.9,19.6,18.0,21.6,19.6,21.0,23.5,23.8,14.9,20.4
2022-10-30 02:00:00,20.0,31.1,18.2,22.7,26.3,27.3,27.6,28.1,22.6,34.7
2022-10-30 03:00:00,21.8,26.9,17.4,20.8,23.9,26.5,29.7,27.6,27.6,35.0
2022-10-30 04:00:00,16.1,20.4,15.4,14.5,16.9,17.6,18.4,21.6,31.6,35.0
2022-10-30 05:00:00,14.0,18.4,15.9,14.5,16.2,14.1,14.5,18.1,30.3,30.4
2022-10-30 06:00:00,31.1,30.8,17.6,21.9,24.8,30.1,32.4,28.5,34.7,36.9
2022-10-30 07:00:00,28.7,39.3,17.9,31.8,38.1,49.0,49.1,38.6,34.2,43.0
2022-10-30 08:00:00,31.9,29.9,15.7,18.9,36.5,40.7,41.4,38.5,17.1,21.5
2022-10-30 09:00:00,18.2,15.2,14.3,15.1,13.0,8.67,9.72,15.8,15.7,15.3
2022-10-30 10:00:00,16.0,17.5,14.7,19.6,16.4,13.5,13.0,18.9,18.2,19.7
2022-10-30 11:00:00,22.6,22.1,15.2,22.8,20.8,17.9,18.2,22.6,23.9,25.8
2022-10-30 12:00:00,26.8,27.0,15.6,28.1,28.3,23.4,27.5,31.0,29.7,35.9
2022-10-30 13:00:00,29.4,28.7,18.0,29.7,25.2,21.3,23.5,25.9,28.1,32.8
2022-10-30 14:00:00,23.5,23.8,16.8,26.5,24.5,22.3,27.1,27.7,29.1,29.4
2022-10-30 15:00:00,21.1,20.0,16.5,26.3,19.8,19.5,24.8,22.9,27.0,25.3
2022-10-30 16:00:00,16.7,14.7,12.8,20.6,17.8,15.8,17.9,22.2,23.1,21.0
2022-10-30 17:00:00,15.3,12.1,10.8,17.8,16.2,16.6,15.2,18.1,18.1,17.5
2022-10-30 18:00:00,11.5,7.95,8.94,16.0,15.7,10.8,11.9,15.5,16.2,16.9
2022-10-30 19:00:00,9.48,6.64,9.09,11.8,11.3,7.51,8.37,13.2,13.5,12.7
2022-10-30 20:00:00,5.00,2.45,6.72,9.59,8.34,2.92,3.51,10.4,9.29,8.00
2022-10-30 21:00:00,5.73,8.02,8.39,8.96,11.6,6.15,6.21,12.1,12.6,11.3
2022-10-30 22:00:00,10.1,11.4,12.3,13.2,12.6,11.0,9.86,15.5,15.8,15.3
2022-10-30 23:00:00,13.9,19.9,14.9,18.5,14.2,14.2,15.8,16.0,25.1,26.1
2022-10-31 00:00:00,21.3,29.1,17.1,19.4,20.0,28.0,31.4,22.4,32.8,30.5
2022-10-31 01:00:00,32.9,41.5,17.3,25.2,20.4,24.2,25.2,23.1,36.6,35.2
2022-10-31 02:00:00,40.5,52.1,18.2,36.0,37.3,36.5,41.0,39.1,37.7,36.2
2022-10-31 03:00:00,35.1,46.2,17.8,31.0,35.4,34.4,36.5,36.4,48.1,50.4
2022-10-31 04:00:00,28.7,37.4,17.5,24.0,25.3,23.6,21.0,25.9,47.2,49.6
2022-10-31 05:00:00,24.1,29.6,17.9,29.4,25.7,23.4,27.1,27.7,26.0,31.4
2022-10-31 06:00:00,29.4,30.1,18.0,30.9,20.2,19.4,16.0,21.1,18.5,19.2
2022-10-31 07:00:00,22.0,30.6,16.5,28.4,16.1,15.5,11.7,17.8,16.3,17.3
2022-10-31 08:00:00,29.3,37.2,18.0,35.5,19.8,17.7,14.9,21.4,26.0,24.5
2022-10-31 09:00:00,27.6,39.3,16.7,29.7,23.0,20.5,16.7,19.1,23.8,22.1
2022-10-31 10:00:00,30.6,49.1,17.3,35.5,39.1,37.6,41.2,39.9,38.2,32.4
2022-10-31 11:00:00,35.5,47.8,17.9,36.9,35.7,33.7,34.8,38.0,38.7,37.4
2022-10-31 12:00:00,26.1,30.8,15.9,34.9,33.0,32.5,30.5,35.2,44.6,34.3
2022-10-31 13:00:00,15.0,17.0,13.6,24.7,21.5,20.4,15.9,21.4,27.3,22.0
2022-10-31 14:00:00,20.8,15.4,12.9,21.8,17.1,22.6,18.3,20.0,24.4,24.9
2022-10-31 15:00:00,17.4,14.0,13.7,23.9,17.9,17.6,17.2,19.0,26.0,22.1
2022-10-31 16:00:00,18.2,12.5,12.3,20.2,18.8,17.2,16.5,22.5,21.5,20.9
2022-10-31 17:00:00,16.3,11.6,13.2,17.2,16.5,13.3,13.3,18.4,20.8,19.8
2022-10-31 18:00:00,13.8,10.2,11.8,16.2,14.7,12.6,10.5,17.3,17.5,15.6
2022-10-31 19:00:00,11.8,10.4,11.6,16.4,13.2,8.02,9.68,14.3,15.2,14.8
2022-10-31 20:00:00,11.0,13.3,13.0,19.3,14.4,10.0,9.08,14.2,16.7,15.6
2022-10-31 21:00:00,11.5,14.8,13.6,19.2,14.6,10.6,8.79,15.2,16.9,18.2
2022-10-31 22:00:00,11.7,12.3,15.4,19.2,19.5,16.2,10.3,17.1,21.4,21.5
2022-10-31 23:00:00,12.7,14.9,16.5,18.2,15.0,14.4,12.9,16.8,21.8,24.2
2022-11-01 00:00:00,14.1,15.4,17.3,17.7,16.5,15.4,16.1,19.0,24.3,27.0
2022-11-01 01:00:00,19.1,22.8,18.0,21.0,18.4,17.5,17.6,20.4,26.3,24.9
2022-11-01 02:00:00,23.2,26.8,17.7,19.1,15.6,13.5,15.7,18.1,24.5,24.0
2022-11-01 03:00:00,25.9,32.0,18.3,23.2,17.7,14.5,16.7,19.5,25.8,26.2
2022-11-01 04:00:00,20.0,21.4,17.9,20.0,12.5,9.89,11.3,14.9,19.6,19.2
2022-11-01 05:00:00,16.6,18.0,17.3,16.7,15.6,13.4,15.7,17.3,23.3,22.5
2022-11-01 06:00:00,21.9,24.1,18.0,20.2,19.2,18.8,22.8,20.5,26.7,27.8
2022-11-01 07:00:00,34.3,45.6,20.0,39.2,27.9,31.1,34.8,28.1,30.0,53.4
2022-11-01 08:00:00,54.1,91.1,22.5,62.4,54.9,66.9,68.0,56.6,61.7,72.2
2022-11-01 09:00:00,84.7,117,25.3,101,78.6,101,101,75.5,91.9,107
2022-11-01 10:00:00,66.0,79.4,25.1,100,69.3,80.8,82.9,70.0,73.8,82.9
2022-11-01 11:00:00,35.8,37.9,22.7,77.5,32.2,38.5,38.1,29.9,46.5,47.5
2022-11-01 12:00:00,21.1,31.1,20.8,61.5,29.5,25.6,30.7,25.4,37.3,39.2
2022-11-01 13:00:00,28.8,30.1,20.9,63.1,29.9,25.9,30.2,22.6,31.4,38.8
2022-11-01 14:00:00,25.4,20.4,19.4,37.1,31.2,22.6,28.7,23.9,30.8,29.4
2022-11-01 15:00:00,18.9,13.6,16.2,23.0,16.6,22.0,23.9,18.7,24.8,25.2
2022-11-01 16:00:00,20.4,21.1,13.7,22.7,20.6,19.9,23.4,22.2,22.9,22.2
2022-11-01 17:00:00,14.5,14.5,12.4,15.5,18.0,21.4,16.7,17.5,15.3,18.3
2022-11-01 18:00:00,16.6,11.9,12.8,12.7,14.8,13.5,15.1,15.5,16.5,16.5
2022-11-01 19:00:00,18.9,8.62,13.4,13.4,11.2,15.2,17.6,15.4,21.2,21.2
2022-11-01 20:00:00,18.6,10.7,15.3,29.1,11.7,14.5,19.0,15.4,18.9,24.8
2022-11-01 21:00:00,21.8,14.0,16.5,25.3,13.4,14.6,18.6,18.6,21.3,23.4
2022-11-01 22:00:00,12.7,9.47,14.6,20.6,17.1,16.9,15.5,15.7,17.2,20.9
2022-11-01 23:00:00,13.1,8.48,14.2,18.1,13.2,18.5,17.8,15.0,16.6,24.2
2022-11-02 00:00:00,13.1,15.5,16.6,15.6,11.7,11.5,12.5,13.7,19.7,22.8
2022-11-02 01:00:00,17.0,22.1,16.1,16.3,12.2,14.0,14.7,13.5,29.5,22.8
2022-11-02 02:00:00,15.2,16.6,15.7,16.2,13.6,12.3,14.7,15.0,27.4,29.4
2022-11-02 03:00:00,14.5,15.6,17.0,19.0,11.9,10.2,12.3,14.9,24.0,28.6
2022-11-02 04:00:00,15.8,16.1,17.5,22.1,13.1,11.5,13.3,16.7,24.4,33.6
2022-11-02 05:00:00,12.1,12.1,17.7,21.5,13.1,10.8,12.2,15.6,22.0,24.7
2022-11-02 06:00:00,14.7,17.4,16.4,17.9,12.6,23.0,21.9,15.3,19.8,29.3
2022-11-02 07:00:00,25.9,39.3,17.9,21.7,17.6,38.2,35.7,22.1,39.6,42.1
2022-11-02 08:00:00,52.7,85.7,20.4,58.2,39.9,62.0,72.1,44.4,73.0,68.0
2022-11-02 09:00:00,88.5,140,22.4,82.3,83.6,120,124,94.9,109,110
2022-11-02 10:00:00,81.8,110,21.8,69.5,78.5,94.7,82.4,77.9,73.3,79.7
2022-11-02 11:00:00,53.2,69.9,20.9,62.5,55.1,64.5,54.5,57.2,64.0,71.8
2022-11-02 12:00:00,35.8,38.5,17.7,41.5,36.9,43.9,48.0,41.5,39.3,44.2
2022-11-02 13:00:00,35.6,29.0,17.7,33.4,31.0,32.9,29.2,33.8,29.9,34.0
2022-11-02 14:00:00,28.1,20.9,14.7,29.3,20.5,30.7,29.0,25.7,28.2,28.9
2022-11-02 15:00:00,16.4,12.0,10.5,22.4,16.0,20.5,20.6,20.0,21.5,18.2
2022-11-02 16:00:00,18.7,10.2,8.13,21.6,16.0,14.9,12.6,17.2,17.7,16.6
2022-11-02 17:00:00,16.2,8.67,7.15,17.5,15.4,9.74,10.2,16.2,15.7,14.7
2022-11-02 18:00:00,14.6,8.28,9.72,15.6,13.0,9.68,10.1,15.1,14.9,14.3
2022-11-02 19:00:00,11.7,9.37,9.59,11.5,12.7,8.38,8.31,15.5,14.2,12.3
2022-11-02 20:00:00,9.54,9.11,9.39,9.63,12.8,9.84,7.53,14.5,13.5,12.0
2022-11-02 21:00:00,10.0,8.59,11.2,12.7,12.2,9.43,9.16,15.5,13.5,14.6
2022-11-02 22:00:00,9.32,8.64,9.48,13.5,11.3,7.59,8.47,14.5,15.2,13.8
2022-11-02 23:00:00,9.54,8.86,8.07,14.6,11.6,8.49,8.26,13.3,14.7,15.3
2022-11-03 00:00:00,9.12,9.81,8.57,12.8,12.5,11.1,8.38,15.4,14.0,15.7
2022-11-03 01:00:00,9.17,9.83,8.21,11.5,11.5,10.6,10.0,13.9,15.5,17.6
2022-11-03 02:00:00,9.57,10.3,9.50,11.5,11.5,8.42,9.66,13.8,15.6,15.3
2022-11-03 03:00:00,9.60,9.86,10.8,12.1,11.6,8.95,9.61,14.1,15.1,15.8
2022-11-03 04:00:00,9.70,9.93,11.4,12.3,12.1,7.85,8.73,14.1,16.3,15.4
2022-11-03 05:00:00,10.4,10.6,14.0,12.7,12.2,9.16,10.5,14.8,16.2,15.7
2022-11-03 06:00:00,12.0,11.5,13.7,13.0,12.0,9.55,13.4,14.5,16.0,16.0
2022-11-03 07:00:00,12.4,14.2,13.0,15.2,12.4,10.5,12.4,15.0,19.1,21.3
2022-11-03 08:00:00,13.9,20.1,14.8,21.8,14.5,14.1,19.2,18.9,21.6,19.1
2022-11-03 09:00:00,18.2,20.3,16.4,20.8,21.5,20.7,24.9,23.1,23.5,27.6
2022-11-03 10:00:00,24.2,28.3,17.7,30.6,25.2,25.9,32.8,31.1,34.7,38.0
2022-11-03 11:00:00,32.2,36.8,17.2,31.1,27.4,35.5,37.8,32.9,34.6,36.8
2022-11-03 12:00:00,26.3,32.2,15.8,31.4,30.4,33.4,27.6,32.1,33.5,34.8
2022-11-03 13:00:00,15.4,21.1,11.6,19.7,19.3,30.1,22.3,26.1,23.2,23.1
2022-11-03 14:00:00,18.0,24.4,14.5,21.7,25.0,36.0,39.1,32.7,24.3,28.4
2022-11-03 15:00:00,22.4,31.1,15.6,28.7,27.0,31.7,32.0,31.2,27.0,28.5
2022-11-03 16:00:00,20.9,25.1,15.5,23.4,26.6,29.1,30.3,30.4,27.2,27.3
2022-11-03 17:00:00,17.9,23.7,13.6,23.5,23.0,21.7,24.6,24.5,23.8,23.4
2022-11-03 18:00:00,18.0,19.4,14.3,23.2,22.3,19.1,17.7,24.3,25.7,21.2
2022-11-03 19:00:00,14.1,16.2,14.7,17.7,16.6,14.1,16.2,19.4,17.5,17.1
2022-11-03 20:00:00,19.4,28.4,16.7,23.8,19.6,20.0,15.8,20.4,16.5,19.2
2022-11-03 21:00:00,18.9,24.3,15.9,26.7,23.8,23.5,26.6,28.8,24.3,25.8
2022-11-03 22:00:00,12.4,11.0,13.2,14.6,16.1,9.23,11.4,18.2,17.4,16.6
2022-11-03 23:00:00,10.3,9.90,11.3,13.5,14.0,8.23,10.4,16.6,17.2,14.6
2022-11-04 00:00:00,12.1,10.3,11.6,13.8,13.4,9.43,10.2,16.3,20.8,16.3
2022-11-04 01:00:00,10.6,10.5,11.8,13.8,13.6,8.98,9.49,16.5,15.4,15.4
2022-11-04 02:00:00,10.8,11.2,13.1,12.7,13.6,15.6,12.3,18.4,15.8,19.1
2022-11-04 03:00:00,10.8,10.7,13.6,13.0,14.3,10.8,9.49,14.9,15.2,17.0
2022-11-04 04:00:00,10.7,10.4,13.6,13.0,13.0,8.58,9.92,14.9,15.6,15.7
2022-11-04 05:00:00,10.5,9.95,12.4,12.3,12.8,8.59,9.01,15.8,15.6,15.2
2022-11-04 06:00:00,11.8,11.1,12.9,13.3,16.4,12.4,9.62,18.2,15.6,17.3
2022-11-04 07:00:00,14.0,15.8,15.7,17.1,17.8,18.3,11.4,19.4,18.2,22.4
2022-11-04 08:00:00,20.0,25.5,18.1,21.1,21.7,37.3,37.1,25.5,29.6,37.8
2022-11-04 09:00:00,33.2,48.4,18.8,38.0,34.3,47.8,51.6,43.8,22.1,27.5
2022-11-04 10:00:00,37.8,54.4,17.3,39.4,46.6,56.2,59.3,48.8,26.2,30.5
2022-11-04 11:00:00,25.9,37.3,17.0,33.6,29.1,33.2,29.6,32.4,27.6,27.8
2022-11-04 12:00:00,27.2,25.3,16.4,22.6,26.0,20.2,21.3,24.9,25.9,29.6
2022-11-04 13:00:00,28.1,19.9,15.5,19.9,22.3,21.1,28.4,25.3,25.5,29.1
2022-11-04 14:00:00,17.6,16.8,13.8,19.0,21.6,28.7,25.8,23.6,24.4,26.5
2022-11-04 15:00:00,15.0,16.0,11.7,17.0,15.4,16.2,19.2,18.3,21.6,20.0
2022-11-04 16:00:00,13.1,10.2,9.42,15.1,15.7,15.7,19.3,17.2,19.6,23.2
2022-11-04 17:00:00,12.9,6.74,8.12,15.2,14.9,11.8,15.4,17.5,17.7,19.1
2022-11-04 18:00:00,11.1,4.99,5.50,11.1,12.2,10.7,14.8,14.4,15.0,15.3
2022-11-04 19:00:00,10.4,4.63,5.18,9.79,11.4,9.19,11.1,12.8,13.5,14.2
2022-11-04 20:00:00,9.43,6.06,7.51,10.7,11.9,7.57,13.2,13.4,13.5,13.7
2022-11-04 21:00:00,9.62,7.37,6.62,10.1,11.5,8.69,12.5,11.9,13.0,13.9
2022-11-04 22:00:00,9.04,11.2,6.85,10.8,12.0,8.26,10.8,12.8,14.2,14.4
2022-11-04 23:00:00,9.93,7.76,7.83,11.7,11.3,8.22,11.0,11.9,13.6,14.6
2022-11-05 00:00:00,9.69,7.05,8.32,11.1,12.4,10.1,11.0,12.4,14.3,15.0
2022-11-05 01:00:00,10.4,8.44,7.19,11.7,12.1,9.23,10.0,11.9,14.2,15.1
2022-11-05 02:00:00,10.7,7.43,7.68,11.6,9.85,7.63,9.60,11.1,14.0,15.3
2022-11-05 03:00:00,9.55,6.02,7.13,10.8,10.2,7.34,9.20,11.3,14.1,14.7
2022-11-05 04:00:00,9.14,5.52,6.93,10.5,9.72,7.26,8.52,10.7,13.0,13.6
2022-11-05 05:00:00,9.89,6.79,7.80,11.5,12.8,8.68,19.5,11.6,12.7,13.9
2022-11-05 06:00:00,10.2,6.90,8.52,11.4,13.1,9.26,9.40,13.1,14.5,16.1
2022-11-05 07:00:00,10.6,8.58,8.85,11.8,14.2,10.9,10.2,14.8,14.9,16.6
2022-11-05 08:00:00,11.1,9.60,9.65,12.2,15.2,11.4,10.6,17.0,15.5,17.7
2022-11-05 09:00:00,11.8,13.1,10.2,13.5,15.7,11.8,16.3,18.5,17.2,20.2
2022-11-05 10:00:00,12.2,10.6,10.9,15.2,14.3,13.4,17.3,15.9,17.8,19.3
2022-11-05 11:00:00,14.0,10.2,12.0,16.3,14.3,12.1,14.4,16.9,18.1,19.6
2022-11-05 12:00:00,14.5,9.95,12.1,15.9,17.0,15.7,15.5,19.9,20.0,21.8
2022-11-05 13:00:00,15.0,9.32,13.2,16.4,16.6,13.6,16.5,19.8,18.6,22.4
2022-11-05 14:00:00,16.0,7.49,13.4,15.8,15.9,14.0,17.7,19.4,18.7,21.6
2022-11-05 15:00:00,14.0,6.62,13.9,15.9,16.3,13.1,17.6,16.9,19.3,80.5
2022-11-05 16:00:00,12.6,5.32,12.6,17.0,15.5,12.6,13.9,16.3,17.4,35.8
2022-11-05 17:00:00,13.6,4.49,12.5,14.5,13.9,12.7,13.1,16.0,16.1,18.5
2022-11-05 18:00:00,12.2,2.34,11.7,12.2,13.3,11.5,12.5,15.1,16.1,17.4
2022-11-05 19:00:00,11.7,0.895,11.6,11.6,12.0,10.6,12.1,14.4,15.8,16.6
2022-11-05 20:00:00,11.0,0.449,11.0,11.1,12.1,10.4,12.2,13.8,15.0,15.5
2022-11-05 21:00:00,9.76,0.966,10.6,10.9,10.8,9.39,10.5,12.7,13.5,14.3
2022-11-05 22:00:00,9.51,1.20,10.5,10.1,11.1,8.65,10.3,13.0,14.7,14.6
2022-11-05 23:00:00,9.93,2.06,11.0,9.94,9.80,9.25,10.2,11.3,11.9,15.9
2022-11-06 00:00:00,8.67,3.28,9.66,9.19,9.00,8.50,8.36,9.75,10.8,13.3
2022-11-06 01:00:00,6.74,0.765,6.81,5.97,5.70,4.77,6.23,7.82,8.55,10.6
2022-11-06 01:00:00,5.55,1.19,6.04,7.03,6.40,4.80,6.34,7.19,9.12,11.2
2022-11-06 02:00:00,8.23,3.94,9.11,10.1,9.90,7.39,8.77,10.2,12.5,13.6
2022-11-06 03:00:00,10.5,7.61,10.8,11.7,11.5,8.59,10.8,11.9,13.7,14.8
2022-11-06 04:00:00,12.2,9.46,11.1,13.2,13.4,10.2,12.4,13.8,15.2,16.1
2022-11-06 05:00:00,13.7,11.6,11.7,15.8,15.0,12.4,14.5,15.8,18.6,19.5
2022-11-06 06:00:00,15.7,13.6,12.6,16.4,14.7,12.7,14.6,16.0,19.5,20.9
2022-11-06 07:00:00,13.7,10.7,12.1,13.8,12.3,11.2,13.4,14.8,17.2,18.9
2022-11-06 08:00:00,13.8,8.89,11.0,12.9,11.6,10.8,11.5,13.3,15.8,16.8
2022-11-06 09:00:00,13.7,10.2,13.5,15.5,13.5,12.1,14.2,14.4,17.7,19.6
2022-11-06 10:00:00,15.9,11.6,14.1,16.7,15.0,15.2,15.6,17.0,18.8,21.4
2022-11-06 11:00:00,17.5,11.0,13.2,15.7,14.3,14.7,15.5,16.2,18.3,21.6
2022-11-06 12:00:00,17.0,10.2,13.4,15.5,14.6,17.3,16.5,17.4,17.9,20.6
2022-11-06 13:00:00,17.1,9.63,13.4,15.4,13.8,15.3,17.7,17.5,17.5,21.5
2022-11-06 14:00:00,12.2,6.72,11.4,13.5,13.8,11.9,15.4,14.0,15.3,16.8
2022-11-06 15:00:00,10.2,5.04,8.88,10.3,12.1,13.7,13.0,15.0,17.3,18.9
2022-11-06 16:00:00,10.1,5.10,8.11,10.4,12.8,12.4,11.9,15.0,14.7,17.5
2022-11-06 17:00:00,13.7,8.39,10.2,13.2,14.6,15.9,18.1,16.4,17.2,19.2
2022-11-06 18:00:00,12.9,7.61,10.2,12.7,12.5,12.3,12.5,15.0,16.3,17.5
2022-11-06 19:00:00,12.9,7.13,9.67,12.5,11.8,12.4,12.7,14.9,17.2,20.5
2022-11-06 20:00:00,11.1,5.95,9.83,12.1,10.8,11.7,10.8,13.3,15.9,18.3
2022-11-06 21:00:00,11.4,5.36,10.5,11.5,10.0,10.5,11.5,13.4,17.0,19.0
2022-11-06 22:00:00,9.96,4.89,9.84,11.0,10.2,9.57,11.0,12.1,16.4,16.6
2022-11-06 23:00:00,10.1,5.61,10.2,11.4,10.2,9.81,10.2,12.4,14.6,15.4
2022-11-07 00:00:00,7.89,5.15,10.0,8.87,9.02,7.34,8.11,10.5,11.5,12.2
2022-11-07 01:00:00,6.96,4.09,10.2,8.34,8.54,5.89,6.31,9.80,10.6,11.7
2022-11-07 02:00:00,9.49,6.82,12.1,10.3,9.82,7.70,8.38,11.2,13.4,14.1
2022-11-07 03:00:00,10.4,7.60,13.0,11.8,10.9,7.96,8.88,11.9,14.4,14.9
2022-11-07 04:00:00,10.6,7.88,11.6,12.8,11.1,8.11,9.15,12.7,14.9,15.3
2022-11-07 05:00:00,10.4,8.08,11.7,12.5,11.1,8.37,8.92,12.3,15.0,15.3
2022-11-07 06:00:00,11.1,9.13,12.3,13.5,11.7,9.64,10.4,13.0,15.6,16.9
2022-11-07 07:00:00,13.1,9.52,13.7,13.4,11.8,11.5,11.7,13.8,17.4,17.7
2022-11-07 08:00:00,13.4,10.5,14.3,15.7,12.4,13.4,11.9,17.8,20.4,16.6
2022-11-07 09:00:00,17.3,12.6,16.1,22.3,14.7,15.9,13.6,15.7,21.6,23.2
2022-11-07 10:00:00,18.7,15.8,16.1,23.8,14.4,13.0,14.8,16.8,22.0,23.1
2022-11-07 11:00:00,20.3,14.3,15.4,38.5,14.6,13.4,14.8,16.2,20.3,24.9
2022-11-07 12:00:00,17.4,13.7,14.2,19.1,14.4,13.6,14.3,16.0,19.8,24.9
2022-11-07 13:00:00,21.9,14.9,14.1,18.2,14.5,13.7,17.6,16.4,20.1,21.7
2022-11-07 14:00:00,16.8,13.1,13.2,21.3,12.3,20.5,15.6,14.7,19.4,16.5
2022-11-07 15:00:00,11.2,8.93,10.9,17.9,11.9,12.6,11.3,13.9,16.9,16.2
2022-11-07 16:00:00,14.4,8.40,10.9,14.6,12.6,10.3,12.9,13.3,15.7,15.7
2022-11-07 17:00:00,11.0,7.61,11.6,12.7,13.0,10.8,10.1,13.0,16.1,16.4
2022-11-07 18:00:00,10.8,6.89,12.4,12.7,12.1,10.1,9.41,12.6,15.0,13.9
2022-11-07 19:00:00,10.4,7.02,12.9,12.0,13.1,9.37,9.76,13.4,14.4,14.5
2022-11-07 20:00:00,10.6,7.15,15.1,12.7,14.8,10.8,11.9,15.3,15.2,14.7
2022-11-07 21:00:00,10.1,7.77,15.3,15.5,11.4,9.43,10.8,15.8,15.6,16.4
2022-11-07 22:00:00,9.78,8.17,15.3,14.3,10.6,9.27,9.45,13.3,16.2,21.7
2022-11-07 23:00:00,9.23,8.54,14.9,13.4,10.7,8.91,9.36,13.3,15.9,16.2
2022-11-08 00:00:00,9.44,8.66,14.8,12.7,10.5,11.0,10.7,12.5,18.3,15.5
2022-11-08 01:00:00,9.07,9.10,14.8,12.1,10.5,13.2,11.6,12.3,19.6,17.0
2022-11-08 02:00:00,9.10,9.16,14.9,12.2,10.8,11.0,9.36,12.2,17.3,15.0
2022-11-08 03:00:00,9.65,9.68,15.5,12.3,12.1,10.0,8.63,12.9,15.7,15.1
2022-11-08 04:00:00,10.7,10.6,15.2,12.8,11.6,9.98,9.80,13.2,15.0,16.9
2022-11-08 05:00:00,11.4,11.6,16.0,14.0,14.2,14.6,12.4,14.5,18.7,20.9
2022-11-08 06:00:00,14.0,14.2,16.4,14.8,15.6,17.1,17.3,17.6,22.9,27.7
2022-11-08 07:00:00,13.5,21.0,16.5,17.3,21.3,25.3,21.5,20.0,31.5,30.6
2022-11-08 08:00:00,18.0,27.9,17.4,26.0,20.8,26.4,24.0,22.2,30.3,29.1
2022-11-08 09:00:00,17.7,25.5,18.4,32.1,31.1,30.6,38.7,32.2,30.4,30.6
2022-11-08 10:00:00,17.4,31.5,17.4,29.1,24.4,28.5,22.3,26.1,26.2,24.7
2022-11-08 11:00:00,19.0,20.0,16.4,24.2,23.9,37.6,26.4,25.1,30.1,30.4
2022-11-08 12:00:00,18.6,22.4,16.0,24.1,27.3,25.3,19.4,26.9,29.4,31.0
2022-11-08 13:00:00,20.1,20.6,14.8,26.3,23.5,22.4,25.0,23.2,32.2,28.6
2022-11-08 14:00:00,16.3,19.2,15.1,25.0,21.9,53.0,26.5,22.5,28.0,24.2
2022-11-08 15:00:00,18.0,16.0,13.3,21.2,20.4,19.0,15.4,20.5,24.7,21.2
2022-11-08 16:00:00,19.5,13.9,12.7,19.9,22.9,33.3,26.7,22.1,22.4,23.3
2022-11-08 17:00:00,12.2,7.86,11.4,15.7,19.4,36.4,64.6,18.7,17.4,17.2
2022-11-08 18:00:00,11.3,8.98,11.1,14.2,13.8,10.3,9.64,13.9,16.3,18.8
2022-11-08 19:00:00,12.1,11.3,13.5,11.8,15.6,8.13,7.13,15.7,14.0,14.7
2022-11-08 20:00:00,9.95,11.6,13.9,13.0,13.3,8.86,7.25,16.2,14.7,12.9
2022-11-08 21:00:00,10.8,9.74,14.6,17.3,14.1,13.3,8.07,16.7,15.0,13.7
2022-11-08 22:00:00,14.0,15.2,14.6,15.6,14.9,12.2,8.93,18.9,16.8,14.7
2022-11-08 23:00:00,13.0,14.2,14.9,15.7,15.5,17.4,14.1,18.4,16.9,15.0
2022-11-09 00:00:00,8.74,9.77,11.9,13.4,14.5,17.2,16.4,24.1,17.6,14.2
2022-11-09 01:00:00,9.23,9.98,12.1,18.0,14.1,9.71,10.2,16.2,19.3,14.9
2022-11-09 02:00:00,9.45,10.4,11.6,12.1,13.6,8.48,8.82,16.1,16.4,16.7
2022-11-09 03:00:00,9.50,10.3,11.6,12.1,13.0,8.18,8.29,15.2,16.6,15.2
2022-11-09 04:00:00,9.14,9.92,11.5,12.3,11.8,7.64,8.47,13.9,14.2,14.5
2022-11-09 05:00:00,9.05,9.75,11.5,12.9,12.1,7.97,8.43,14.0,15.6,14.0
2022-11-09 06:00:00,9.84,9.87,11.4,12.9,12.4,8.99,9.66,14.4,14.9,14.6
2022-11-09 07:00:00,12.4,11.1,11.9,14.3,13.6,13.9,9.97,15.7,16.4,15.9
2022-11-09 08:00:00,13.6,11.5,12.7,16.7,15.2,19.6,14.3,19.3,18.6,17.1
2022-11-09 09:00:00,17.9,11.6,12.3,19.4,14.5,13.8,11.7,18.1,17.6,17.4
2022-11-09 10:00:00,24.0,11.7,12.5,17.5,19.3,19.8,14.9,25.1,20.8,17.1
2022-11-09 11:00:00,20.5,12.4,14.3,23.0,21.2,20.2,16.8,25.8,19.6,22.5
2022-11-09 12:00:00,33.7,14.2,14.4,21.9,25.7,21.2,21.7,32.3,28.8,28.1
2022-11-09 13:00:00,22.8,14.5,16.9,28.4,21.8,28.7,30.7,27.4,27.0,26.6
2022-11-09 14:00:00,20.9,16.8,14.7,26.6,23.7,31.5,26.8,28.3,31.1,24.7
2022-11-09 15:00:00,14.4,14.2,13.4,24.3,20.6,20.2,19.1,23.5,22.6,22.5
2022-11-09 16:00:00,18.4,17.2,12.9,27.7,26.2,15.8,16.5,28.8,24.9,23.7
2022-11-09 17:00:00,16.2,10.1,12.4,17.5,16.4,18.0,18.3,17.1,20.3,15.2
2022-11-09 18:00:00,13.0,8.03,12.9,16.4,15.3,9.06,9.45,15.0,13.9,11.5
2022-11-09 19:00:00,10.8,10.2,11.5,13.3,13.6,7.05,6.84,16.3,12.9,10.7
2022-11-09 20:00:00,9.16,8.47,12.8,14.9,15.3,11.1,8.67,17.3,11.9,10.9
2022-11-09 21:00:00,10.2,12.0,13.7,16.8,22.2,16.5,13.0,22.2,19.0,18.1
2022-11-09 22:00:00,11.6,14.8,16.1,24.6,14.8,14.8,15.4,18.6,17.3,17.3
2022-11-09 23:00:00,12.5,16.5,17.1,22.0,13.5,9.74,9.62,14.2,13.2,13.8
2022-11-10 00:00:00,16.9,18.8,18.4,26.1,14.7,12.1,11.8,14.4,19.2,15.1
2022-11-10 01:00:00,16.8,20.6,16.3,26.6,13.2,9.57,9.41,14.1,18.8,14.2
2022-11-10 02:00:00,13.9,16.4,15.6,14.4,12.8,9.67,10.2,15.1,19.7,18.0
2022-11-10 03:00:00,13.6,13.1,15.1,15.0,12.3,9.59,10.1,14.0,16.6,16.7
2022-11-10 04:00:00,12.5,12.7,14.3,14.1,13.1,10.3,10.5,15.2,15.4,15.7
2022-11-10 05:00:00,12.7,14.6,15.2,14.5,13.2,9.68,10.8,14.5,14.8,15.9
2022-11-10 06:00:00,19.6,20.8,16.5,15.0,13.2,10.4,10.8,14.6,17.8,18.2
2022-11-10 07:00:00,22.4,23.5,15.9,15.6,12.4,11.7,12.0,16.2,18.5,20.7
2022-11-10 08:00:00,18.1,19.5,16.3,16.3,19.8,13.5,16.8,21.2,20.3,20.7
2022-11-10 09:00:00,21.1,18.0,15.7,19.3,18.5,18.7,14.7,19.3,22.1,21.1
2022-11-10 10:00:00,24.2,20.9,17.4,22.2,20.9,21.7,20.5,27.0,22.3,23.2
2022-11-10 11:00:00,22.4,16.5,16.4,19.1,20.2,29.5,19.9,21.0,20.9,27.0
2022-11-10 12:00:00,18.3,11.9,15.0,18.4,17.7,23.7,22.5,21.0,18.2,20.8
2022-11-10 13:00:00,16.7,9.08,13.2,15.1,14.4,18.8,20.2,18.0,17.3,20.0
2022-11-10 14:00:00,14.0,11.3,11.6,16.7,14.4,19.3,21.4,17.8,19.0,16.2
2022-11-10 15:00:00,9.77,8.27,8.18,14.0,15.3,29.7,16.7,15.3,15.6,15.4
2022-11-10 16:00:00,11.1,6.20,8.08,11.4,15.7,18.0,26.5,15.9,14.2,18.7
2022-11-10 17:00:00,10.2,7.65,8.23,9.72,12.2,10.2,9.61,13.1,12.5,14.1
2022-11-10 18:00:00,9.55,5.05,8.40,9.17,13.1,9.29,9.67,12.7,12.2,13.3
2022-11-10 19:00:00,10.5,13.4,10.3,10.5,13.7,11.1,11.0,14.3,14.8,14.8
2022-11-10 20:00:00,13.0,13.9,11.3,10.3,12.5,8.80,10.8,13.0,13.7,14.0
2022-11-10 21:00:00,13.3,15.4,11.3,11.3,14.1,8.81,13.2,14.3,13.4,14.2
2022-11-10 22:00:00,11.4,12.5,12.4,12.0,13.3,15.6,11.0,13.2,13.9,15.3
2022-11-10 23:00:00,10.9,7.79,10.6,10.7,11.2,7.26,8.32,11.6,12.5,13.5
2022-11-11 00:00:00,10.4,8.57,10.9,12.0,13.2,8.44,9.09,13.9,14.6,14.2
2022-11-11 01:00:00,10.7,8.20,11.6,11.1,11.4,8.53,8.31,12.2,14.5,13.4
2022-11-11 02:00:00,10.2,7.27,11.3,11.1,12.3,8.23,8.11,12.8,14.3,15.0
2022-11-11 03:00:00,10.6,9.06,12.0,11.8,12.2,7.55,8.90,12.6,13.6,14.4
2022-11-11 04:00:00,11.1,8.53,11.2,11.8,12.0,7.86,8.96,12.7,13.9,14.9
2022-11-11 05:00:00,9.54,7.49,11.1,10.9,9.80,7.20,7.78,10.9,13.0,13.8
2022-11-11 06:00:00,10.3,10.6,11.1,11.4,11.5,6.81,7.50,16.2,12.9,13.6
2022-11-11 07:00:00,11.4,13.4,12.6,12.9,13.7,16.0,8.78,15.1,14.7,13.9
2022-11-11 08:00:00,13.9,22.9,15.1,21.6,22.1,29.7,17.4,30.4,21.4,21.0
2022-11-11 09:00:00,16.0,19.7,16.0,25.8,32.6,48.8,31.6,36.1,30.6,27.0
2022-11-11 10:00:00,20.0,30.1,17.3,30.0,34.9,38.6,40.4,46.8,29.5,30.9
2022-11-11 11:00:00,21.2,24.8,16.2,25.7,34.7,31.9,28.7,38.3,30.4,31.0
2022-11-11 12:00:00,15.4,16.2,13.2,20.8,21.8,18.2,22.0,26.4,21.8,20.6
2022-11-11 13:00:00,11.2,14.3,13.4,18.6,22.2,16.2,11.8,17.0,21.6,18.5
2022-11-11 14:00:00,16.1,12.3,11.0,27.5,21.7,16.7,15.4,20.1,17.4,16.6
2022-11-11 15:00:00,14.2,13.7,13.8,21.3,18.0,15.5,13.2,17.3,18.8,17.0
2022-11-11 16:00:00,15.7,10.0,12.5,17.5,18.9,13.3,12.2,16.1,17.2,16.5
2022-11-11 17:00:00,13.7,12.3,13.3,27.6,21.1,14.6,10.8,17.1,15.2,15.5
2022-11-11 18:00:00,17.3,15.2,16.0,19.0,23.7,19.9,12.3,19.6,18.1,17.3
2022-11-11 19:00:00,17.9,11.8,16.6,19.4,16.2,13.2,12.3,18.1,15.7,16.7
2022-11-11 20:00:00,19.4,18.9,17.8,23.6,28.9,19.0,20.4,23.3,24.1,23.2
2022-11-11 21:00:00,24.5,23.8,20.1,27.0,31.2,24.3,29.1,26.3,36.2,32.3
2022-11-11 22:00:00,16.0,14.8,18.1,17.5,27.6,18.5,22.7,20.8,21.6,22.5
2022-11-11 23:00:00,15.4,15.4,20.5,18.0,23.3,17.4,20.0,20.6,21.6,25.0
2022-11-12 00:00:00,14.2,14.7,16.3,16.9,17.4,13.0,15.1,17.5,20.1,20.1
2022-11-12 01:00:00,14.1,13.4,14.6,17.1,16.2,12.7,14.6,17.1,19.9,20.2
2022-11-12 02:00:00,13.5,13.3,15.0,16.9,15.2,11.2,13.2,16.3,19.3,20.4
2022-11-12 03:00:00,12.9,12.3,14.3,15.2,14.1,10.9,12.4,15.5,17.7,18.0
2022-11-12 04:00:00,12.9,13.1,13.6,15.5,14.3,11.0,12.1,15.8,17.9,17.6
2022-11-12 05:00:00,12.8,13.1,16.1,18.2,15.5,12.4,14.0,15.6,17.8,17.7
2022-11-12 06:00:00,13.3,13.7,16.7,16.3,14.4,12.3,12.6,16.0,18.6,18.9
2022-11-12 07:00:00,13.0,12.8,16.8,15.0,13.3,11.1,11.5,15.0,18.9,19.2
2022-11-12 08:00:00,13.2,13.0,16.9,16.3,14.8,14.1,13.1,16.0,20.6,19.7
2022-11-12 09:00:00,13.9,13.7,17.8,19.5,15.6,13.7,13.5,17.2,19.2,18.6
2022-11-12 10:00:00,16.8,16.1,17.5,19.5,16.6,14.9,14.6,18.5,20.5,20.8
2022-11-12 11:00:00,17.0,15.0,17.4,19.8,18.1,16.6,19.2,18.3,21.1,20.7
2022-11-12 12:00:00,16.3,15.7,17.1,28.2,15.8,13.5,14.1,18.0,20.4,20.5
2022-11-12 13:00:00,15.3,14.7,17.4,21.4,14.8,13.7,15.1,18.0,21.8,21.5
2022-11-12 14:00:00,14.7,12.8,16.4,19.2,13.7,13.2,13.1,16.8,19.2,18.5
2022-11-12 15:00:00,13.8,12.3,15.3,15.9,13.8,13.0,14.5,18.5,18.2,18.6
2022-11-12 16:00:00,14.2,12.6,16.0,17.2,14.0,11.2,12.6,17.0,18.8,18.0
2022-11-12 17:00:00,13.4,11.2,15.9,18.5,12.5,12.1,11.3,15.8,17.7,19.5
2022-11-12 18:00:00,11.2,9.21,14.9,14.8,10.8,9.40,10.4,15.1,16.3,16.0
2022-11-12 19:00:00,10.3,9.30,14.4,11.9,11.4,10.3,10.4,15.0,15.1,14.0
2022-11-12 20:00:00,11.1,10.3,15.7,12.8,12.1,9.47,9.13,14.8,15.0,13.9
2022-11-12 21:00:00,11.3,11.1,16.0,13.7,13.0,10.8,10.4,15.6,16.0,15.3
2022-11-12 22:00:00,11.4,12.1,16.6,14.1,13.4,10.4,9.97,15.6,17.1,16.9
2022-11-12 23:00:00,12.3,12.5,16.8,14.8,14.2,10.3,10.3,15.9,17.4,17.0
2022-11-13 00:00:00,11.3,12.5,16.7,16.6,13.6,10.9,10.2,15.0,18.8,18.7
2022-11-13 01:00:00,11.6,13.0,16.2,16.6,13.5,9.92,10.4,14.7,20.2,19.7
2022-11-13 02:00:00,11.0,13.7,15.6,15.1,12.6,9.07,9.93,14.6,18.9,17.7
2022-11-13 03:00:00,10.7,12.5,14.7,13.9,13.7,10.00,11.4,14.9,20.2,18.9
2022-11-13 04:00:00,10.6,12.1,14.6,13.8,13.7,10.4,10.4,15.3,20.2,20.0
2022-11-13 05:00:00,10.3,11.9,14.5,13.4,13.1,9.92,10.5,14.9,18.5,18.2
2022-11-13 06:00:00,11.6,12.7,14.8,14.7,14.2,10.8,12.3,16.7,17.9,17.8
2022-11-13 07:00:00,11.9,12.5,14.5,14.1,14.6,13.4,13.5,15.7,18.6,17.4
2022-11-13 08:00:00,11.7,13.9,14.7,13.7,12.7,12.5,13.0,15.1,17.8,19.1
2022-11-13 09:00:00,12.3,13.7,14.8,16.0,14.3,13.8,12.1,16.1,19.7,18.3
2022-11-13 10:00:00,12.6,14.4,13.9,16.8,16.2,13.3,13.5,17.3,18.3,18.6
2022-11-13 11:00:00,13.1,15.7,14.2,19.8,17.8,15.0,15.5,17.9,20.6,20.8
2022-11-13 12:00:00,13.0,14.0,14.4,17.1,18.4,17.7,13.9,17.8,20.0,20.9
2022-11-13 13:00:00,14.0,13.2,13.6,16.9,16.5,11.6,12.9,17.7,19.1,18.4
2022-11-13 14:00:00,12.9,12.2,14.2,18.7,16.7,13.4,13.6,17.3,18.8,18.1
2022-11-13 15:00:00,12.0,11.8,13.6,18.7,15.8,12.7,12.9,16.8,17.8,17.3
2022-11-13 16:00:00,11.6,12.8,12.2,16.2,14.8,10.4,11.1,15.9,17.0,16.8
2022-11-13 17:00:00,10.3,12.3,11.3,13.9,15.2,13.1,13.0,15.2,15.8,15.6
2022-11-13 18:00:00,11.9,10.7,12.6,17.4,15.2,12.1,11.0,15.7,17.5,17.2
2022-11-13 19:00:00,11.1,12.1,12.9,16.0,14.3,11.7,11.7,16.2,17.2,16.5
2022-11-13 20:00:00,11.3,10.7,12.4,15.0,13.9,10.3,11.8,15.8,17.0,15.8
2022-11-13 21:00:00,9.68,10.2,11.8,13.5,12.0,10.2,9.88,14.8,16.0,17.2
2022-11-13 22:00:00,9.53,9.98,12.3,13.3,11.6,10.5,9.22,14.0,17.1,16.6
2022-11-13 23:00:00,8.60,10.2,12.2,13.4,11.8,9.19,9.21,13.7,17.5,16.9
2022-11-14 00:00:00,8.30,9.93,12.4,12.8,11.4,9.31,8.38,13.4,16.5,15.0
2022-11-14 01:00:00,8.52,9.91,13.7,13.0,11.4,9.69,8.20,13.1,16.6,15.1
2022-11-14 02:00:00,9.25,11.1,13.8,13.3,12.1,12.9,9.93,13.8,16.8,15.9
2022-11-14 03:00:00,9.74,11.6,14.3,13.7,12.4,10.5,9.57,13.9,16.2,15.8
2022-11-14 04:00:00,10.9,12.9,14.3,14.0,13.5,9.77,9.72,14.9,16.2,15.1
2022-11-14 05:00:00,10.5,11.7,14.6,14.4,12.4,10.8,9.46,13.9,17.0,16.3
2022-11-14 06:00:00,11.6,12.3,13.7,16.0,12.7,12.1,11.5,14.4,18.1,17.0
2022-11-14 07:00:00,18.8,13.3,14.3,16.1,13.0,13.8,12.1,15.2,25.8,21.1
2022-11-14 08:00:00,20.6,21.8,15.9,20.3,13.6,15.8,15.0,15.5,29.3,25.0
2022-11-14 09:00:00,20.2,22.9,16.7,29.9,15.6,19.2,20.1,20.5,29.7,32.0
2022-11-14 10:00:00,26.2,26.9,15.8,24.5,18.8,21.0,21.9,20.9,42.2,31.8
2022-11-14 11:00:00,19.7,21.7,13.3,22.0,17.9,15.2,15.6,19.2,29.6,25.8
2022-11-14 12:00:00,16.0,17.9,12.8,20.5,20.6,21.7,21.0,20.8,25.2,23.2
2022-11-14 13:00:00,19.6,20.9,12.2,19.0,20.1,21.6,19.4,18.9,35.6,26.7
2022-11-14 14:00:00,14.4,14.4,12.3,23.2,16.7,24.0,14.6,18.0,38.8,23.1
2022-11-14 15:00:00,13.8,14.8,12.6,17.9,16.3,16.1,14.7,17.4,31.0,24.6
2022-11-14 16:00:00,13.3,15.1,13.0,20.8,15.6,16.1,16.4,18.4,34.1,20.9
2022-11-14 17:00:00,11.3,19.5,12.5,22.1,18.2,17.3,16.7,17.2,31.7,24.0
2022-11-14 18:00:00,10.0,13.7,11.7,19.7,18.4,15.5,20.4,18.5,18.1,20.8
2022-11-14 19:00:00,8.79,12.2,12.3,17.9,16.3,15.4,13.2,17.6,16.8,17.9
2022-11-14 20:00:00,9.71,11.2,12.2,16.9,18.3,13.0,12.3,18.4,17.5,19.2
2022-11-14 21:00:00,9.71,12.6,13.6,18.4,15.7,12.5,11.1,17.7,16.4,16.6
2022-11-14 22:00:00,11.3,14.3,13.9,15.5,15.2,13.7,10.0,17.5,15.7,15.7
2022-11-14 23:00:00,13.2,14.5,15.3,16.5,16.5,16.4,14.4,19.6,17.7,20.8
2022-11-15 00:00:00,13.2,15.1,15.5,15.4,16.4,18.8,15.7,18.9,25.1,24.5
2022-11-15 01:00:00,14.0,15.7,15.9,15.0,16.5,24.9,22.4,20.3,25.2,31.0
2022-11-15 02:00:00,14.9,15.7,16.2,15.8,16.0,16.2,14.0,19.3,19.7,20.4
2022-11-15 03:00:00,12.3,13.1,16.5,14.5,14.7,11.2,10.9,17.1,16.5,16.7
2022-11-15 04:00:00,11.9,13.5,15.3,13.2,15.1,10.6,9.05,17.1,16.5,15.8
2022-11-15 05:00:00,11.6,13.1,14.6,14.0,15.6,10.1,10.9,18.2,16.0,16.7
2022-11-15 06:00:00,13.4,13.1,14.2,14.8,18.1,11.8,9.48,19.2,16.8,16.6
2022-11-15 07:00:00,12.5,14.9,14.6,15.9,18.9,14.6,9.38,17.9,17.4,17.6
2022-11-15 08:00:00,13.7,14.8,14.8,19.5,23.3,16.8,12.8,22.3,19.5,20.3
2022-11-15 09:00:00,15.7,18.9,16.1,26.6,22.4,16.3,12.1,23.5,26.9,23.5
2022-11-15 10:00:00,13.8,22.0,15.7,36.3,30.8,35.3,15.4,25.8,24.3,25.1
2022-11-15 11:00:00,13.8,16.4,14.0,22.7,33.9,33.0,20.3,28.0,24.8,23.4
2022-11-15 12:00:00,11.1,14.8,13.1,22.0,27.5,22.3,15.1,24.5,23.5,24.0
2022-11-15 13:00:00,10.9,15.0,11.9,17.6,23.9,23.6,20.0,27.8,22.8,20.4
2022-11-15 14:00:00,12.7,16.6,12.8,20.4,27.6,29.7,18.7,25.9,26.6,20.0
2022-11-15 15:00:00,9.84,12.4,12.3,19.3,21.3,21.3,12.5,19.6,19.9,18.5
2022-11-15 16:00:00,12.7,12.9,13.4,17.5,20.9,18.8,12.8,19.2,21.3,18.6
2022-11-15 17:00:00,13.9,13.1,13.5,19.0,22.3,22.7,15.4,21.9,23.7,20.2
2022-11-15 18:00:00,13.1,13.6,13.7,17.2,18.9,17.1,10.9,18.0,19.0,17.6
2022-11-15 19:00:00,13.4,14.0,13.9,17.5,16.2,12.1,9.72,16.7,17.6,17.1
2022-11-15 20:00:00,11.0,12.8,13.7,18.9,16.5,12.9,8.92,16.4,17.3,16.7
2022-11-15 21:00:00,10.1,12.2,12.5,15.6,14.8,10.2,8.58,15.5,17.0,20.2
2022-11-15 22:00:00,9.43,11.9,12.6,14.5,13.5,9.62,8.03,15.0,16.6,15.5
2022-11-15 23:00:00,9.43,11.0,13.1,14.4,14.1,11.1,7.85,15.1,15.8,15.5
2022-11-16 00:00:00,9.38,11.0,12.9,14.7,14.6,10.7,7.48,16.5,19.3,17.4
2022-11-16 01:00:00,9.18,11.1,12.2,13.9,15.2,10.5,8.25,16.1,18.6,18.8
2022-11-16 02:00:00,9.62,11.3,13.0,14.1,14.5,10.1,7.92,15.8,17.5,17.1
2022-11-16 03:00:00,9.79,12.1,13.7,21.1,14.7,9.49,8.77,16.3,16.6,16.5
2022-11-16 04:00:00,10.4,12.3,13.8,14.6,14.0,11.3,9.10,17.0,16.5,16.1
2022-11-16 05:00:00,10.9,12.7,14.1,15.2,15.6,12.1,11.7,18.8,16.5,16.0
2022-11-16 06:00:00,12.5,13.9,14.5,14.8,15.9,12.3,10.0,17.5,17.2,16.3
2022-11-16 07:00:00,14.0,17.1,15.4,18.3,19.3,15.9,10.5,20.7,17.7,17.7
2022-11-16 08:00:00,18.6,25.3,16.4,20.5,28.4,28.1,12.6,30.4,31.5,18.5
2022-11-16 09:00:00,17.6,31.1,18.1,25.8,24.2,26.5,24.1,26.1,60.3,29.4
2022-11-16 10:00:00,19.7,42.7,17.7,28.9,25.3,30.2,30.0,33.7,51.2,38.0
2022-11-16 11:00:00,26.2,36.9,18.2,38.2,27.9,38.7,35.3,29.9,42.3,43.4
2022-11-16 12:00:00,38.4,63.0,19.5,38.0,34.9,39.4,45.1,38.3,53.6,48.6
2022-11-16 13:00:00,43.5,53.7,21.5,44.7,33.8,38.3,42.9,38.3,58.6,54.2
2022-11-16 14:00:00,24.7,31.7,18.1,28.1,22.8,24.0,26.2,25.2,58.5,35.1
2022-11-16 15:00:00,18.2,26.5,18.5,46.5,29.9,23.2,24.2,22.8,38.7,30.8
2022-11-16 16:00:00,19.0,20.8,17.1,29.6,20.4,20.2,24.2,23.5,27.1,22.4
2022-11-16 17:00:00,19.2,26.1,17.9,27.5,22.6,30.5,23.4,25.9,26.1,24.2
2022-11-16 18:00:00,18.1,24.9,19.3,25.3,23.6,27.8,26.4,26.2,26.9,30.0
2022-11-16 19:00:00,28.2,37.7,20.2,42.7,19.1,17.7,18.3,26.8,33.9,39.6
2022-11-16 20:00:00,38.1,61.0,20.5,49.7,45.4,46.0,48.1,48.8,51.7,63.9
2022-11-16 21:00:00,68.9,95.7,22.7,64.1,51.6,60.7,57.4,54.6,58.0,58.5
2022-11-16 22:00:00,44.3,55.9,21.5,66.8,42.4,46.6,47.5,45.4,54.9,63.8
2022-11-16 23:00:00,23.5,29.6,20.0,32.8,21.0,21.9,20.9,24.3,29.0,31.1
2022-11-17 00:00:00,15.5,19.5,18.8,23.7,15.4,16.5,17.9,19.0,23.1,23.0
2022-11-17 01:00:00,13.8,18.2,17.7,18.3,14.9,15.8,20.4,18.4,23.1,23.3
2022-11-17 02:00:00,12.6,16.6,17.3,16.9,13.7,14.8,15.2,17.0,24.4,28.0
2022-11-17 03:00:00,15.3,19.1,17.8,17.3,13.9,14.8,12.4,16.5,19.9,23.2
2022-11-17 04:00:00,16.4,19.4,18.0,19.7,15.1,13.2,12.5,17.6,23.8,20.4
2022-11-17 05:00:00,16.4,21.4,18.2,21.6,17.2,19.6,15.9,19.2,24.4,23.0
2022-11-17 06:00:00,14.3,15.9,15.6,16.7,14.3,11.7,11.9,16.8,20.6,19.6
2022-11-17 07:00:00,13.7,16.8,14.7,16.8,15.7,13.1,13.8,16.8,20.3,23.2
2022-11-17 08:00:00,21.4,20.7,15.1,20.3,15.3,15.9,16.3,17.3,22.1,21.7
2022-11-17 09:00:00,18.8,24.9,15.8,22.6,16.3,17.3,17.4,18.2,23.0,22.1
2022-11-17 10:00:00,18.4,25.4,14.1,21.4,15.7,18.2,19.4,18.6,23.0,24.8
2022-11-17 11:00:00,21.4,27.9,13.9,22.4,15.5,15.0,16.3,18.6,22.7,23.1
2022-11-17 12:00:00,20.4,26.9,12.9,22.6,14.6,14.6,15.3,17.9,26.7,26.4
2022-11-17 13:00:00,20.6,25.7,12.5,20.0,14.0,15.1,16.5,17.3,25.0,25.3
2022-11-17 14:00:00,18.0,23.5,12.9,21.9,14.8,23.0,18.5,23.3,22.9,25.6
2022-11-17 15:00:00,16.3,18.5,12.9,23.9,13.2,15.0,14.1,16.6,23.2,24.4
2022-11-17 16:00:00,17.2,20.8,12.8,22.2,14.4,15.7,17.5,17.3,21.2,22.7
2022-11-17 17:00:00,16.2,18.2,14.1,25.1,14.0,15.0,17.4,17.4,24.3,28.5
2022-11-17 18:00:00,15.6,14.6,13.8,16.1,13.7,12.6,11.9,17.9,25.4,24.0
2022-11-17 19:00:00,15.2,12.4,13.0,15.7,13.5,11.1,9.80,16.8,17.5,15.4
2022-11-17 20:00:00,12.4,12.5,13.5,14.8,13.3,11.3,12.2,17.2,18.2,16.1
2022-11-17 21:00:00,11.8,15.1,14.1,13.8,14.6,11.4,10.7,17.7,18.9,16.5
2022-11-17 22:00:00,11.1,12.4,13.8,13.3,13.6,11.5,10.4,17.5,17.2,16.2
2022-11-17 23:00:00,9.70,11.7,12.6,12.6,12.7,10.2,9.43,17.2,17.0,14.6
2022-11-18 00:00:00,10.3,12.4,13.3,13.5,13.2,11.9,12.2,15.7,21.5,17.7
2022-11-18 01:00:00,10.5,13.1,13.9,14.3,13.8,10.8,10.7,16.5,26.9,19.3
2022-11-18 02:00:00,9.81,13.0,13.8,13.4,13.3,10.7,10.3,16.1,25.5,20.2
2022-11-18 03:00:00,9.77,12.5,14.1,13.4,12.5,9.11,8.85,14.7,20.5,18.3
2022-11-18 04:00:00,9.28,12.3,13.6,13.1,12.9,9.32,8.95,14.6,17.4,15.6
2022-11-18 05:00:00,9.42,12.4,14.4,13.4,12.7,8.97,9.01,14.9,17.8,15.8
2022-11-18 06:00:00,10.4,12.7,14.5,13.8,12.8,10.2,9.44,14.8,20.3,18.1
2022-11-18 07:00:00,14.3,16.9,15.3,14.9,14.3,11.1,12.8,16.2,23.2,18.6
2022-11-18 08:00:00,16.6,20.0,16.7,21.1,15.3,14.6,13.2,17.2,28.2,22.0
2022-11-18 09:00:00,22.9,26.3,16.5,22.5,17.3,16.3,15.9,20.1,29.1,23.6
2022-11-18 10:00:00,20.1,23.5,15.8,20.1,18.8,17.7,18.2,20.5,24.5,22.2
2022-11-18 10:16:24,29.1,23.6,13.9,18.2,19.0,14.5,17.2,20.0,23.5,21.9

