"Time","NO2 {DeviceID=""AirSENCE-0322068B40233"", name=""Pollutant""}","NO2 {DeviceID=""AirSENCE-032206C140232"", name=""Pollutant""}","NO2 {DeviceID=""AirSENCE-0322223F40230"", name=""Pollutant""}","NO2 {DeviceID=""AirSENCE-032223EF40231"", name=""Pollutant""}","NO2 {DeviceID=""AirSENCE-1021BFD040215"", name=""Pollutant""}","NO2 {DeviceID=""AirSENCE-1021C46E40217"", name=""Pollutant""}","NO2 {DeviceID=""AirSENCE-1021C53740216"", name=""Pollutant""}","NO2 {DeviceID=""AirSENCE-1021C65A40214"", name=""Pollutant""}","NO2 {DeviceID=""AirSENCE-1021C6C640218"", name=""Pollutant""}","NO2 {DeviceID=""AirSENCE-1021C73840220"", name=""Pollutant""}"
2022-10-09 11:00:00,28.7,28.8,27.1,24.3,30.0,22.8,30.4,32.9,32.8,28.1
2022-10-09 12:00:00,16.0,20.3,23.4,21.9,24.4,20.8,25.8,27.3,27.4,21.9
2022-10-09 13:00:00,15.7,13.3,20.6,20.9,19.5,13.9,17.0,19.0,20.9,14.2
2022-10-09 14:00:00,14.8,13.0,18.4,19.2,18.2,11.7,15.1,19.9,20.1,16.3
2022-10-09 15:00:00,27.8,34.6,26.3,29.1,31.9,27.6,29.1,30.2,31.6,25.9
2022-10-09 16:00:00,35.4,43.1,33.9,35.2,34.4,31.1,33.3,34.5,36.0,30.8
2022-10-09 17:00:00,27.8,28.3,30.2,29.9,27.7,25.1,27.7,29.7,30.4,24.5
2022-10-09 18:00:00,25.9,27.9,25.8,26.1,27.7,24.1,27.2,28.6,28.5,21.5
2022-10-09 19:00:00,26.0,28.9,29.3,30.4,27.0,24.2,27.1,28.4,31.0,24.4
2022-10-09 20:00:00,24.9,28.1,28.6,29.7,24.4,22.3,24.5,26.5,28.2,23.6
2022-10-09 21:00:00,27.7,32.1,30.9,32.3,29.0,24.8,28.2,31.0,30.5,26.3
2022-10-09 22:00:00,35.9,42.4,36.1,36.9,40.5,35.7,38.3,39.1,36.7,31.2
2022-10-09 23:00:00,37.5,44.2,37.7,39.9,37.8,37.0,39.4,39.0,40.7,35.6
2022-10-10 00:00:00,35.2,43.3,32.9,34.5,35.8,34.4,36.9,38.7,38.8,33.4
2022-10-10 01:00:00,33.5,42.6,31.3,33.1,35.0,32.9,35.7,36.8,37.0,31.8
2022-10-10 02:00:00,32.5,38.3,31.5,33.0,32.8,30.8,33.9,34.6,35.2,29.9
2022-10-10 03:00:00,30.5,35.8,29.0,30.3,30.8,28.4,31.4,32.3,33.5,28.2
2022-10-10 04:00:00,31.2,37.4,29.6,30.9,31.7,28.9,31.5,33.5,34.0,28.4
2022-10-10 05:00:00,31.0,37.3,29.8,31.2,31.6,29.2,31.7,33.1,32.9,27.1
2022-10-10 06:00:00,32.2,37.5,28.5,29.8,33.6,31.2,34.0,34.6,36.0,32.7
2022-10-10 07:00:00,36.5,43.5,30.7,32.2,32.1,29.8,31.9,33.1,33.7,29.0
2022-10-10 08:00:00,38.2,46.8,32.4,34.0,39.7,37.6,39.8,39.8,37.9,33.8
2022-10-10 09:00:00,35.5,39.5,31.5,32.1,39.1,34.1,37.7,37.6,38.4,34.2
2022-10-10 10:00:00,27.6,29.8,27.0,28.1,33.6,25.1,29.0,29.9,31.7,26.9
2022-10-10 11:00:00,20.2,21.6,22.0,22.1,27.7,19.2,22.7,24.6,27.6,23.6
2022-10-10 12:00:00,9.23,12.2,17.2,15.0,21.8,13.6,18.3,19.2,19.5,14.5
2022-10-10 13:00:00,5.02,13.3,14.2,15.1,10.9,10.6,18.9,15.8,19.0,4.09
2022-10-10 14:00:00,14.0,23.9,21.1,21.9,16.7,13.1,15.8,19.5,21.3,11.6
2022-10-10 15:00:00,23.1,30.9,25.5,24.1,31.1,27.8,31.6,31.1,26.9,19.5
2022-10-10 16:00:00,29.7,28.8,21.0,18.9,29.4,24.9,26.1,29.5,26.1,22.8
2022-10-10 17:00:00,27.0,29.3,26.1,20.1,31.4,29.1,30.5,31.8,31.6,25.9
2022-10-10 18:00:00,29.3,32.9,26.6,23.2,20.0,21.3,32.2,32.3,33.5,25.4
2022-10-10 19:00:00,32.6,41.6,31.8,34.6,30.7,26.9,32.0,36.0,36.6,29.4
2022-10-10 20:00:00,43.2,56.5,40.1,46.1,50.5,46.2,46.4,48.8,43.9,39.1
2022-10-10 21:00:00,54.5,70.5,45.4,51.0,51.1,46.0,48.3,48.4,43.7,39.2
2022-10-10 22:00:00,42.8,45.1,44.5,48.0,40.6,39.9,39.1,37.1,38.4,36.1
2022-10-10 23:00:00,29.3,34.0,38.2,41.2,30.7,29.1,28.4,29.0,30.8,25.2
2022-10-11 00:00:00,32.0,39.1,35.0,37.4,33.4,30.6,31.8,33.0,36.0,30.4
2022-10-11 01:00:00,36.7,47.2,38.2,41.8,40.5,39.5,40.0,38.4,41.2,37.7
2022-10-11 02:00:00,44.9,55.6,42.5,44.6,45.6,44.5,46.7,44.3,34.3,27.9
2022-10-11 03:00:00,47.4,60.3,45.1,47.7,45.6,44.0,46.8,45.6,41.5,39.0
2022-10-11 04:00:00,49.5,63.2,50.5,54.1,43.3,42.2,45.0,43.0,51.3,51.4
2022-10-11 05:00:00,51.4,66.0,51.5,54.7,53.4,52.7,55.7,51.7,58.3,55.1
2022-10-11 06:00:00,52.3,66.0,51.6,54.8,57.9,55.9,59.2,55.3,57.2,53.5
2022-10-11 07:00:00,51.6,66.6,54.1,55.0,59.2,56.0,60.1,57.1,53.0,52.4
2022-10-11 08:00:00,54.5,68.6,59.0,59.6,59.8,61.1,63.2,57.2,46.0,53.7
2022-10-11 09:00:00,56.6,68.8,55.3,59.1,68.0,65.1,67.7,65.0,50.4,47.5
2022-10-11 10:00:00,51.7,56.5,45.9,47.7,61.6,55.6,56.9,54.4,52.4,47.5
2022-10-11 11:00:00,41.2,41.7,35.9,36.4,51.3,46.1,52.8,49.8,48.1,42.1
2022-10-11 12:00:00,29.7,34.9,31.4,31.5,39.4,38.8,45.3,39.3,39.2,33.1
2022-10-11 13:00:00,18.3,31.2,25.8,26.5,29.1,31.1,40.7,32.1,35.1,12.8
2022-10-11 14:00:00,16.9,27.2,25.2,22.1,22.2,24.1,24.1,25.9,25.2,13.3
2022-10-11 15:00:00,14.4,28.3,25.7,21.9,33.8,24.9,13.1,29.2,20.0,11.0
2022-10-11 16:00:00,34.7,30.3,22.9,20.4,42.9,38.8,38.1,38.5,28.3,26.7
2022-10-11 17:00:00,34.3,34.0,31.8,26.2,37.9,37.4,40.9,39.8,38.1,33.0
2022-10-11 18:00:00,42.4,43.5,38.1,34.4,34.8,34.9,46.0,47.7,45.8,36.7
2022-10-11 19:00:00,44.2,51.2,37.3,37.7,36.4,32.5,36.8,34.5,36.6,33.0
2022-10-11 20:00:00,36.3,45.6,28.6,28.7,26.1,22.4,23.6,22.9,23.0,19.4
2022-10-11 21:00:00,33.9,45.2,28.2,29.1,28.0,22.8,23.4,23.5,23.9,19.4
2022-10-11 22:00:00,40.8,53.3,35.1,33.5,33.0,27.9,29.3,29.4,33.1,28.4
2022-10-11 23:00:00,36.2,44.6,36.9,36.6,37.3,34.6,33.1,35.6,38.8,33.5
2022-10-12 00:00:00,34.3,42.0,35.6,36.7,37.7,34.7,35.2,37.1,39.3,32.4
2022-10-12 01:00:00,34.3,40.6,35.8,37.2,37.4,33.5,35.5,37.0,40.4,33.7
2022-10-12 02:00:00,31.5,36.8,32.8,32.8,35.1,31.4,32.4,35.2,37.5,30.6
2022-10-12 03:00:00,29.1,33.8,29.6,30.1,31.9,29.8,30.5,31.7,34.0,27.1
2022-10-12 04:00:00,31.7,35.8,31.6,32.6,34.6,31.1,31.7,33.7,35.0,29.3
2022-10-12 05:00:00,32.1,37.4,32.0,32.4,32.4,29.5,29.9,32.0,34.3,28.5
2022-10-12 06:00:00,31.6,36.7,30.6,30.6,34.2,31.7,33.7,33.0,32.6,27.9
2022-10-12 07:00:00,40.5,48.5,32.5,33.3,40.5,39.6,38.0,38.8,35.4,29.9
2022-10-12 08:00:00,54.5,61.7,40.5,44.0,45.4,41.9,43.8,41.2,36.8,31.3
2022-10-12 09:00:00,50.4,57.9,49.4,55.1,53.6,47.6,49.9,50.7,40.7,35.2
2022-10-12 10:00:00,37.7,37.2,36.1,37.0,46.2,39.3,42.4,44.6,35.2,30.5
2022-10-12 11:00:00,23.8,23.9,23.8,24.2,38.2,33.9,37.4,34.5,33.2,25.9
2022-10-12 12:00:00,26.3,28.0,25.6,29.4,38.5,39.3,38.5,35.5,33.2,25.4
2022-10-12 13:00:00,29.9,31.5,28.0,28.9,36.5,36.8,38.6,34.0,35.4,28.5
2022-10-12 14:00:00,23.5,24.7,26.4,28.9,33.5,31.9,30.3,30.9,29.1,20.7
2022-10-12 15:00:00,24.4,26.1,24.5,25.3,34.4,31.6,30.8,30.1,29.0,21.8
2022-10-12 16:00:00,27.9,31.0,27.5,29.0,33.7,29.6,30.8,30.7,31.3,25.6
2022-10-12 17:00:00,31.4,33.9,29.7,31.5,35.8,35.9,37.5,33.6,32.3,25.9
2022-10-12 18:00:00,38.2,43.5,33.3,37.9,42.8,41.4,42.6,39.8,35.5,30.5
2022-10-12 19:00:00,36.8,44.7,34.0,35.7,43.7,37.3,37.9,40.4,32.8,27.2
2022-10-12 20:00:00,34.2,45.0,34.7,38.3,45.2,36.2,37.5,42.9,33.0,28.2
2022-10-12 21:00:00,34.6,36.3,32.4,32.4,39.3,35.4,36.2,36.7,30.5,25.9
2022-10-12 22:00:00,26.8,27.3,26.1,25.0,31.1,28.8,30.1,30.0,28.9,23.8
2022-10-12 23:00:00,27.4,32.1,25.7,26.7,34.1,31.6,32.4,33.5,31.2,25.8
2022-10-13 00:00:00,27.4,30.7,24.6,25.3,30.3,26.6,28.1,30.0,27.3,21.5
2022-10-13 01:00:00,33.1,38.3,31.0,30.3,35.1,35.1,37.1,37.1,36.1,30.4
2022-10-13 02:00:00,34.4,38.3,33.0,32.0,33.7,32.2,36.1,36.3,37.6,32.2
2022-10-13 03:00:00,38.7,43.6,36.4,37.2,40.8,38.7,39.7,43.0,43.8,36.2
2022-10-13 04:00:00,37.2,40.7,35.5,36.8,39.3,36.8,38.9,40.7,42.0,34.7
2022-10-13 05:00:00,34.2,36.7,32.4,33.9,37.8,35.1,36.7,38.6,40.2,32.6
2022-10-13 06:00:00,31.9,34.1,30.7,32.0,37.9,34.8,37.2,38.1,38.5,30.7
2022-10-13 07:00:00,33.1,37.8,31.5,32.4,40.3,36.5,37.9,39.7,38.3,32.0
2022-10-13 08:00:00,37.3,42.7,36.8,34.7,40.6,39.0,40.8,40.0,37.7,31.3
2022-10-13 09:00:00,36.8,39.3,41.7,42.4,41.2,37.1,38.8,37.9,41.0,35.3
2022-10-13 10:00:00,38.5,42.1,37.8,38.5,35.2,31.7,34.5,33.7,38.6,34.4
2022-10-13 11:00:00,42.1,49.2,37.9,37.8,41.1,37.1,39.2,37.7,38.6,32.6
2022-10-13 12:00:00,35.2,43.9,34.6,34.8,36.5,35.0,37.8,34.7,36.3,30.4
2022-10-13 13:00:00,35.7,41.0,35.0,34.0,41.1,37.8,43.1,38.1,36.8,32.9
2022-10-13 14:00:00,26.9,32.1,30.0,28.8,35.2,30.2,32.0,32.0,31.2,25.2
2022-10-13 15:00:00,20.8,26.5,24.3,25.2,33.2,25.8,26.7,28.1,28.5,20.9
2022-10-13 16:00:00,21.8,21.6,20.1,21.9,27.1,22.3,25.3,23.1,22.7,17.7
2022-10-13 17:00:00,25.3,27.2,21.1,21.0,27.9,23.7,26.4,24.6,26.4,20.4
2022-10-13 18:00:00,25.2,29.0,19.5,17.3,19.7,16.3,22.0,22.2,22.7,16.5
2022-10-13 19:00:00,30.3,38.3,24.8,25.2,22.9,19.9,24.5,25.7,26.8,20.6
2022-10-13 20:00:00,35.5,44.2,29.2,29.0,30.7,27.3,29.8,28.7,28.9,24.3
2022-10-13 21:00:00,36.0,48.5,29.1,29.5,31.2,26.7,29.5,28.0,28.6,25.0
2022-10-13 22:00:00,42.5,56.9,38.4,40.4,37.9,33.9,36.0,35.5,37.2,33.6
2022-10-13 23:00:00,42.9,53.8,39.2,41.1,43.6,40.0,42.3,40.8,41.0,35.8
2022-10-14 00:00:00,46.9,61.6,45.1,47.6,48.4,44.8,47.8,46.6,46.2,42.2
2022-10-14 01:00:00,50.2,66.1,47.1,50.8,56.5,54.8,57.3,54.6,54.0,50.0
2022-10-14 02:00:00,48.6,58.7,46.9,48.7,54.7,50.8,55.4,51.9,51.1,48.4
2022-10-14 03:00:00,32.3,38.6,32.5,32.9,35.2,30.5,34.7,35.1,36.7,30.4
2022-10-14 04:00:00,27.0,32.3,27.0,27.8,29.9,25.4,28.4,30.6,32.2,25.4
2022-10-14 05:00:00,27.0,34.8,24.6,26.2,28.0,23.2,26.6,28.2,29.9,23.6
2022-10-14 06:00:00,37.5,48.9,34.1,35.7,37.2,32.9,35.3,35.3,36.4,31.5
2022-10-14 07:00:00,47.2,63.8,43.6,44.7,49.6,44.8,47.3,46.3,47.2,42.4
2022-10-14 08:00:00,53.4,68.1,52.9,50.8,58.8,54.2,56.4,53.8,50.8,46.8
2022-10-14 09:00:00,52.2,64.2,51.6,52.6,60.1,54.1,57.3,55.7,51.7,49.9
2022-10-14 10:00:00,37.2,48.7,39.1,39.2,44.6,39.4,42.9,42.5,44.4,38.5
2022-10-14 11:00:00,45.8,58.0,39.4,39.7,44.9,37.8,43.5,43.9,48.4,39.5
2022-10-14 12:00:00,37.2,47.9,34.2,34.2,39.4,35.5,40.6,37.4,38.6,32.3
2022-10-14 13:00:00,27.1,31.1,42.7,28.1,36.3,30.5,36.5,31.9,30.6,25.4
2022-10-14 14:00:00,17.3,26.9,23.3,24.3,31.2,27.3,30.8,37.8,25.8,15.4
2022-10-14 15:00:00,8.68,25.4,19.0,17.7,30.7,20.5,14.0,26.7,20.3,8.87
2022-10-14 16:00:00,28.4,27.0,22.6,21.2,35.2,29.1,33.3,31.9,25.2,21.2
2022-10-14 17:00:00,27.8,28.6,25.6,25.5,34.8,28.6,32.2,31.7,31.1,24.8
2022-10-14 18:00:00,35.3,39.2,29.6,29.4,29.5,29.1,37.8,35.4,34.8,28.5
2022-10-14 19:00:00,33.9,47.4,30.9,31.1,32.6,30.8,38.1,33.3,33.2,30.4
2022-10-14 20:00:00,42.3,57.2,43.7,47.7,47.4,38.5,40.9,43.3,39.3,37.6
2022-10-14 21:00:00,49.8,69.2,51.3,54.8,47.2,41.9,40.5,42.1,38.4,34.3
2022-10-14 22:00:00,47.7,58.9,43.0,47.7,54.2,46.8,46.2,52.0,40.5,35.3
2022-10-14 23:00:00,41.0,50.6,36.0,38.5,40.8,38.3,41.0,41.5,41.5,35.6
2022-10-15 00:00:00,36.5,43.6,33.5,35.6,38.3,36.1,38.5,39.3,40.0,33.8
2022-10-15 01:00:00,35.1,42.3,32.3,34.7,37.6,33.5,36.6,37.5,37.7,31.6
2022-10-15 02:00:00,33.1,38.1,30.6,32.1,38.0,30.9,34.7,37.2,34.8,28.7
2022-10-15 03:00:00,30.8,33.2,28.6,30.0,36.8,28.2,31.5,35.7,31.4,25.4
2022-10-15 04:00:00,30.4,33.0,27.5,29.2,33.1,26.3,29.4,32.5,30.8,24.8
2022-10-15 05:00:00,27.7,30.6,25.4,26.9,30.7,24.3,27.4,29.7,29.2,22.5
2022-10-15 06:00:00,23.7,27.0,23.3,24.9,26.5,21.0,24.0,26.1,27.4,21.4
2022-10-15 07:00:00,21.0,23.4,20.9,22.0,24.7,19.1,22.2,24.1,25.5,19.9
2022-10-15 08:00:00,21.7,24.8,20.6,21.7,26.7,19.8,23.0,25.7,25.0,19.2
2022-10-15 09:00:00,26.3,30.5,26.8,26.7,35.2,31.3,33.7,33.7,29.4,23.6
2022-10-15 10:00:00,28.1,32.3,28.2,26.1,32.5,28.4,31.4,31.1,30.9,25.0
2022-10-15 11:00:00,31.2,40.9,29.6,30.9,32.6,29.5,32.3,33.6,35.4,26.3
2022-10-15 12:00:00,40.3,47.9,40.8,40.1,43.0,40.0,42.5,43.5,46.2,39.4
2022-10-15 13:00:00,18.0,24.2,23.0,24.3,23.3,20.1,25.0,25.6,28.0,16.1
2022-10-15 14:00:00,15.9,18.5,17.5,18.0,18.4,13.5,17.0,18.7,21.7,14.0
2022-10-15 15:00:00,11.3,17.4,13.4,13.4,18.6,12.9,12.6,18.6,17.5,8.44
2022-10-15 16:00:00,16.8,16.8,14.9,14.4,16.8,12.8,16.1,17.3,19.2,14.3
2022-10-15 17:00:00,19.3,22.4,19.5,17.4,20.9,17.0,19.9,21.6,24.4,18.8
2022-10-15 18:00:00,24.2,27.4,22.1,20.6,20.4,18.1,22.6,24.1,25.5,18.6
2022-10-15 19:00:00,28.4,33.8,27.7,28.0,26.9,23.6,27.1,28.7,30.2,24.7
2022-10-15 20:00:00,32.2,40.0,30.7,30.9,32.5,29.6,32.1,33.4,33.7,28.1
2022-10-15 21:00:00,37.3,45.8,35.4,35.8,36.1,32.9,34.8,36.9,37.2,31.2
2022-10-15 22:00:00,39.2,48.7,35.9,36.8,37.1,34.7,37.3,37.7,38.8,32.7
2022-10-15 23:00:00,40.7,49.2,37.6,38.6,38.2,34.4,37.1,37.5,39.2,34.7
2022-10-16 00:00:00,33.8,40.9,33.7,34.7,35.0,32.3,35.2,35.9,38.3,32.3
2022-10-16 01:00:00,31.2,38.9,32.1,32.6,33.4,30.2,33.9,34.3,36.4,29.7
2022-10-16 02:00:00,31.9,39.5,32.8,34.0,34.1,31.3,34.1,35.4,37.7,31.3
2022-10-16 03:00:00,38.6,51.0,36.3,38.4,36.3,33.7,37.0,37.1,39.5,33.6
2022-10-16 04:00:00,44.4,57.5,40.3,42.4,36.8,33.5,35.9,37.0,41.6,36.3
2022-10-16 05:00:00,41.0,49.7,40.0,41.7,38.0,33.9,37.2,38.2,43.2,38.1
2022-10-16 06:00:00,39.0,49.7,38.2,40.1,41.4,37.8,39.8,41.2,43.2,38.3
2022-10-16 07:00:00,41.3,51.5,40.7,42.6,43.3,38.5,41.9,42.1,43.9,40.3
2022-10-16 08:00:00,43.7,53.2,42.6,43.8,43.0,37.8,40.5,40.8,44.3,40.9
2022-10-16 09:00:00,42.6,50.5,42.3,43.3,42.5,38.6,40.5,39.8,43.7,40.5
2022-10-16 10:00:00,36.5,44.6,37.5,38.5,40.2,35.8,38.2,38.7,39.0,35.1
2022-10-16 11:00:00,34.3,39.4,32.5,33.3,37.4,32.9,37.3,36.2,37.1,32.8
2022-10-16 12:00:00,25.4,33.0,28.6,29.1,31.8,28.9,33.1,32.4,34.5,25.5
2022-10-16 13:00:00,21.3,27.3,24.7,25.7,29.0,25.5,32.4,30.0,31.3,21.2
2022-10-16 14:00:00,18.2,26.3,22.9,21.7,19.1,18.2,17.2,24.0,25.9,13.6
2022-10-16 15:00:00,24.5,28.9,24.4,25.4,29.0,23.1,22.5,28.0,29.4,22.9
2022-10-16 16:00:00,29.8,31.0,28.0,28.4,31.8,27.3,30.5,31.4,32.6,28.9
2022-10-16 17:00:00,33.0,37.6,29.9,30.8,33.9,30.8,32.5,32.5,32.5,28.4
2022-10-16 18:00:00,31.1,34.6,32.9,34.2,32.5,28.5,30.6,32.5,33.3,30.4
2022-10-16 19:00:00,26.7,29.7,27.8,28.5,34.5,25.5,29.1,29.6,30.8,27.0
2022-10-16 20:00:00,25.3,29.4,27.1,27.7,33.9,23.7,28.6,28.1,25.2,20.5
2022-10-16 21:00:00,28.7,32.9,30.7,30.4,36.8,26.8,31.8,29.8,27.0,23.8
2022-10-16 22:00:00,32.6,38.1,31.0,32.7,37.4,32.9,35.8,35.3,35.9,34.0
2022-10-16 23:00:00,34.1,43.5,32.9,34.8,36.6,34.1,35.2,37.7,38.5,33.2
2022-10-17 00:00:00,36.2,43.8,35.3,36.4,38.1,35.9,36.4,38.6,40.1,34.9
2022-10-17 01:00:00,34.7,41.8,33.2,34.6,36.1,33.3,35.2,37.1,38.6,33.7
2022-10-17 02:00:00,34.9,41.7,32.2,33.4,35.6,32.9,34.6,37.0,38.1,33.2
2022-10-17 03:00:00,35.8,42.8,33.5,35.1,36.6,34.1,35.6,37.4,37.8,32.9
2022-10-17 04:00:00,39.1,47.4,34.8,36.9,40.8,37.1,38.8,41.7,43.7,40.8
2022-10-17 05:00:00,41.1,48.7,38.1,39.6,40.8,38.4,39.6,40.9,41.4,38.1
2022-10-17 06:00:00,44.3,52.6,42.2,44.2,42.9,40.2,41.8,41.9,42.7,38.5
2022-10-17 07:00:00,45.8,56.4,44.6,46.5,42.9,38.7,41.3,41.9,45.5,41.0
2022-10-17 08:00:00,45.0,54.4,43.1,44.3,45.4,41.6,44.4,45.2,44.2,39.3
2022-10-17 09:00:00,39.6,45.2,36.8,37.1,40.5,38.1,41.6,40.9,41.0,35.0
2022-10-17 10:00:00,32.8,38.9,30.3,30.4,34.2,32.8,35.8,34.0,36.4,28.8
2022-10-17 11:00:00,29.8,35.8,40.6,31.6,37.1,36.0,41.5,36.0,35.1,29.6
2022-10-17 12:00:00,28.9,33.6,29.0,30.0,37.8,36.0,35.3,34.5,36.0,29.3
2022-10-17 13:00:00,27.4,33.2,27.0,27.8,34.2,31.5,33.6,33.4,32.6,27.1
2022-10-17 14:00:00,27.8,36.0,26.6,28.3,35.1,31.5,33.4,35.8,33.8,26.5
2022-10-17 15:00:00,32.5,41.5,31.7,32.5,39.0,34.3,37.0,40.0,37.8,32.3
2022-10-17 16:00:00,34.7,43.3,32.0,30.9,35.0,35.7,37.3,36.2,36.2,30.6
2022-10-17 17:00:00,34.9,45.1,33.4,33.0,37.0,34.6,37.3,37.8,36.9,32.4
2022-10-17 18:00:00,34.0,44.0,32.3,32.3,35.2,32.3,36.7,36.7,35.7,29.9
2022-10-17 19:00:00,36.1,46.7,33.2,34.4,36.0,32.5,35.0,36.1,36.3,31.4
2022-10-17 20:00:00,34.4,45.8,31.7,32.9,34.6,32.2,35.1,36.6,35.6,30.1
2022-10-17 21:00:00,31.3,41.7,29.2,30.4,31.2,28.1,31.6,33.0,32.9,27.1
2022-10-17 22:00:00,31.1,40.1,29.6,31.2,31.6,29.2,32.6,33.5,34.1,28.5
2022-10-17 23:00:00,30.8,40.0,29.6,31.1,32.2,29.0,32.6,33.7,35.2,29.3
2022-10-18 00:00:00,31.9,40.2,30.8,31.7,34.8,31.1,34.1,36.1,36.3,30.0
2022-10-18 01:00:00,29.8,37.1,28.5,30.5,35.5,30.3,33.3,36.2,35.0,29.1
2022-10-18 02:00:00,32.1,38.4,29.6,31.2,34.1,31.9,33.5,35.2,35.7,31.6
2022-10-18 03:00:00,33.8,40.5,31.7,33.7,35.9,32.8,36.5,36.6,38.0,35.4
2022-10-18 04:00:00,35.3,43.7,34.8,36.5,37.6,34.3,38.4,37.8,39.9,35.5
2022-10-18 05:00:00,36.8,46.5,35.7,38.5,38.6,35.2,38.7,38.7,40.0,36.3
2022-10-18 06:00:00,37.3,48.5,36.0,39.0,39.4,37.4,40.3,40.2,41.0,37.2
2022-10-18 07:00:00,40.0,52.7,38.7,41.8,45.6,38.8,42.8,41.3,44.8,41.1
2022-10-18 08:00:00,39.7,53.1,40.2,42.9,41.6,39.3,43.3,41.7,45.4,40.6
2022-10-18 09:00:00,35.8,46.1,36.8,37.6,37.2,35.8,41.7,39.1,43.4,38.2
2022-10-18 10:00:00,36.8,44.0,35.0,36.7,39.3,35.7,43.6,39.6,42.4,37.4
2022-10-18 11:00:00,38.5,42.8,35.6,36.6,40.1,35.7,44.0,40.2,39.9,35.7
2022-10-18 12:00:00,32.2,37.0,30.8,31.2,34.0,32.1,36.9,34.1,36.6,31.1
2022-10-18 13:00:00,23.7,24.8,22.9,23.4,26.7,22.2,29.4,26.8,27.6,19.7
2022-10-18 14:00:00,24.7,30.7,21.9,23.7,26.3,22.4,27.1,26.0,27.4,19.7
2022-10-18 15:00:00,33.9,46.5,30.8,32.1,37.0,34.3,37.1,37.5,35.1,30.8
2022-10-18 16:00:00,40.8,48.5,35.8,35.4,38.2,35.5,42.7,41.3,38.9,32.6
2022-10-18 17:00:00,35.5,43.6,32.7,33.1,37.2,34.8,38.7,41.5,35.9,30.4
2022-10-18 18:00:00,37.3,48.0,35.4,35.4,38.6,34.1,39.0,38.2,38.4,33.9
2022-10-18 19:00:00,38.0,48.1,35.5,35.1,38.3,34.7,38.8,37.7,36.9,32.6
2022-10-18 20:00:00,37.1,49.1,35.3,36.2,39.4,35.8,40.0,38.4,37.7,33.5
2022-10-18 21:00:00,38.3,50.6,35.9,37.6,40.9,37.2,40.1,41.8,40.9,36.1
2022-10-18 22:00:00,36.2,47.1,34.6,35.9,37.6,34.4,37.9,37.9,39.0,34.4
2022-10-18 23:00:00,38.4,48.5,35.8,38.0,37.4,34.0,38.0,38.2,39.0,33.9
2022-10-19 00:00:00,36.3,46.9,36.1,37.7,39.6,37.2,40.3,40.0,40.4,40.4
2022-10-19 01:00:00,34.0,43.5,36.5,34.6,36.6,34.4,37.1,37.7,38.0,31.7
2022-10-19 02:00:00,33.5,43.0,38.2,34.8,36.6,34.1,36.7,37.7,37.5,31.1
2022-10-19 03:00:00,34.4,42.9,32.2,34.5,36.1,32.5,36.4,36.9,37.2,32.0
2022-10-19 04:00:00,34.3,43.3,33.9,36.2,35.6,31.9,36.2,36.0,38.4,33.9
2022-10-19 05:00:00,33.5,42.1,33.2,36.0,36.2,32.6,36.9,36.6,38.7,33.7
2022-10-19 06:00:00,35.7,45.5,35.2,37.8,39.4,36.3,39.8,39.3,40.5,35.8
2022-10-19 07:00:00,35.9,46.1,34.7,36.7,39.4,36.1,40.6,39.7,39.8,35.4
2022-10-19 08:00:00,37.4,47.6,38.1,39.0,39.9,36.8,41.2,40.6,40.9,36.2
2022-10-19 09:00:00,38.9,47.6,35.5,37.4,39.6,35.7,42.3,39.7,40.9,36.6
2022-10-19 10:00:00,37.4,46.2,35.8,38.0,39.4,35.0,41.6,40.4,41.7,35.6
2022-10-19 11:00:00,35.2,41.4,35.3,35.5,36.9,33.0,38.1,36.2,39.8,33.8
2022-10-19 12:00:00,32.6,38.7,31.3,33.0,34.5,29.8,36.0,33.1,37.3,30.4
2022-10-19 13:00:00,29.8,36.6,37.2,32.0,34.9,32.4,35.9,33.2,35.3,29.2
2022-10-19 14:00:00,33.0,37.6,33.1,33.3,39.8,34.2,37.9,38.4,36.2,32.2
2022-10-19 15:00:00,29.9,38.5,28.5,30.4,40.4,32.2,31.3,38.7,33.2,27.6
2022-10-19 16:00:00,33.2,41.1,31.4,32.0,39.1,34.0,38.3,36.8,33.6,29.1
2022-10-19 17:00:00,37.3,47.9,35.8,36.8,37.1,31.4,36.9,35.9,39.4,32.9
2022-10-19 18:00:00,39.2,50.1,38.7,39.9,38.4,35.2,40.9,38.8,43.6,37.3
2022-10-19 19:00:00,35.6,45.4,37.3,39.1,35.8,32.4,37.4,36.6,39.5,34.7
2022-10-19 20:00:00,30.9,39.5,32.7,34.6,31.4,27.9,32.4,32.5,35.7,30.6
2022-10-19 21:00:00,32.4,41.7,33.3,35.0,34.1,30.1,35.4,34.5,37.9,32.2
2022-10-19 22:00:00,31.6,40.9,30.0,31.9,33.3,28.9,33.5,33.6,35.5,28.8
2022-10-19 23:00:00,33.9,44.2,32.5,34.4,35.8,31.7,36.4,36.7,38.4,32.4
2022-10-20 00:00:00,33.0,43.2,33.2,35.3,35.1,31.8,36.4,36.1,39.8,32.9
2022-10-20 01:00:00,30.7,39.7,29.5,32.0,32.8,29.4,34.6,34.1,36.9,29.0
2022-10-20 02:00:00,30.4,39.4,30.0,31.8,33.0,29.3,33.6,33.9,36.4,29.4
2022-10-20 03:00:00,28.2,36.5,28.1,29.6,30.1,25.7,30.4,30.9,33.3,26.7
2022-10-20 04:00:00,28.4,36.9,27.5,29.8,30.4,26.4,30.8,31.4,33.3,26.8
2022-10-20 05:00:00,28.2,36.4,27.6,29.7,30.7,26.1,30.8,31.1,33.3,27.1
2022-10-20 06:00:00,27.8,34.8,26.2,27.9,28.8,24.3,28.6,29.2,30.9,24.7
2022-10-20 07:00:00,38.4,37.5,28.4,29.1,30.5,25.5,30.6,30.5,32.7,26.5
2022-10-20 08:00:00,35.0,44.7,31.8,32.4,34.4,29.6,34.4,33.8,35.4,29.0
2022-10-20 09:00:00,38.1,48.0,34.9,34.8,38.1,34.6,39.0,37.1,37.5,31.0
2022-10-20 10:00:00,39.9,48.2,35.1,35.5,39.6,35.9,42.1,39.2,37.8,31.6
2022-10-20 11:00:00,35.8,44.5,33.7,34.5,36.7,32.7,38.9,36.8,38.0,30.7
2022-10-20 12:00:00,34.3,41.5,30.4,30.1,32.6,28.2,32.8,32.0,35.0,27.7
2022-10-20 13:00:00,33.7,42.3,30.8,31.4,33.1,28.7,33.4,32.3,36.5,29.5
2022-10-20 14:00:00,36.1,45.1,32.4,33.6,37.1,35.2,43.1,39.3,39.4,31.3
2022-10-20 15:00:00,42.1,55.1,36.0,37.7,41.5,37.8,47.1,42.7,43.6,35.8
2022-10-20 16:00:00,43.0,50.9,34.7,36.1,40.3,35.7,42.1,40.2,40.3,34.2
2022-10-20 17:00:00,39.5,48.5,35.0,36.7,39.3,35.5,41.2,39.7,40.2,33.8
2022-10-20 18:00:00,43.7,54.8,39.4,39.7,43.7,39.8,44.9,43.2,42.6,36.4
2022-10-20 19:00:00,39.6,49.2,36.2,37.4,39.0,35.3,38.7,39.1,39.5,33.0
2022-10-20 20:00:00,41.0,51.5,40.8,40.9,42.9,38.3,42.4,43.2,41.8,35.8
2022-10-20 21:00:00,45.7,60.5,43.3,45.5,46.1,41.6,45.7,44.4,45.0,40.4
2022-10-20 22:00:00,44.7,56.7,40.8,42.7,44.3,40.8,44.3,44.0,44.7,39.0
2022-10-20 23:00:00,39.8,51.9,41.2,43.0,44.4,40.6,46.7,44.0,45.2,39.5
2022-10-21 00:00:00,43.0,56.3,43.3,46.5,48.7,48.0,54.6,47.4,49.3,43.2
2022-10-21 01:00:00,47.2,61.1,48.5,52.5,50.0,50.6,59.7,49.3,53.9,47.7
2022-10-21 02:00:00,45.0,58.4,49.6,53.3,47.7,44.5,48.7,46.0,50.6,46.4
2022-10-21 03:00:00,48.9,64.6,49.4,53.8,49.3,45.2,48.9,46.4,50.6,48.7
2022-10-21 04:00:00,51.7,70.9,51.0,55.9,55.4,53.4,58.7,52.3,55.3,52.9
2022-10-21 05:00:00,52.4,67.9,51.0,55.2,53.5,47.5,52.7,50.3,51.6,49.0
2022-10-21 06:00:00,54.0,68.7,50.8,54.6,58.8,53.4,58.3,54.6,48.4,45.6
2022-10-21 07:00:00,53.4,69.0,50.8,55.2,48.5,39.0,42.3,44.5,42.4,36.6
2022-10-21 08:00:00,59.8,75.6,53.6,57.7,52.1,45.0,50.0,47.4,44.9,41.2
2022-10-21 09:00:00,60.0,73.4,56.1,58.0,64.0,59.4,63.9,60.7,53.0,50.9
2022-10-21 10:00:00,52.3,61.1,48.3,50.5,59.4,50.8,55.7,53.1,51.5,49.0
2022-10-21 11:00:00,34.2,36.5,30.1,30.9,42.7,35.0,41.5,40.2,35.0,30.6
2022-10-21 12:00:00,18.7,25.6,24.6,26.7,35.0,33.5,39.7,33.1,32.8,24.7
2022-10-21 13:00:00,16.2,23.4,23.7,24.2,33.4,27.0,37.6,28.2,30.0,18.0
2022-10-21 14:00:00,19.7,26.2,23.2,23.9,24.7,21.5,23.6,24.7,25.8,18.7
2022-10-21 15:00:00,16.0,27.0,22.0,20.2,33.9,21.0,12.8,28.8,22.0,14.4
2022-10-21 16:00:00,29.3,30.1,23.0,20.7,33.9,26.5,29.6,29.3,28.2,24.3
2022-10-21 17:00:00,25.8,27.5,25.1,20.1,34.4,29.9,31.6,28.1,28.5,24.1
2022-10-21 18:00:00,30.1,35.9,28.3,25.4,28.4,24.7,33.9,28.4,29.7,23.3
2022-10-21 19:00:00,33.7,42.2,34.5,33.2,35.5,27.6,33.8,33.9,34.8,29.4
2022-10-21 20:00:00,35.2,43.8,34.7,34.8,40.9,35.6,38.5,35.5,37.1,32.1
2022-10-21 21:00:00,35.2,45.1,34.0,35.2,43.0,47.5,36.8,37.5,37.8,32.5
2022-10-21 22:00:00,35.8,45.2,35.3,35.4,47.8,69.7,36.4,35.4,38.1,31.4
2022-10-21 23:00:00,33.3,42.6,34.0,34.2,39.0,37.7,33.8,34.3,37.1,30.7
2022-10-22 00:00:00,30.7,39.6,32.8,32.1,33.9,27.6,31.3,31.7,34.4,27.8
2022-10-22 01:00:00,30.5,37.7,31.0,32.2,32.6,26.5,29.2,31.5,34.1,27.8
2022-10-22 02:00:00,30.6,37.2,30.7,31.4,31.4,26.0,29.2,30.8,34.0,26.8
2022-10-22 03:00:00,33.1,39.1,30.5,31.7,33.2,27.2,30.8,32.4,34.4,27.9
2022-10-22 04:00:00,31.8,38.2,30.5,32.1,32.4,26.7,30.1,31.6,33.9,27.0
2022-10-22 05:00:00,32.1,39.0,30.2,32.1,32.4,26.8,30.7,32.3,34.3,27.3
2022-10-22 06:00:00,38.9,48.7,34.6,36.0,35.9,30.4,33.5,35.2,38.9,33.9
2022-10-22 07:00:00,37.6,48.5,36.6,38.0,37.2,32.0,34.5,36.4,39.9,35.0
2022-10-22 08:00:00,43.1,60.7,39.5,39.8,45.9,41.1,44.0,43.3,43.4,36.6
2022-10-22 09:00:00,51.6,64.1,47.3,45.2,49.2,43.9,47.7,45.2,45.7,40.3
2022-10-22 10:00:00,41.3,47.9,38.1,37.8,45.0,39.7,43.1,41.8,42.0,36.6
2022-10-22 11:00:00,34.0,35.2,29.0,29.4,40.4,34.0,38.7,37.4,35.6,30.7
2022-10-22 12:00:00,19.8,28.5,24.1,26.1,33.3,33.2,38.4,32.4,30.4,22.8
2022-10-22 13:00:00,13.2,21.3,21.7,23.4,31.0,26.8,35.1,30.0,27.9,12.7
2022-10-22 14:00:00,18.5,23.7,20.2,20.0,21.2,20.3,19.5,24.7,23.0,12.4
2022-10-22 15:00:00,14.4,25.1,20.8,18.5,29.4,17.1,7.46,27.0,21.9,14.5
2022-10-22 16:00:00,29.5,27.1,23.0,20.1,31.5,27.0,30.7,30.8,24.5,21.4
2022-10-22 17:00:00,26.2,26.7,26.0,20.7,32.9,28.5,31.3,31.4,30.6,24.2
2022-10-22 18:00:00,33.7,38.8,30.6,26.1,21.8,25.7,34.7,31.5,33.1,23.7
2022-10-22 19:00:00,45.9,62.1,41.0,45.3,35.1,33.2,36.8,37.3,40.0,31.9
2022-10-22 20:00:00,53.4,72.1,49.0,56.4,51.0,47.1,44.8,46.8,42.6,39.0
2022-10-22 21:00:00,53.7,69.4,52.0,57.3,47.7,42.6,43.4,45.1,44.8,39.1
2022-10-22 22:00:00,56.7,74.7,51.1,57.7,58.3,55.8,54.5,54.8,39.9,33.4
2022-10-22 23:00:00,56.0,69.6,58.6,61.9,69.8,66.7,68.4,66.0,47.3,43.0
2022-10-23 00:00:00,57.5,72.9,59.4,63.5,61.3,58.2,60.4,56.3,39.2,33.8
2022-10-23 01:00:00,54.3,67.3,42.7,51.9,34.6,29.6,31.1,29.6,36.5,29.6
2022-10-23 02:00:00,54.6,66.4,45.6,48.8,36.7,34.4,34.1,30.9,36.5,32.0
2022-10-23 03:00:00,45.7,54.1,43.0,47.4,49.0,51.2,49.4,47.1,40.2,36.6
2022-10-23 04:00:00,51.8,64.4,50.9,52.4,60.2,59.2,60.5,57.7,51.7,48.8
2022-10-23 05:00:00,58.6,73.3,56.0,58.7,67.6,63.3,66.1,63.7,59.0,56.2
2022-10-23 06:00:00,59.0,73.2,55.9,58.6,65.3,63.0,61.8,60.6,63.7,61.1
2022-10-23 07:00:00,56.2,67.5,52.5,54.6,62.8,58.6,53.3,55.8,65.2,62.6
2022-10-23 08:00:00,54.8,69.4,55.8,58.1,54.5,49.8,43.6,46.2,43.4,42.4
2022-10-23 09:00:00,55.2,56.3,48.5,50.0,47.6,41.7,40.6,40.9,36.4,32.1
2022-10-23 10:00:00,44.4,45.7,39.6,42.4,47.7,41.8,42.5,42.3,36.4,32.4
2022-10-23 11:00:00,35.4,32.5,30.9,31.1,43.7,36.3,39.8,39.8,37.0,32.5
2022-10-23 12:00:00,14.9,14.5,16.0,17.7,23.4,24.7,27.7,23.9,25.0,19.0
2022-10-23 13:00:00,5.91,7.68,14.6,15.7,20.4,14.2,23.6,21.0,19.8,4.67
2022-10-23 14:00:00,13.4,13.8,13.5,15.0,9.86,11.4,10.7,14.4,15.8,8.03
2022-10-23 15:00:00,9.09,14.1,13.6,13.5,22.5,10.8,3.83,20.2,15.7,9.08
2022-10-23 16:00:00,24.2,16.8,17.0,12.1,24.3,18.5,21.8,23.3,17.6,17.3
2022-10-23 17:00:00,20.3,14.6,20.9,13.8,25.9,20.2,23.1,24.6,23.6,18.1
2022-10-23 18:00:00,27.4,28.1,23.8,19.4,19.2,21.4,26.3,29.0,27.6,18.2
2022-10-23 19:00:00,38.7,43.9,35.7,40.6,37.5,34.9,36.0,36.5,38.0,33.0
2022-10-23 20:00:00,38.3,44.7,34.1,39.2,43.6,39.0,37.2,39.3,37.8,30.7
2022-10-23 21:00:00,39.9,49.8,40.6,47.0,46.9,42.3,40.1,42.5,43.1,36.8
2022-10-23 22:00:00,43.1,50.7,38.7,43.4,47.8,48.1,41.8,43.5,44.2,37.8
2022-10-23 23:00:00,40.3,46.8,38.0,42.3,46.1,44.8,39.9,42.0,41.2,34.9
2022-10-24 00:00:00,37.7,45.2,35.1,38.4,41.8,40.2,37.5,39.4,39.6,33.5
2022-10-24 01:00:00,38.2,44.6,35.4,38.4,42.0,38.3,37.4,39.4,39.0,33.2
2022-10-24 02:00:00,39.8,50.3,40.9,43.9,45.9,40.8,43.4,43.9,41.7,36.7
2022-10-24 03:00:00,45.3,56.3,41.8,43.7,47.5,43.4,42.8,43.9,42.6,42.4
2022-10-24 04:00:00,48.8,60.1,42.7,43.8,48.3,46.6,43.6,46.6,51.8,50.1
2022-10-24 05:00:00,44.9,54.8,41.7,43.3,47.6,45.3,44.2,47.9,58.9,53.6
2022-10-24 06:00:00,51.7,62.2,46.3,49.2,56.1,55.2,48.3,53.3,61.8,58.1
2022-10-24 07:00:00,65.3,79.2,57.0,58.8,64.7,63.0,57.5,60.0,67.6,63.5
2022-10-24 08:00:00,69.1,84.9,65.0,68.9,74.8,70.5,67.8,64.4,69.4,67.6
2022-10-24 09:00:00,65.1,76.3,62.7,66.8,71.9,67.0,67.7,65.4,60.4,62.9
2022-10-24 10:00:00,56.3,64.5,53.3,53.1,69.4,63.1,63.6,62.0,54.0,51.4
2022-10-24 11:00:00,46.6,48.5,43.2,43.7,62.5,53.8,57.5,55.8,50.2,46.4
2022-10-24 12:00:00,19.5,24.1,25.5,27.9,37.4,39.5,41.6,36.9,34.4,26.6
2022-10-24 13:00:00,10.3,13.9,19.1,21.2,34.2,26.3,34.4,29.3,29.3,8.78
2022-10-24 14:00:00,19.7,23.0,22.1,21.0,20.7,26.5,19.8,23.8,21.6,11.4
2022-10-24 15:00:00,16.7,25.5,19.9,20.0,38.0,31.5,11.2,34.4,22.9,14.0
2022-10-24 16:00:00,30.9,20.9,21.8,14.9,33.9,35.4,34.8,31.4,20.8,23.0
2022-10-24 17:00:00,27.2,20.1,25.1,18.5,32.5,31.1,31.8,30.5,28.1,22.6
2022-10-24 18:00:00,36.2,31.8,28.1,20.4,20.3,25.5,32.2,31.6,33.0,24.0
2022-10-24 19:00:00,41.2,44.6,37.9,40.0,36.7,32.6,38.5,39.1,38.2,33.7
2022-10-24 20:00:00,44.8,49.8,42.6,48.1,46.3,42.4,42.0,41.6,41.0,37.6
2022-10-24 21:00:00,45.7,51.5,44.1,49.8,49.7,47.8,43.5,44.4,41.7,37.5
2022-10-24 22:00:00,41.3,44.1,37.6,41.6,39.4,39.4,36.3,38.0,38.7,32.8
2022-10-24 23:00:00,34.9,39.0,32.3,35.9,38.5,38.2,32.7,35.1,34.2,27.8
2022-10-25 00:00:00,33.5,39.4,34.9,39.4,42.8,42.1,34.3,40.2,37.4,31.0
2022-10-25 01:00:00,39.0,47.4,38.4,41.5,48.0,46.1,40.3,44.6,43.1,36.3
2022-10-25 02:00:00,39.3,47.6,38.0,40.7,44.9,42.5,41.7,44.6,44.0,37.1
2022-10-25 03:00:00,39.8,46.4,38.9,41.1,42.9,39.0,41.5,43.1,42.6,36.2
2022-10-25 04:00:00,39.9,46.0,38.2,40.2,42.7,38.9,41.3,42.4,41.4,35.4
2022-10-25 05:00:00,37.9,42.9,35.3,37.0,39.8,35.4,38.3,40.3,40.1,33.7
2022-10-25 06:00:00,35.6,41.8,34.4,35.9,40.4,38.1,37.7,40.8,41.0,35.3
2022-10-25 07:00:00,42.1,53.7,41.1,44.1,47.0,46.4,42.9,45.8,49.8,46.2
2022-10-25 08:00:00,43.4,51.6,41.9,46.3,52.8,49.3,48.1,48.0,50.2,48.2
2022-10-25 09:00:00,44.5,51.0,45.2,47.9,52.0,47.4,50.1,49.9,53.4,49.8
2022-10-25 10:00:00,43.5,48.1,44.9,44.2,57.7,53.1,53.5,60.4,53.8,48.6
2022-10-25 11:00:00,44.3,45.1,43.3,42.1,53.6,47.9,52.4,50.1,49.1,45.8
2022-10-25 12:00:00,22.2,21.6,23.5,24.2,35.2,35.8,36.4,31.1,30.1,25.2
2022-10-25 13:00:00,23.3,20.9,23.1,26.6,31.3,27.5,28.5,28.9,29.8,24.0
2022-10-25 14:00:00,23.4,23.1,23.6,25.9,35.6,28.9,25.7,31.8,31.5,24.6
2022-10-25 15:00:00,21.5,20.5,19.4,21.3,34.3,24.8,24.2,29.3,26.7,19.9
2022-10-25 16:00:00,28.3,23.0,22.7,23.6,32.0,27.2,26.9,29.2,26.7,20.8
2022-10-25 17:00:00,33.1,31.0,29.9,31.0,35.2,29.5,31.1,32.7,33.6,28.8
2022-10-25 18:00:00,40.0,36.3,34.6,35.6,38.1,33.0,35.4,36.2,36.2,31.6
2022-10-25 19:00:00,38.5,40.4,34.8,36.7,37.2,35.6,36.4,37.2,35.6,30.6
2022-10-25 20:00:00,38.4,39.9,35.6,37.2,40.5,36.7,37.4,40.4,38.9,33.2
2022-10-25 21:00:00,41.3,41.9,37.8,41.4,42.2,41.6,39.4,40.6,39.2,33.8
2022-10-25 22:00:00,42.2,42.9,38.6,40.5,43.7,41.6,38.0,39.3,38.8,33.5
2022-10-25 23:00:00,42.1,40.9,38.9,40.9,41.0,39.8,36.8,38.4,37.6,32.9
2022-10-26 00:00:00,38.9,42.4,38.2,40.4,40.6,38.0,35.0,38.1,36.3,32.9
2022-10-26 01:00:00,35.2,39.3,32.4,34.6,37.4,35.0,33.1,35.9,34.8,28.4
2022-10-26 02:00:00,33.8,39.4,32.6,33.4,39.1,38.2,37.0,38.0,34.7,29.0
2022-10-26 03:00:00,34.1,39.9,31.9,33.8,35.9,32.6,33.7,34.5,31.4,25.8
2022-10-26 04:00:00,38.3,46.6,34.4,35.4,37.9,33.4,36.4,36.2,34.9,28.2
2022-10-26 05:00:00,40.7,47.0,39.7,40.5,43.7,39.7,40.9,41.4,33.3,28.9
2022-10-26 06:00:00,40.5,47.8,41.4,43.2,48.3,45.4,43.7,47.0,36.6,32.1
2022-10-26 07:00:00,45.3,50.7,41.4,42.6,45.6,44.5,40.4,43.6,39.1,34.9
2022-10-26 08:00:00,48.1,57.0,47.9,48.9,51.5,48.8,47.2,47.8,46.0,46.3
2022-10-26 09:00:00,48.9,57.8,51.9,52.6,52.4,49.2,49.1,48.6,45.3,44.6
2022-10-26 10:00:00,47.6,52.9,44.4,46.0,47.4,41.4,44.1,43.7,48.0,48.8
2022-10-26 11:00:00,35.3,36.6,33.3,36.1,48.1,34.5,38.0,40.0,42.2,40.5
2022-10-26 12:00:00,34.7,37.0,34.4,35.8,42.1,36.1,39.6,37.8,39.3,33.9
2022-10-26 13:00:00,38.0,45.6,37.2,37.0,42.5,38.9,42.1,38.8,40.8,35.4
2022-10-26 14:00:00,54.3,66.9,51.3,52.7,59.6,56.1,59.2,55.5,56.1,54.1
2022-10-26 15:00:00,45.4,54.0,44.3,42.7,52.5,51.1,52.6,49.0,49.6,43.7
2022-10-26 16:00:00,41.3,47.7,39.7,39.2,47.9,43.8,46.5,45.2,44.2,39.0
2022-10-26 17:00:00,37.9,45.2,37.0,36.2,43.7,39.6,42.2,41.4,40.2,35.4
2022-10-26 18:00:00,38.9,47.2,36.6,36.9,43.5,39.0,42.0,41.0,41.0,35.1
2022-10-26 19:00:00,36.8,42.9,38.9,39.4,39.6,36.2,38.9,38.9,40.2,35.7
2022-10-26 20:00:00,23.9,25.7,24.6,26.2,25.7,21.6,24.4,26.4,27.4,22.1
2022-10-26 21:00:00,24.1,24.7,25.5,25.7,25.6,22.1,25.3,25.9,29.2,23.2
2022-10-26 22:00:00,20.2,21.4,21.9,23.4,22.4,18.0,21.4,22.1,24.6,19.2
2022-10-26 23:00:00,21.9,24.6,23.2,24.0,22.2,18.4,22.1,22.7,25.2,20.2
2022-10-27 00:00:00,22.5,28.3,22.5,24.3,22.8,20.6,22.7,24.5,27.4,21.5
2022-10-27 01:00:00,19.9,24.7,20.2,21.5,21.4,17.0,20.4,21.6,24.5,19.1
2022-10-27 02:00:00,20.8,26.1,20.8,22.5,22.1,18.0,21.8,22.9,26.3,20.5
2022-10-27 03:00:00,21.3,26.6,21.3,23.1,22.3,18.6,22.5,23.9,25.9,20.7
2022-10-27 04:00:00,19.5,24.8,19.9,21.6,21.8,16.3,20.7,22.1,24.5,19.1
2022-10-27 05:00:00,25.2,33.8,25.0,27.3,26.8,23.0,26.5,27.9,30.0,24.5
2022-10-27 06:00:00,27.1,34.7,26.6,28.2,28.9,25.2,29.4,30.1,33.0,27.6
2022-10-27 07:00:00,25.5,35.8,26.3,28.8,26.7,25.4,29.6,27.6,34.2,31.7
2022-10-27 08:00:00,30.7,44.7,33.9,36.2,33.6,34.4,38.2,33.5,42.0,38.4
2022-10-27 09:00:00,36.3,50.8,37.8,38.7,41.8,40.1,45.2,39.6,50.4,45.7
2022-10-27 10:00:00,32.1,42.5,31.5,32.8,43.5,35.8,42.8,41.6,43.5,40.7
2022-10-27 11:00:00,34.0,41.0,33.6,34.4,38.4,36.1,40.5,35.8,43.6,37.1
2022-10-27 12:00:00,25.5,37.5,31.5,34.5,36.2,33.4,35.5,33.5,41.2,31.7
2022-10-27 13:00:00,23.9,32.3,26.5,27.8,33.2,25.1,32.2,29.2,38.4,29.3
2022-10-27 14:00:00,20.2,32.5,25.5,25.9,32.0,23.4,27.6,28.3,34.9,27.7
2022-10-27 15:00:00,21.0,35.3,26.7,24.8,33.0,24.3,18.3,29.2,29.7,22.8
2022-10-27 16:00:00,29.6,32.6,28.9,23.6,33.7,27.5,34.4,30.2,33.7,31.2
2022-10-27 17:00:00,26.4,31.2,29.4,25.1,36.9,27.5,33.4,31.0,38.3,29.9
2022-10-27 18:00:00,29.0,39.5,31.9,29.2,30.0,27.0,33.4,32.0,36.1,27.7
2022-10-27 19:00:00,37.0,49.4,37.2,39.5,41.0,33.7,41.2,38.8,40.6,36.9
2022-10-27 20:00:00,44.2,58.0,40.7,44.7,52.4,45.6,49.7,46.3,46.0,43.9
2022-10-27 21:00:00,48.4,59.5,42.2,45.4,54.5,46.3,51.1,48.4,45.3,42.1
2022-10-27 22:00:00,46.1,59.2,43.1,46.7,50.1,43.5,46.5,47.0,42.7,38.4
2022-10-27 23:00:00,47.6,60.4,44.9,48.2,47.5,42.9,44.7,46.0,45.3,42.1
2022-10-28 00:00:00,48.5,60.9,43.8,46.5,51.5,50.2,52.0,49.1,56.5,53.8
2022-10-28 01:00:00,50.1,63.6,45.1,48.4,50.3,49.1,52.3,48.1,55.4,53.2
2022-10-28 02:00:00,49.3,63.3,45.3,48.6,53.3,51.4,54.6,50.3,52.0,52.1
2022-10-28 03:00:00,49.8,64.1,45.3,49.2,54.3,50.6,53.3,51.3,47.3,50.0
2022-10-28 04:00:00,47.0,59.1,43.9,47.0,55.2,51.6,53.2,52.3,42.5,48.7
2022-10-28 05:00:00,46.0,59.6,42.4,46.2,56.3,52.4,57.0,54.4,42.9,48.7
2022-10-28 06:00:00,49.2,63.3,44.0,47.8,56.0,52.0,54.1,53.7,45.1,47.6
2022-10-28 07:00:00,51.3,67.4,49.7,53.1,58.4,53.0,58.7,55.4,48.5,49.5
2022-10-28 08:00:00,52.7,68.8,51.6,55.4,60.8,55.4,56.1,56.3,48.5,45.5
2022-10-28 09:00:00,49.4,61.1,48.7,52.1,55.8,48.3,52.3,50.9,49.7,45.5
2022-10-28 10:00:00,48.0,55.3,46.9,49.6,57.4,51.0,55.2,52.2,49.6,45.6
2022-10-28 11:00:00,31.4,29.7,25.8,26.3,37.0,29.6,35.0,34.4,33.3,27.8
2022-10-28 12:00:00,17.3,24.4,20.0,23.5,26.9,23.1,27.7,26.7,27.3,17.3
2022-10-28 13:00:00,23.6,29.7,25.5,29.4,32.0,29.0,31.0,31.3,31.4,23.1
2022-10-28 14:00:00,26.8,32.7,26.3,26.9,30.2,26.7,28.8,30.6,32.0,23.2
2022-10-28 15:00:00,20.2,32.6,21.3,22.1,34.4,25.3,19.1,31.4,28.3,21.8
2022-10-28 16:00:00,30.3,31.1,26.3,23.1,34.0,29.6,33.8,33.7,28.6,24.7
2022-10-28 17:00:00,28.8,29.5,26.7,22.1,36.0,28.9,31.4,33.5,32.6,25.2
2022-10-28 18:00:00,31.5,35.0,28.7,26.3,27.5,28.1,33.6,33.3,32.6,24.7
2022-10-28 19:00:00,35.7,41.3,32.6,36.4,33.7,29.0,34.5,35.3,37.3,29.4
2022-10-28 20:00:00,38.0,49.6,39.9,45.7,44.8,39.4,38.8,40.5,40.1,34.5
2022-10-28 21:00:00,43.0,54.0,43.0,47.6,51.6,49.2,43.4,46.0,41.2,35.4
2022-10-28 22:00:00,49.8,64.7,46.4,49.6,56.0,53.1,54.5,52.5,41.8,38.5
2022-10-28 23:00:00,56.2,73.4,51.6,52.0,61.7,59.1,63.6,59.0,40.5,38.8
2022-10-29 00:00:00,52.9,70.0,49.5,51.3,61.5,58.3,63.5,57.4,41.1,37.9
2022-10-29 01:00:00,57.6,75.4,54.3,57.3,64.2,59.6,64.9,60.6,50.9,56.0
2022-10-29 02:00:00,58.4,74.6,55.6,58.6,59.8,54.1,59.9,56.9,46.9,53.4
2022-10-29 03:00:00,57.1,74.4,55.9,58.8,60.8,53.6,60.0,57.7,55.3,54.4
2022-10-29 04:00:00,55.5,71.6,55.1,58.2,62.7,54.7,61.8,58.7,58.9,55.3
2022-10-29 05:00:00,51.5,67.6,51.1,54.1,58.8,52.1,58.5,55.4,56.9,53.6
2022-10-29 06:00:00,52.1,68.4,50.6,54.4,58.8,51.4,58.2,55.1,56.9,53.6
2022-10-29 07:00:00,52.1,66.6,51.9,54.6,59.6,53.0,59.9,55.7,58.5,54.3
2022-10-29 08:00:00,53.0,68.5,52.9,56.0,61.2,57.3,63.6,58.1,59.4,55.7
2022-10-29 09:00:00,50.8,65.3,53.2,55.6,55.6,50.1,56.0,52.6,58.1,53.9
2022-10-29 10:00:00,52.4,62.3,51.1,50.3,61.0,58.2,63.4,58.7,59.2,54.8
2022-10-29 11:00:00,52.0,53.8,44.1,45.8,62.4,53.9,62.3,57.1,54.9,52.2
2022-10-29 12:00:00,28.0,36.4,30.9,31.7,41.3,36.2,43.5,39.1,37.1,30.0
2022-10-29 13:00:00,15.7,23.2,24.1,25.7,35.6,26.5,39.4,31.0,30.1,12.5
2022-10-29 14:00:00,19.3,24.6,19.8,20.6,21.3,19.2,21.4,22.0,23.4,14.1
2022-10-29 15:00:00,16.6,26.3,17.8,18.0,32.0,17.1,10.1,26.3,20.4,15.8
2022-10-29 16:00:00,26.5,23.8,23.6,16.5,31.5,25.3,31.8,26.6,21.4,24.0
2022-10-29 17:00:00,30.7,29.3,31.7,24.1,34.9,27.3,33.1,28.5,28.4,24.9
2022-10-29 18:00:00,38.3,47.1,37.3,32.8,30.8,31.2,38.3,35.1,36.3,27.5
2022-10-29 19:00:00,43.4,50.6,42.6,46.8,39.7,33.9,42.2,40.2,40.6,36.4
2022-10-29 20:00:00,47.4,56.7,47.6,52.3,42.4,34.3,39.0,38.6,39.8,35.2
2022-10-29 21:00:00,51.8,68.9,53.4,57.9,47.3,40.8,44.2,43.6,46.4,41.0
2022-10-29 22:00:00,52.4,67.6,56.6,59.5,47.4,42.7,46.1,45.2,50.3,44.8
2022-10-29 23:00:00,47.1,61.2,52.8,57.1,44.2,39.6,40.5,40.9,41.8,35.8
2022-10-30 00:00:00,53.7,68.2,53.3,54.0,59.3,55.0,52.0,55.7,36.0,32.9
2022-10-30 01:00:00,56.5,72.2,55.8,58.6,63.7,60.1,62.1,60.7,38.7,44.4
2022-10-30 02:00:00,59.3,75.1,56.7,60.1,63.6,58.4,61.9,60.2,46.6,51.9
2022-10-30 03:00:00,55.5,71.0,55.7,58.6,65.3,59.5,64.2,60.8,61.0,57.9
2022-10-30 04:00:00,50.6,63.1,45.6,48.6,56.4,53.4,57.4,54.8,56.5,53.9
2022-10-30 05:00:00,47.6,61.6,46.0,48.4,50.0,46.5,48.6,47.7,58.0,53.9
2022-10-30 06:00:00,52.7,66.0,49.4,51.7,57.8,52.8,56.9,55.1,56.8,52.7
2022-10-30 07:00:00,52.7,67.9,54.3,57.0,57.6,52.8,58.0,55.0,56.1,54.1
2022-10-30 08:00:00,56.7,66.4,51.2,52.7,59.2,55.4,60.1,55.7,46.2,45.2
2022-10-30 09:00:00,46.8,53.4,41.6,43.7,46.1,40.0,44.4,43.8,42.9,37.4
2022-10-30 10:00:00,43.0,51.7,42.6,45.6,49.6,43.7,47.4,46.2,49.3,45.6
2022-10-30 11:00:00,43.4,49.9,42.5,45.0,49.9,42.6,48.2,46.2,48.5,45.1
2022-10-30 12:00:00,39.0,47.9,42.0,40.7,51.7,43.7,49.9,47.0,49.2,43.9
2022-10-30 13:00:00,24.1,37.3,33.9,34.3,41.2,34.8,46.9,38.2,39.0,15.1
2022-10-30 14:00:00,32.3,36.6,29.8,32.1,34.9,30.6,36.0,32.4,34.8,28.7
2022-10-30 15:00:00,16.8,19.6,17.5,18.9,29.7,18.5,18.0,22.2,18.1,16.7
2022-10-30 16:00:00,21.0,19.5,20.3,18.4,32.4,21.8,25.1,28.2,20.9,21.9
2022-10-30 17:00:00,29.7,30.8,27.6,28.0,33.5,25.5,28.3,28.6,28.5,24.5
2022-10-30 18:00:00,30.8,35.5,29.5,30.5,36.0,28.4,33.8,35.3,37.3,31.7
2022-10-30 19:00:00,42.4,54.6,42.6,46.1,43.3,35.5,39.7,40.8,43.2,38.1
2022-10-30 20:00:00,49.5,65.8,48.6,54.0,53.9,46.6,49.2,52.0,54.0,48.8
2022-10-30 21:00:00,49.2,63.4,50.9,53.5,48.0,40.9,43.3,44.0,45.7,40.5
2022-10-30 22:00:00,55.6,70.0,53.8,55.4,57.0,51.1,50.4,51.0,43.0,41.8
2022-10-30 23:00:00,60.1,77.9,59.0,62.7,69.5,65.1,68.9,64.5,64.6,65.1
2022-10-31 00:00:00,62.8,78.6,59.7,61.5,72.1,67.3,71.9,66.8,67.0,63.7
2022-10-31 01:00:00,60.9,75.7,60.5,63.5,71.6,66.6,71.8,65.6,65.8,63.4
2022-10-31 02:00:00,56.6,71.2,61.6,63.6,73.1,65.7,71.0,66.2,64.8,62.4
2022-10-31 03:00:00,60.2,74.9,61.0,65.2,70.5,64.0,68.1,63.5,64.3,61.6
2022-10-31 04:00:00,60.2,75.4,60.4,63.1,69.3,62.6,67.2,61.9,63.5,60.6
2022-10-31 05:00:00,58.5,72.8,58.9,61.7,67.8,61.0,66.5,60.7,60.5,59.0
2022-10-31 06:00:00,59.9,75.5,60.7,63.8,66.2,59.9,62.1,58.7,50.9,46.8
2022-10-31 07:00:00,62.2,76.7,62.0,65.8,61.2,55.7,55.8,54.3,49.8,46.1
2022-10-31 08:00:00,62.9,77.6,64.2,66.3,63.5,57.7,58.8,56.4,59.1,56.3
2022-10-31 09:00:00,62.2,76.7,61.3,63.7,57.1,53.3,55.3,53.1,54.7,51.3
2022-10-31 10:00:00,61.2,76.2,61.0,63.5,72.5,66.7,70.8,66.9,67.7,60.6
2022-10-31 11:00:00,61.1,73.9,62.3,62.5,71.3,64.8,69.3,65.3,67.2,63.0
2022-10-31 12:00:00,54.6,63.1,52.8,56.9,65.9,60.1,63.5,61.4,66.2,59.5
2022-10-31 13:00:00,46.5,52.3,44.9,48.0,55.6,50.1,53.0,50.4,55.0,48.2
2022-10-31 14:00:00,44.4,47.8,41.0,44.3,48.8,43.7,47.9,45.1,52.5,48.3
2022-10-31 15:00:00,39.3,43.5,38.8,42.1,46.5,44.5,44.8,41.8,50.2,42.8
2022-10-31 16:00:00,37.5,39.3,34.3,37.9,45.1,39.6,41.6,41.9,45.9,41.0
2022-10-31 17:00:00,36.2,40.4,36.2,37.3,43.9,36.8,39.8,39.9,41.5,36.6
2022-10-31 18:00:00,38.7,44.6,37.1,40.1,45.5,38.7,41.9,42.9,41.8,35.6
2022-10-31 19:00:00,38.7,47.0,38.9,42.0,43.7,37.6,41.3,41.6,42.8,36.5
2022-10-31 20:00:00,41.9,51.4,45.0,48.2,49.7,45.3,46.5,45.8,47.5,41.4
2022-10-31 21:00:00,43.8,53.4,47.2,49.7,52.7,48.0,48.6,48.4,51.4,47.6
2022-10-31 22:00:00,44.2,52.6,46.8,48.7,53.4,48.9,49.7,49.5,54.1,50.3
2022-10-31 23:00:00,51.0,61.0,52.4,54.2,57.8,52.7,56.8,54.2,51.9,50.0
2022-11-01 00:00:00,49.6,58.8,49.4,51.2,56.9,51.9,55.1,53.1,55.8,53.2
2022-11-01 01:00:00,51.0,60.7,50.4,52.5,58.1,54.0,57.2,54.3,54.3,51.1
2022-11-01 02:00:00,47.9,56.5,50.9,52.5,56.0,51.2,54.8,51.9,53.9,51.3
2022-11-01 03:00:00,47.3,55.4,49.5,52.4,54.7,49.4,52.7,50.8,53.5,51.3
2022-11-01 04:00:00,48.7,55.9,48.2,50.7,47.4,42.3,46.0,44.7,49.9,47.4
2022-11-01 05:00:00,46.5,52.6,45.9,47.5,50.1,45.1,48.9,46.2,49.6,47.1
2022-11-01 06:00:00,44.4,51.0,45.5,47.3,51.6,46.5,50.5,47.7,49.5,47.0
2022-11-01 07:00:00,47.7,54.9,47.0,48.4,54.7,49.4,53.6,50.5,52.5,53.0
2022-11-01 08:00:00,50.8,64.4,49.7,50.8,60.4,57.3,60.9,57.1,57.0,55.8
2022-11-01 09:00:00,56.6,67.4,55.5,61.5,65.3,61.3,66.3,59.9,62.1,61.4
2022-11-01 10:00:00,51.7,55.9,54.7,59.7,60.2,53.6,57.5,54.7,54.6,53.0
2022-11-01 11:00:00,40.2,40.4,43.3,52.3,45.6,38.4,42.2,39.9,44.2,41.3
2022-11-01 12:00:00,33.3,32.9,36.3,45.2,41.2,33.2,37.6,35.5,40.6,37.7
2022-11-01 13:00:00,24.7,26.3,32.4,38.2,42.0,29.1,34.7,30.1,35.9,26.6
2022-11-01 14:00:00,18.9,22.1,23.7,25.0,29.8,17.8,17.1,20.9,24.2,12.7
2022-11-01 15:00:00,16.7,18.5,17.4,17.8,27.2,18.0,10.5,22.1,20.0,18.0
2022-11-01 16:00:00,41.2,41.9,31.4,22.9,41.4,35.0,42.2,36.9,29.4,32.2
2022-11-01 17:00:00,41.6,42.0,40.9,32.9,49.1,44.5,48.4,43.4,43.2,37.5
2022-11-01 18:00:00,47.7,53.6,44.2,36.3,37.4,39.0,46.6,41.3,45.2,37.4
2022-11-01 19:00:00,52.4,54.2,49.5,52.4,44.8,44.3,50.7,44.1,52.6,49.3
2022-11-01 20:00:00,54.1,59.3,58.7,63.0,62.3,56.7,59.9,52.7,56.6,57.6
2022-11-01 21:00:00,58.5,68.7,59.8,63.8,64.8,59.3,62.6,57.3,57.7,55.7
2022-11-01 22:00:00,47.7,55.1,48.2,53.7,52.2,49.4,49.5,45.8,49.8,48.9
2022-11-01 23:00:00,52.3,62.2,52.7,57.4,56.5,57.0,57.4,52.5,53.0,54.7
2022-11-02 00:00:00,59.1,74.1,56.6,57.5,63.4,60.0,63.1,59.5,56.0,56.4
2022-11-02 01:00:00,54.6,69.4,53.3,57.2,48.2,47.3,49.3,45.8,56.5,53.5
2022-11-02 02:00:00,51.3,63.0,48.6,52.3,47.9,45.2,47.6,43.5,54.9,53.2
2022-11-02 03:00:00,46.7,56.4,49.5,53.1,45.4,48.1,49.2,44.5,54.4,53.4
2022-11-02 04:00:00,51.1,63.4,49.9,53.6,57.0,53.8,57.3,54.3,54.8,57.3
2022-11-02 05:00:00,44.1,49.5,51.9,52.8,49.5,49.9,53.4,49.3,50.6,53.0
2022-11-02 06:00:00,45.8,55.8,50.4,51.7,49.9,55.5,56.8,48.9,50.8,53.0
2022-11-02 07:00:00,52.6,66.9,53.8,54.7,62.6,64.3,68.2,59.0,58.2,55.6
2022-11-02 08:00:00,59.1,76.5,56.2,59.6,66.8,63.0,69.0,61.4,63.4,59.1
2022-11-02 09:00:00,63.2,77.6,63.8,65.6,75.2,71.4,77.5,71.2,68.9,65.2
2022-11-02 10:00:00,61.8,72.9,59.8,61.3,81.4,72.5,77.2,72.3,69.2,66.6
2022-11-02 11:00:00,61.7,66.1,54.6,56.7,70.5,65.1,67.4,62.0,64.3,63.4
2022-11-02 12:00:00,39.6,55.7,47.0,49.7,70.5,63.6,70.1,62.3,59.2,48.8
2022-11-02 13:00:00,28.1,37.7,35.3,36.6,50.4,41.4,53.0,45.0,43.9,23.0
2022-11-02 14:00:00,27.3,36.7,27.0,31.2,30.9,29.4,27.2,31.7,33.1,21.8
2022-11-02 15:00:00,28.0,38.5,25.7,29.1,43.7,31.9,16.3,38.9,31.7,29.3
2022-11-02 16:00:00,44.0,40.1,36.5,28.7,45.6,38.8,43.8,40.5,34.2,37.7
2022-11-02 17:00:00,38.3,34.2,36.8,29.1,45.1,35.1,42.7,38.8,41.7,36.5
2022-11-02 18:00:00,45.0,49.3,42.4,37.5,37.4,37.1,44.7,41.2,44.7,38.2
2022-11-02 19:00:00,47.9,60.4,43.9,49.4,49.1,42.6,48.6,47.5,47.9,43.8
2022-11-02 20:00:00,51.9,63.0,47.7,52.5,57.4,51.9,54.7,52.6,52.6,48.5
2022-11-02 21:00:00,46.7,56.3,44.6,49.6,56.7,51.0,54.6,53.4,50.8,47.3
2022-11-02 22:00:00,40.1,47.4,39.5,43.0,46.0,40.4,45.0,44.0,44.7,37.9
2022-11-02 23:00:00,35.9,41.7,35.8,39.3,43.3,38.7,41.3,41.5,41.1,36.3
2022-11-03 00:00:00,35.1,42.1,35.1,37.8,43.5,38.6,40.3,41.1,40.6,35.6
2022-11-03 01:00:00,33.5,40.8,33.8,36.2,38.7,35.9,40.1,38.6,43.6,37.7
2022-11-03 02:00:00,37.2,46.1,36.2,38.6,42.2,36.8,41.4,40.7,42.9,37.4
2022-11-03 03:00:00,36.8,46.0,37.0,39.7,43.6,39.3,42.9,42.0,44.1,39.9
2022-11-03 04:00:00,37.8,46.7,38.1,40.5,45.4,39.9,43.7,43.6,44.7,38.8
2022-11-03 05:00:00,45.4,55.7,44.6,47.2,51.0,46.3,50.8,48.3,49.9,45.2
2022-11-03 06:00:00,44.1,53.2,41.1,43.5,44.2,40.0,45.0,42.4,45.0,40.3
2022-11-03 07:00:00,40.9,49.9,39.7,41.8,42.9,39.2,44.0,41.6,44.6,40.0
2022-11-03 08:00:00,45.2,57.5,47.4,46.7,48.0,43.9,50.8,46.7,47.6,41.7
2022-11-03 09:00:00,50.0,60.8,48.7,49.9,54.0,49.9,55.0,50.5,52.0,49.1
2022-11-03 10:00:00,52.7,64.6,53.6,54.3,58.4,53.1,58.3,56.0,55.9,53.4
2022-11-03 11:00:00,53.1,63.5,52.1,54.4,59.8,57.8,62.7,56.1,58.2,53.4
2022-11-03 12:00:00,48.4,57.3,48.2,49.8,59.7,54.7,58.0,52.7,54.5,49.5
2022-11-03 13:00:00,35.5,44.6,35.7,37.5,47.2,42.9,45.4,43.9,42.1,36.2
2022-11-03 14:00:00,41.1,50.1,41.2,43.2,51.8,48.0,52.2,48.1,45.8,42.3
2022-11-03 15:00:00,44.0,53.0,44.3,46.5,53.1,46.5,51.2,48.7,48.1,44.1
2022-11-03 16:00:00,44.6,52.7,43.1,45.1,53.1,47.8,51.8,48.7,48.2,44.0
2022-11-03 17:00:00,45.3,55.4,46.1,46.4,55.7,48.1,53.1,50.3,48.0,43.4
2022-11-03 18:00:00,51.2,63.6,48.9,47.0,55.7,50.3,55.1,54.0,52.1,43.1
2022-11-03 19:00:00,47.6,60.6,51.4,50.3,49.5,45.4,53.6,46.7,45.9,41.9
2022-11-03 20:00:00,52.8,67.6,54.9,57.6,57.9,52.9,58.1,48.8,48.9,47.5
2022-11-03 21:00:00,53.8,65.3,51.7,55.4,59.9,53.4,58.4,54.7,52.8,50.3
2022-11-03 22:00:00,36.3,42.9,35.1,37.3,46.9,38.4,42.9,43.9,40.2,35.8
2022-11-03 23:00:00,33.9,40.2,32.4,35.3,41.9,36.1,40.8,40.3,39.9,34.4
2022-11-04 00:00:00,33.7,39.9,33.1,35.0,41.6,35.5,39.6,40.0,40.4,34.8
2022-11-04 01:00:00,35.2,42.4,34.9,37.3,47.5,40.4,43.6,45.3,43.3,38.3
2022-11-04 02:00:00,38.0,45.7,37.8,39.1,46.4,41.9,45.7,44.2,45.9,42.6
2022-11-04 03:00:00,35.6,43.2,37.8,39.6,42.3,37.6,40.6,40.0,44.4,41.1
2022-11-04 04:00:00,39.8,47.9,38.3,39.9,45.4,39.8,45.0,42.2,42.2,37.3
2022-11-04 05:00:00,35.5,42.2,33.5,35.5,41.8,36.5,38.8,40.3,39.4,33.2
2022-11-04 06:00:00,36.9,44.2,35.7,37.9,45.3,39.6,41.2,41.5,40.4,35.6
2022-11-04 07:00:00,43.5,54.5,46.0,47.3,50.5,45.5,47.7,46.9,47.9,45.2
2022-11-04 08:00:00,47.6,60.0,50.3,50.4,55.2,51.8,56.4,51.6,53.4,51.9
2022-11-04 09:00:00,51.6,65.0,51.8,53.2,55.9,52.7,57.8,54.2,49.7,47.7
2022-11-04 10:00:00,54.0,65.5,53.5,55.2,64.5,59.3,64.0,60.1,52.7,50.1
2022-11-04 11:00:00,55.3,56.6,48.0,46.4,60.4,54.9,61.0,56.3,48.9,46.3
2022-11-04 12:00:00,22.1,26.3,28.2,26.9,41.0,33.4,37.8,35.4,34.4,26.4
2022-11-04 13:00:00,19.4,19.8,22.5,23.6,36.8,28.2,38.1,31.4,29.3,15.1
2022-11-04 14:00:00,20.2,21.3,21.3,22.3,29.8,27.2,21.7,25.8,26.5,21.0
2022-11-04 15:00:00,23.3,24.0,24.1,23.8,32.7,25.2,25.1,26.8,28.1,24.5
2022-11-04 16:00:00,27.6,24.8,27.6,25.0,35.5,29.6,31.7,29.6,28.8,26.9
2022-11-04 17:00:00,22.7,20.8,26.3,20.4,33.1,25.6,27.4,27.7,26.4,22.7
2022-11-04 18:00:00,26.8,30.2,26.8,21.5,27.9,25.6,28.9,27.8,26.6,20.5
2022-11-04 19:00:00,31.6,35.3,32.4,29.9,34.8,29.2,30.8,30.8,30.9,26.6
2022-11-04 20:00:00,32.7,39.8,42.0,35.1,35.5,29.5,34.0,31.9,34.0,29.0
2022-11-04 21:00:00,37.0,44.1,40.8,37.2,40.1,34.5,36.9,35.9,37.2,31.7
2022-11-04 22:00:00,40.7,55.4,38.8,34.9,37.0,31.1,33.5,33.6,35.8,29.9
2022-11-04 23:00:00,36.2,40.5,38.9,33.3,33.0,28.1,30.1,30.2,34.3,28.8
2022-11-05 00:00:00,31.7,38.6,38.9,32.6,34.4,30.0,30.3,31.7,36.0,29.8
2022-11-05 01:00:00,31.7,35.5,33.6,29.7,34.1,30.7,29.8,32.2,32.9,27.1
2022-11-05 02:00:00,28.1,32.7,30.0,28.2,30.4,26.8,28.2,30.4,32.9,27.3
2022-11-05 03:00:00,28.0,33.4,30.0,28.5,31.0,26.9,28.0,30.5,34.0,27.8
2022-11-05 04:00:00,29.1,33.8,30.1,30.0,31.3,28.0,29.1,31.5,34.1,26.9
2022-11-05 05:00:00,29.1,32.2,29.6,29.5,33.1,28.2,35.6,31.8,33.0,26.2
2022-11-05 06:00:00,28.1,31.4,29.3,29.5,32.1,27.6,28.6,31.1,33.6,27.8
2022-11-05 07:00:00,28.0,32.9,28.4,28.0,34.0,29.7,29.1,32.2,33.1,27.3
2022-11-05 08:00:00,29.3,34.0,29.1,28.2,34.6,29.7,30.3,32.3,33.7,29.0
2022-11-05 09:00:00,31.5,37.7,30.9,30.0,36.8,32.2,33.2,35.4,36.6,33.4
2022-11-05 10:00:00,30.5,32.8,31.8,30.1,36.3,32.9,35.5,34.9,37.6,33.1
2022-11-05 11:00:00,27.6,27.3,27.3,28.1,35.4,29.7,32.6,34.6,35.4,30.4
2022-11-05 12:00:00,25.8,26.4,26.9,27.7,35.6,30.8,31.5,34.8,35.1,30.6
2022-11-05 13:00:00,24.6,23.1,26.7,26.6,33.8,27.4,29.4,33.5,32.4,27.0
2022-11-05 14:00:00,23.3,21.8,23.1,23.3,30.6,24.8,26.3,31.1,29.7,22.8
2022-11-05 15:00:00,15.8,18.6,19.1,18.8,29.8,20.8,15.1,28.7,23.5,28.8
2022-11-05 16:00:00,20.1,15.3,19.5,16.6,26.2,21.0,21.9,25.5,21.0,20.5
2022-11-05 17:00:00,18.8,11.1,20.4,13.1,23.7,21.0,19.8,24.2,20.7,16.3
2022-11-05 18:00:00,23.5,21.8,24.2,21.8,26.6,23.9,25.9,28.9,26.6,22.6
2022-11-05 19:00:00,22.7,19.9,22.2,22.5,24.3,21.4,23.2,27.9,24.3,20.1
2022-11-05 20:00:00,23.4,21.6,22.4,23.3,26.7,23.2,24.1,28.1,24.0,19.3
2022-11-05 21:00:00,25.5,25.8,24.8,25.3,29.5,27.3,27.2,32.2,28.2,23.1
2022-11-05 22:00:00,26.8,28.8,26.7,26.5,30.3,27.7,28.1,32.4,29.6,24.4
2022-11-05 23:00:00,24.4,25.8,24.4,23.7,26.9,25.0,25.3,29.5,28.7,24.3
2022-11-06 00:00:00,28.9,31.3,28.5,27.6,31.7,30.3,29.9,33.6,33.3,27.8
2022-11-06 01:00:00,34.3,39.6,31.6,32.1,35.1,33.8,34.2,38.3,38.7,31.6
2022-11-06 01:00:00,40.2,43.3,37.6,38.1,40.0,38.7,41.2,42.7,43.7,36.2
2022-11-06 02:00:00,36.3,37.4,34.5,34.8,34.3,32.0,34.7,36.7,37.3,30.7
2022-11-06 03:00:00,32.4,35.3,30.9,31.7,30.8,27.2,29.3,31.9,33.7,27.6
2022-11-06 04:00:00,25.9,29.9,24.0,25.2,24.2,20.0,22.1,24.8,28.6,22.4
2022-11-06 05:00:00,21.0,20.8,18.4,19.1,17.9,13.0,15.5,18.0,18.9,13.0
2022-11-06 06:00:00,11.7,9.34,13.1,13.9,14.2,9.15,11.4,13.3,14.1,8.00
2022-11-06 07:00:00,15.8,17.6,17.4,18.3,19.5,15.8,18.2,19.6,21.5,14.9
2022-11-06 08:00:00,22.0,25.0,23.0,23.6,25.2,22.5,24.6,25.5,26.8,20.6
2022-11-06 09:00:00,19.7,21.2,20.3,20.8,24.1,20.7,23.6,23.8,26.5,20.7
2022-11-06 10:00:00,18.0,18.4,17.6,17.2,23.1,18.6,21.7,21.8,23.1,17.5
2022-11-06 11:00:00,15.5,17.3,16.7,17.7,20.7,17.9,21.5,21.2,23.3,16.4
2022-11-06 12:00:00,10.8,13.8,16.7,16.8,21.2,17.7,21.2,21.1,23.4,12.5
2022-11-06 13:00:00,18.5,23.4,19.8,18.8,23.8,19.9,22.2,24.0,24.7,17.6
2022-11-06 14:00:00,15.2,29.3,17.7,18.0,31.0,20.6,10.6,29.5,24.8,18.6
2022-11-06 15:00:00,30.9,30.2,27.5,25.9,31.9,30.1,32.6,33.6,34.8,32.1
2022-11-06 16:00:00,29.4,31.4,29.0,27.4,31.9,30.2,33.6,31.4,31.8,27.6
2022-11-06 17:00:00,25.3,24.9,22.6,20.9,23.9,22.2,26.5,24.4,23.2,19.0
2022-11-06 18:00:00,24.7,25.9,23.0,20.2,21.3,18.9,22.0,22.9,22.4,17.5
2022-11-06 19:00:00,25.5,28.1,25.4,23.0,24.4,22.9,25.9,25.9,26.0,21.6
2022-11-06 20:00:00,27.8,32.6,29.3,27.2,28.3,26.0,28.7,29.0,30.3,24.3
2022-11-06 21:00:00,31.6,36.6,33.3,30.5,31.3,29.7,32.6,32.7,34.9,28.2
2022-11-06 22:00:00,29.9,34.8,33.2,32.2,33.5,31.1,34.4,34.2,35.7,29.3
2022-11-06 23:00:00,28.6,33.5,32.4,30.9,31.6,29.8,32.3,32.4,35.0,28.5
2022-11-07 00:00:00,36.0,46.0,37.4,38.3,34.5,31.8,34.6,36.0,41.3,35.0
2022-11-07 01:00:00,40.1,49.9,40.1,42.4,39.5,36.5,39.3,40.8,45.8,40.4
2022-11-07 02:00:00,36.0,41.7,41.8,42.6,41.2,38.2,41.0,41.8,44.6,40.5
2022-11-07 03:00:00,32.4,38.0,39.1,40.1,37.9,34.0,36.8,37.5,40.4,34.9
2022-11-07 04:00:00,26.9,32.3,29.3,30.2,28.6,25.5,27.9,29.4,31.9,24.4
2022-11-07 05:00:00,27.1,32.8,26.4,27.9,27.9,25.3,27.3,28.5,31.0,23.9
2022-11-07 06:00:00,26.0,31.7,25.6,28.0,27.0,24.3,26.6,27.4,29.9,24.0
2022-11-07 07:00:00,31.2,38.6,32.0,33.0,31.9,30.3,32.2,32.7,36.7,29.7
2022-11-07 08:00:00,38.1,47.2,39.7,39.1,38.7,36.6,38.6,40.2,43.7,35.8
2022-11-07 09:00:00,32.0,36.5,33.3,33.4,32.2,28.6,31.5,31.5,36.9,30.3
2022-11-07 10:00:00,27.0,28.7,22.7,24.4,24.6,20.9,24.7,25.1,30.2,24.3
2022-11-07 11:00:00,13.3,24.7,18.6,24.7,21.6,18.3,22.5,22.4,27.2,16.3
2022-11-07 12:00:00,16.5,24.3,18.6,20.4,21.0,18.2,24.0,22.8,27.1,12.3
2022-11-07 13:00:00,17.1,27.5,19.3,19.1,15.6,12.4,12.9,19.3,21.1,9.77
2022-11-07 14:00:00,18.9,31.2,20.2,21.5,24.2,19.0,13.8,24.6,24.2,21.4
2022-11-07 15:00:00,27.5,31.0,26.9,20.0,25.0,23.8,25.8,26.0,26.0,24.4
2022-11-07 16:00:00,29.5,33.3,30.0,24.1,28.9,23.1,29.2,28.5,33.1,27.4
2022-11-07 17:00:00,30.9,37.6,31.9,29.8,29.3,26.5,31.0,31.2,35.3,28.0
2022-11-07 18:00:00,32.2,38.7,32.1,35.9,31.1,27.3,31.3,31.6,35.4,29.3
2022-11-07 19:00:00,33.3,40.4,34.0,37.0,34.5,28.8,33.4,35.1,36.5,31.0
2022-11-07 20:00:00,37.5,46.1,38.1,40.3,40.2,35.0,39.4,40.7,40.7,34.9
2022-11-07 21:00:00,40.1,51.1,45.2,45.2,41.6,38.9,42.8,43.9,44.7,40.1
2022-11-07 22:00:00,39.0,50.4,44.4,44.6,39.2,37.4,40.4,41.0,44.6,39.9
2022-11-07 23:00:00,39.2,50.8,42.8,43.8,40.3,38.0,41.4,41.5,44.6,39.2
2022-11-08 00:00:00,39.3,50.6,40.0,42.5,40.4,39.5,42.2,41.7,45.2,38.9
2022-11-08 01:00:00,41.2,52.9,41.4,43.9,43.0,41.8,44.9,44.2,48.3,42.4
2022-11-08 02:00:00,38.7,48.6,38.3,40.3,39.3,38.9,41.4,41.4,44.2,38.3
2022-11-08 03:00:00,36.6,45.7,35.5,38.0,37.0,34.8,37.8,38.8,40.8,35.2
2022-11-08 04:00:00,36.1,44.2,34.6,36.0,35.3,33.3,37.2,37.4,37.7,32.6
2022-11-08 05:00:00,38.5,48.3,35.8,37.6,41.0,38.8,41.7,41.7,43.2,40.3
2022-11-08 06:00:00,41.2,51.9,36.6,39.0,45.7,44.3,46.8,46.3,46.4,43.3
2022-11-08 07:00:00,37.3,48.6,35.2,37.7,45.5,40.6,44.1,43.3,45.3,40.6
2022-11-08 08:00:00,39.1,52.3,38.2,40.7,39.9,38.7,41.8,40.9,43.5,38.8
2022-11-08 09:00:00,34.3,43.6,33.4,37.1,42.0,37.7,41.1,42.0,42.3,37.7
2022-11-08 10:00:00,29.1,36.7,27.6,30.9,35.2,30.9,34.0,34.1,36.6,30.5
2022-11-08 11:00:00,15.0,25.5,26.2,26.2,30.4,27.2,30.8,29.5,33.9,24.4
2022-11-08 12:00:00,12.3,22.7,20.9,22.8,30.9,23.2,30.0,26.9,32.3,20.3
2022-11-08 13:00:00,14.9,25.9,20.1,22.3,23.4,18.4,18.5,22.9,28.1,16.1
2022-11-08 14:00:00,14.3,28.8,19.6,21.1,33.8,30.7,15.6,29.0,26.7,26.3
2022-11-08 15:00:00,32.3,31.3,24.8,21.5,34.9,27.1,32.2,30.2,28.0,27.8
2022-11-08 16:00:00,34.3,36.9,29.2,25.4,41.9,40.6,45.1,37.9,38.9,33.8
2022-11-08 17:00:00,39.8,48.4,35.0,35.5,43.6,49.2,62.5,42.6,42.6,35.5
2022-11-08 18:00:00,45.3,55.1,41.1,45.5,44.1,40.1,45.6,43.6,46.3,44.7
2022-11-08 19:00:00,46.7,55.5,48.1,52.0,46.5,40.6,44.5,45.5,45.6,42.5
2022-11-08 20:00:00,47.8,58.1,48.0,52.6,45.6,40.5,44.1,44.7,46.7,41.9
2022-11-08 21:00:00,49.4,55.6,47.9,52.0,45.6,42.2,42.9,43.8,45.8,41.3
2022-11-08 22:00:00,48.1,59.6,42.2,46.7,51.1,44.8,42.5,48.7,42.3,36.9
2022-11-08 23:00:00,53.5,65.4,44.3,47.7,54.3,50.2,47.4,49.8,41.9,37.1
2022-11-09 00:00:00,39.4,49.9,36.3,39.6,57.9,52.1,54.4,55.9,41.5,34.1
2022-11-09 01:00:00,33.2,43.0,32.9,36.3,42.3,32.9,38.4,41.0,38.3,31.2
2022-11-09 02:00:00,28.8,37.1,28.5,31.0,36.3,28.6,33.4,36.7,34.9,29.0
2022-11-09 03:00:00,27.7,35.4,27.8,29.9,32.9,26.7,31.5,33.4,34.5,27.7
2022-11-09 04:00:00,29.2,39.3,28.1,31.5,32.7,27.7,32.2,33.7,34.5,28.1
2022-11-09 05:00:00,29.7,39.8,30.0,33.0,34.2,29.6,33.9,35.1,35.3,28.3
2022-11-09 06:00:00,29.8,39.3,29.9,32.8,34.3,30.3,34.1,35.3,36.0,29.4
2022-11-09 07:00:00,30.3,38.2,29.3,32.0,33.9,32.1,33.0,34.2,34.6,28.4
2022-11-09 08:00:00,31.1,38.6,30.7,32.8,37.1,36.5,37.0,37.5,36.1,29.6
2022-11-09 09:00:00,32.7,37.0,29.8,31.5,36.8,33.2,35.9,37.1,34.4,28.5
2022-11-09 10:00:00,33.7,34.4,27.3,28.8,39.6,35.6,36.7,37.5,36.6,29.4
2022-11-09 11:00:00,19.2,26.9,23.6,26.5,36.9,31.5,34.8,36.6,31.5,22.2
2022-11-09 12:00:00,19.8,23.9,20.8,22.9,34.7,27.0,37.7,33.5,31.4,14.4
2022-11-09 13:00:00,21.8,33.5,30.2,29.4,30.1,30.9,28.9,33.7,30.9,16.5
2022-11-09 14:00:00,23.2,38.0,27.3,30.2,42.0,30.1,16.8,36.6,29.8,27.7
2022-11-09 15:00:00,36.0,38.9,34.2,30.2,40.7,35.2,40.9,37.1,30.6,30.7
2022-11-09 16:00:00,42.2,48.3,38.4,36.6,55.4,44.1,50.3,49.3,46.5,40.8
2022-11-09 17:00:00,42.2,50.6,38.0,37.9,42.4,39.6,47.0,39.9,41.5,33.1
2022-11-09 18:00:00,51.3,65.8,49.1,56.1,49.8,43.0,48.8,46.8,49.3,45.8
2022-11-09 19:00:00,53.2,67.5,51.8,56.1,48.6,41.7,46.4,46.1,48.6,43.3
2022-11-09 20:00:00,52.3,65.9,52.9,56.6,57.0,50.6,52.4,53.7,47.0,42.5
2022-11-09 21:00:00,45.9,55.0,47.9,47.1,58.0,54.3,47.5,52.3,40.9,36.6
2022-11-09 22:00:00,46.0,59.8,52.0,58.8,51.0,49.8,52.0,44.9,47.7,43.9
2022-11-09 23:00:00,55.7,73.9,61.0,65.3,45.2,40.7,44.6,42.1,45.1,40.1
2022-11-10 00:00:00,61.8,80.0,64.3,68.8,45.5,39.2,42.7,42.4,49.8,44.0
2022-11-10 01:00:00,62.1,81.0,58.9,61.7,46.9,40.5,44.4,44.1,48.6,42.6
2022-11-10 02:00:00,52.9,66.8,45.0,45.7,41.7,34.7,38.8,38.5,45.7,41.4
2022-11-10 03:00:00,39.4,45.8,34.0,33.8,33.6,27.8,31.3,31.6,34.4,29.7
2022-11-10 04:00:00,31.2,38.0,32.8,32.1,33.7,28.2,31.0,32.4,33.9,28.5
2022-11-10 05:00:00,36.6,51.9,39.6,39.9,34.8,28.3,31.8,32.8,37.6,33.4
2022-11-10 06:00:00,46.7,57.9,40.2,40.2,38.4,32.2,35.3,35.3,38.6,35.1
2022-11-10 07:00:00,47.3,52.4,35.9,36.4,39.4,34.0,36.9,37.2,37.8,35.8
2022-11-10 08:00:00,41.5,50.4,43.3,41.3,44.2,37.1,40.4,40.4,42.2,38.0
2022-11-10 09:00:00,40.6,44.9,40.9,39.4,45.2,39.2,41.6,41.5,41.7,36.5
2022-11-10 10:00:00,36.2,36.8,33.2,31.9,42.2,37.3,40.6,39.8,36.8,32.9
2022-11-10 11:00:00,20.1,32.0,25.2,26.4,37.1,36.5,37.1,34.8,31.7,22.3
2022-11-10 12:00:00,21.8,30.8,26.6,27.8,36.7,35.7,41.6,38.1,32.4,17.7
2022-11-10 13:00:00,22.4,33.3,25.8,25.1,27.1,27.6,23.2,32.1,30.1,17.2
2022-11-10 14:00:00,22.8,38.4,24.0,25.3,36.9,30.4,18.2,35.9,30.9,26.4
2022-11-10 15:00:00,34.7,39.2,30.5,22.7,39.5,45.6,40.0,37.0,29.1,27.2
2022-11-10 16:00:00,34.5,37.9,32.5,23.7,40.2,38.0,42.5,37.8,33.6,27.7
2022-11-10 17:00:00,35.9,43.1,34.4,30.4,36.3,33.4,35.9,36.2,35.6,29.4
2022-11-10 18:00:00,37.1,44.2,37.3,34.6,37.7,34.4,36.6,36.7,35.8,30.6
2022-11-10 19:00:00,42.9,56.9,41.6,39.8,42.9,38.4,40.5,39.4,39.6,34.6
2022-11-10 20:00:00,51.9,65.1,47.4,45.8,44.8,39.2,42.5,41.4,44.2,39.5
2022-11-10 21:00:00,49.9,66.8,47.8,45.7,40.0,34.1,37.3,37.8,41.2,36.5
2022-11-10 22:00:00,46.1,59.4,45.9,43.1,39.5,44.4,36.3,36.3,40.2,35.9
2022-11-10 23:00:00,37.1,43.3,37.2,35.2,36.5,32.7,34.2,36.0,38.2,32.0
2022-11-11 00:00:00,36.2,43.3,35.9,36.2,39.8,34.5,36.1,39.1,39.9,32.9
2022-11-11 01:00:00,35.9,44.0,36.9,36.6,37.1,33.8,34.6,37.1,39.7,33.0
2022-11-11 02:00:00,36.9,43.4,35.3,36.0,38.7,34.2,34.7,37.8,38.5,32.2
2022-11-11 03:00:00,39.2,50.1,35.6,34.5,34.8,30.0,32.4,34.7,35.9,29.6
2022-11-11 04:00:00,39.5,48.6,34.0,34.0,32.8,28.1,29.9,33.1,33.8,27.2
2022-11-11 05:00:00,35.7,42.8,35.2,34.7,32.0,29.6,30.4,33.4,35.7,29.1
2022-11-11 06:00:00,35.5,43.4,36.6,37.0,37.5,34.2,34.8,39.8,39.2,33.1
2022-11-11 07:00:00,46.6,58.7,43.9,48.0,48.7,47.4,44.9,47.5,45.2,39.4
2022-11-11 08:00:00,54.5,68.7,56.0,59.3,61.7,59.6,57.2,59.4,51.5,47.4
2022-11-11 09:00:00,51.0,61.8,52.2,55.8,69.9,68.2,66.0,65.5,59.9,55.9
2022-11-11 10:00:00,52.3,62.3,52.4,56.1,64.8,61.5,63.0,60.1,59.6,56.1
2022-11-11 11:00:00,45.1,49.6,43.4,45.8,59.7,51.3,54.6,55.9,52.8,49.4
2022-11-11 12:00:00,37.4,45.5,37.6,41.6,51.4,44.8,47.0,48.7,47.1,42.9
2022-11-11 13:00:00,44.1,54.5,47.7,50.4,57.7,54.3,52.4,54.0,57.6,49.8
2022-11-11 14:00:00,55.4,64.8,53.7,59.3,64.7,61.0,62.9,61.5,58.1,53.5
2022-11-11 15:00:00,51.2,58.6,48.1,51.5,59.8,56.6,57.1,56.8,54.7,49.8
2022-11-11 16:00:00,43.3,45.5,40.5,43.8,50.2,45.2,46.8,47.5,47.6,41.9
2022-11-11 17:00:00,41.9,46.5,42.4,48.9,50.6,46.2,44.9,46.8,46.3,41.2
2022-11-11 18:00:00,52.1,57.9,49.9,51.8,57.7,53.6,53.6,53.4,52.4,48.5
2022-11-11 19:00:00,50.2,54.9,49.6,51.3,54.0,50.1,51.1,51.7,49.1,45.6
2022-11-11 20:00:00,51.9,59.0,50.0,52.9,62.7,53.3,56.2,56.4,53.4,50.0
2022-11-11 21:00:00,51.5,59.2,50.5,53.3,61.8,51.9,55.4,53.3,55.0,51.5
2022-11-11 22:00:00,43.3,48.4,42.2,44.0,49.2,43.5,46.7,44.8,44.8,41.9
2022-11-11 23:00:00,43.6,48.1,50.9,43.6,51.2,45.8,48.8,47.4,47.4,44.0
2022-11-12 00:00:00,30.5,32.7,31.1,32.6,32.6,29.2,32.2,32.3,33.5,28.6
2022-11-12 01:00:00,25.2,27.6,25.9,27.5,27.8,24.1,26.8,28.1,30.2,23.9
2022-11-12 02:00:00,23.4,25.5,24.1,27.2,25.1,21.6,24.5,25.7,27.6,22.1
2022-11-12 03:00:00,23.4,25.0,24.0,25.1,24.2,20.4,23.8,25.1,27.2,21.6
2022-11-12 04:00:00,19.9,22.0,20.5,22.4,21.5,16.6,20.2,22.2,24.3,18.2
2022-11-12 05:00:00,20.6,24.0,21.8,23.4,22.2,17.9,21.2,22.8,25.1,19.7
2022-11-12 06:00:00,18.7,22.6,19.1,21.3,20.2,15.2,18.8,20.4,23.4,18.6
2022-11-12 07:00:00,24.3,31.6,24.8,27.3,24.8,21.4,24.0,25.6,29.0,24.4
2022-11-12 08:00:00,30.5,38.8,31.9,32.2,32.8,29.3,32.5,32.3,35.5,30.3
2022-11-12 09:00:00,27.8,33.8,29.3,28.3,30.2,25.8,29.8,30.3,32.6,26.9
2022-11-12 10:00:00,26.3,30.4,24.9,25.6,28.1,23.2,27.4,27.9,30.4,25.2
2022-11-12 11:00:00,21.7,27.5,23.1,24.2,25.6,21.7,25.4,26.0,28.8,21.0
2022-11-12 12:00:00,21.6,26.0,22.2,25.7,23.6,18.3,23.0,23.8,27.1,20.8
2022-11-12 13:00:00,22.4,26.9,23.0,24.5,22.5,18.0,22.2,24.3,27.5,21.2
2022-11-12 14:00:00,25.1,31.1,26.0,27.4,25.1,21.5,24.4,25.7,28.8,23.8
2022-11-12 15:00:00,26.5,33.0,26.5,28.3,26.5,22.6,26.8,28.3,30.7,25.8
2022-11-12 16:00:00,26.1,32.6,27.8,29.2,27.4,22.2,26.9,28.2,29.9,24.6
2022-11-12 17:00:00,28.7,36.6,30.0,31.4,28.5,25.0,28.9,29.8,32.8,28.4
2022-11-12 18:00:00,34.5,45.3,35.7,36.5,34.7,31.5,35.5,36.4,39.1,33.6
2022-11-12 19:00:00,39.4,51.7,37.7,38.6,40.6,37.6,42.0,42.4,42.5,36.6
2022-11-12 20:00:00,37.9,49.6,36.4,37.4,38.7,35.6,39.9,40.2,41.0,35.1
2022-11-12 21:00:00,37.2,48.5,36.7,38.3,38.3,35.1,39.6,39.8,41.6,36.5
2022-11-12 22:00:00,36.3,46.9,35.4,36.6,37.5,34.0,38.5,38.6,39.6,34.2
2022-11-12 23:00:00,34.1,44.4,33.4,35.2,35.3,31.8,35.6,36.6,38.1,32.5
2022-11-13 00:00:00,33.4,43.5,34.0,36.5,33.8,30.9,33.9,34.6,38.5,33.0
2022-11-13 01:00:00,31.1,41.2,32.1,34.6,31.6,28.1,32.2,33.3,39.0,33.8
2022-11-13 02:00:00,30.2,40.6,31.1,33.4,30.8,26.5,31.2,32.8,37.9,31.8
2022-11-13 03:00:00,29.7,39.8,30.3,32.4,31.9,27.6,32.1,33.4,40.3,34.8
2022-11-13 04:00:00,30.0,40.1,30.5,33.0,33.7,28.9,33.6,34.8,40.8,35.8
2022-11-13 05:00:00,28.9,38.7,29.5,31.9,32.3,27.7,32.3,33.6,38.4,33.9
2022-11-13 06:00:00,29.0,38.0,29.3,31.3,31.6,26.0,31.6,32.5,36.8,31.5
2022-11-13 07:00:00,30.3,39.9,29.2,31.7,34.3,30.4,34.9,35.1,37.3,32.1
2022-11-13 08:00:00,30.0,40.8,29.2,31.8,32.5,29.2,33.8,33.8,35.8,30.8
2022-11-13 09:00:00,30.0,39.8,30.0,33.0,32.4,28.0,32.0,32.7,35.4,29.3
2022-11-13 10:00:00,25.9,34.7,27.3,29.8,31.7,24.9,30.3,30.9,32.4,26.4
2022-11-13 11:00:00,25.3,33.9,26.6,29.2,32.1,23.9,29.3,29.5,32.9,27.3
2022-11-13 12:00:00,25.4,32.9,27.3,28.8,33.6,24.7,29.9,30.5,32.7,27.0
2022-11-13 13:00:00,26.0,34.0,27.3,28.7,31.8,23.4,29.9,31.3,32.8,26.4
2022-11-13 14:00:00,24.9,33.2,26.9,28.9,31.5,23.5,29.0,29.7,32.4,25.9
2022-11-13 15:00:00,25.4,34.4,28.4,30.0,31.4,23.5,29.9,30.5,32.0,25.2
2022-11-13 16:00:00,28.1,37.7,30.0,32.2,32.2,24.9,30.7,31.4,32.8,26.3
2022-11-13 17:00:00,30.9,43.0,32.4,35.4,37.8,30.8,36.2,36.1,37.4,30.6
2022-11-13 18:00:00,31.2,41.3,33.7,37.7,35.7,29.3,34.5,35.3,37.3,30.7
2022-11-13 19:00:00,30.9,43.0,32.7,37.2,34.4,28.8,34.0,34.8,36.7,29.9
2022-11-13 20:00:00,33.6,45.0,34.7,39.0,37.2,31.1,37.8,37.3,39.7,32.5
2022-11-13 21:00:00,34.5,49.0,38.1,42.0,37.8,33.8,38.8,38.5,41.7,35.8
2022-11-13 22:00:00,36.1,50.4,38.5,42.6,39.1,35.7,39.6,39.2,44.1,36.9
2022-11-13 23:00:00,35.4,49.8,37.8,42.2,39.0,34.8,39.5,38.7,44.4,36.8
2022-11-14 00:00:00,35.8,51.2,39.4,43.0,39.9,36.3,40.6,40.2,45.7,38.3
2022-11-14 01:00:00,41.0,57.5,46.0,49.8,45.8,42.1,46.4,45.4,51.4,45.2
2022-11-14 02:00:00,39.7,55.1,43.3,47.7,42.7,40.5,43.9,42.1,46.5,40.2
2022-11-14 03:00:00,36.5,49.9,42.1,45.4,38.9,35.8,40.0,39.0,42.3,35.6
2022-11-14 04:00:00,45.0,60.4,43.8,47.4,45.8,41.8,46.0,45.1,45.2,38.5
2022-11-14 05:00:00,37.9,50.9,43.2,45.1,39.8,35.8,40.5,39.0,43.3,37.1
2022-11-14 06:00:00,34.7,47.4,38.9,41.9,38.3,34.7,39.8,37.5,43.3,36.3
2022-11-14 07:00:00,40.7,52.6,42.6,45.7,42.2,39.3,43.3,40.2,51.0,42.0
2022-11-14 08:00:00,48.1,66.9,49.5,52.4,47.6,44.8,49.0,44.6,55.8,49.4
2022-11-14 09:00:00,48.3,65.0,50.1,53.7,49.4,45.0,51.8,46.7,54.2,53.8
2022-11-14 10:00:00,45.0,60.7,45.2,47.8,50.3,43.1,50.2,45.3,55.2,49.4
2022-11-14 11:00:00,35.7,50.0,37.9,40.8,41.6,32.5,39.9,38.2,47.3,38.8
2022-11-14 12:00:00,32.9,44.9,35.0,37.2,39.7,31.6,38.3,36.1,40.6,33.4
2022-11-14 13:00:00,31.9,44.8,35.1,35.9,40.4,33.1,36.9,34.9,48.0,39.3
2022-11-14 14:00:00,32.9,42.5,35.2,39.7,39.2,30.8,36.0,35.0,48.1,38.6
2022-11-14 15:00:00,35.9,49.0,37.0,40.6,39.3,31.3,37.7,36.1,48.8,40.9
2022-11-14 16:00:00,36.7,50.5,41.2,44.8,40.4,35.5,41.8,39.8,46.9,39.3
2022-11-14 17:00:00,35.9,53.0,40.6,45.9,44.2,37.3,43.2,40.4,51.0,42.1
2022-11-14 18:00:00,35.6,50.1,37.4,42.6,46.1,37.7,47.8,42.5,44.3,42.8
2022-11-14 19:00:00,37.7,53.1,39.8,43.7,48.3,41.0,46.6,45.2,45.9,41.2
2022-11-14 20:00:00,41.8,57.2,40.5,45.6,51.5,40.8,46.8,46.9,46.7,43.4
2022-11-14 21:00:00,49.4,68.5,45.5,51.8,54.1,46.8,50.7,50.9,48.6,43.6
2022-11-14 22:00:00,55.5,74.8,48.8,52.5,54.9,50.2,52.3,52.2,45.9,41.4
2022-11-14 23:00:00,64.2,84.5,58.7,63.2,63.6,59.5,61.3,59.4,53.1,51.3
2022-11-15 00:00:00,64.8,86.2,60.1,65.4,68.0,63.5,66.7,62.9,57.6,58.0
2022-11-15 01:00:00,65.4,87.0,59.5,65.3,69.2,65.6,70.7,64.4,55.9,56.7
2022-11-15 02:00:00,63.8,85.7,60.2,65.7,66.0,60.1,65.5,61.5,54.1,51.6
2022-11-15 03:00:00,54.9,73.6,52.7,57.5,57.8,50.8,56.4,54.0,48.8,43.5
2022-11-15 04:00:00,48.3,65.5,45.7,50.0,51.3,44.8,49.3,47.8,48.4,43.8
2022-11-15 05:00:00,41.7,57.0,40.1,44.2,46.4,38.9,44.9,44.0,45.4,41.1
2022-11-15 06:00:00,42.7,57.8,38.7,43.0,48.7,42.3,45.4,45.3,45.0,40.0
2022-11-15 07:00:00,43.2,59.4,40.8,45.1,50.7,44.8,47.4,46.0,47.0,42.7
2022-11-15 08:00:00,41.5,56.5,41.5,46.6,52.6,45.6,49.5,48.1,49.1,45.1
2022-11-15 09:00:00,43.0,59.6,43.2,49.1,53.4,44.8,49.8,48.9,54.2,49.4
2022-11-15 10:00:00,42.3,60.1,45.3,55.9,57.5,50.3,51.6,50.7,54.0,50.6
2022-11-15 11:00:00,38.8,53.5,40.8,45.5,58.8,52.5,54.8,52.0,49.9,45.5
2022-11-15 12:00:00,41.1,57.8,43.9,48.7,57.4,50.1,52.8,52.2,54.2,50.0
2022-11-15 13:00:00,45.1,63.7,45.2,50.7,62.5,57.7,62.3,59.0,57.9,51.9
2022-11-15 14:00:00,41.6,58.0,42.7,48.8,60.3,55.9,58.3,56.1,55.0,48.1
2022-11-15 15:00:00,40.5,56.4,41.1,47.0,54.0,49.7,52.6,51.1,50.7,44.9
2022-11-15 16:00:00,40.3,53.9,39.4,45.3,50.7,46.0,49.1,48.4,49.0,43.5
2022-11-15 17:00:00,35.8,47.2,35.0,40.1,46.9,42.5,45.9,44.2,46.5,39.9
2022-11-15 18:00:00,34.7,46.1,35.0,39.2,43.0,38.9,39.7,39.5,42.4,36.9
2022-11-15 19:00:00,35.0,47.1,36.0,40.2,41.0,34.9,38.8,39.1,42.3,36.7
2022-11-15 20:00:00,33.5,46.5,33.7,38.4,41.2,35.3,38.8,39.4,41.1,35.0
2022-11-15 21:00:00,32.3,45.4,32.1,36.4,38.9,32.5,36.9,37.9,40.2,34.4
2022-11-15 22:00:00,35.0,50.9,35.2,39.3,41.4,35.6,40.1,41.2,43.5,37.1
2022-11-15 23:00:00,36.0,51.3,36.5,40.6,42.6,38.1,41.5,42.1,44.6,39.1
2022-11-16 00:00:00,34.2,49.2,35.0,38.9,41.1,36.5,39.6,41.4,44.1,38.1
2022-11-16 01:00:00,34.7,49.9,34.2,37.9,41.4,36.6,40.4,41.3,42.9,37.4
2022-11-16 02:00:00,33.8,48.5,33.7,37.5,40.1,35.4,38.8,40.2,41.6,35.7
2022-11-16 03:00:00,33.5,48.2,33.2,38.4,39.5,33.8,38.6,39.7,41.2,35.2
2022-11-16 04:00:00,33.4,47.5,33.6,37.9,38.9,34.5,37.9,39.2,40.9,34.5
2022-11-16 05:00:00,33.9,47.6,33.9,38.5,39.1,33.8,38.0,39.6,39.5,32.8
2022-11-16 06:00:00,35.0,48.6,33.2,37.5,40.1,34.6,37.9,39.3,40.1,33.7
2022-11-16 07:00:00,37.4,51.8,36.4,41.3,43.1,37.6,39.6,41.4,41.5,35.7
2022-11-16 08:00:00,42.8,59.2,41.5,45.9,50.4,45.7,44.2,46.9,49.6,39.6
2022-11-16 09:00:00,43.7,62.4,43.6,49.0,51.4,46.8,51.2,48.8,55.1,47.1
2022-11-16 10:00:00,43.4,63.7,44.5,48.3,51.7,45.0,52.4,50.0,54.4,49.8
2022-11-16 11:00:00,45.4,62.3,46.4,51.4,52.7,46.9,53.6,49.0,54.2,50.3
2022-11-16 12:00:00,52.4,74.8,51.2,54.7,58.3,50.8,59.3,54.6,59.8,54.9
2022-11-16 13:00:00,54.4,69.0,52.6,55.1,53.9,48.2,55.7,51.7,56.4,53.6
2022-11-16 14:00:00,42.5,58.0,43.0,45.9,44.8,39.9,45.7,42.9,57.6,43.9
2022-11-16 15:00:00,37.8,52.5,41.5,50.1,46.3,35.3,42.2,38.7,46.5,39.1
2022-11-16 16:00:00,38.1,50.3,39.5,44.4,41.0,34.6,42.3,39.6,42.3,35.1
2022-11-16 17:00:00,45.5,62.0,46.3,49.8,48.8,47.9,49.5,47.2,47.3,42.3
2022-11-16 18:00:00,51.9,70.2,53.1,56.7,62.5,54.4,61.5,57.6,53.8,52.1
2022-11-16 19:00:00,56.7,75.7,58.2,63.2,58.8,51.7,57.7,54.8,56.4,58.3
2022-11-16 20:00:00,59.6,83.0,60.0,64.8,68.1,60.8,68.0,62.8,62.9,64.4
2022-11-16 21:00:00,64.2,87.4,63.0,67.5,69.3,62.3,69.1,63.0,64.3,62.7
2022-11-16 22:00:00,58.9,79.4,61.3,66.5,65.8,57.8,65.4,60.0,62.4,62.1
2022-11-16 23:00:00,51.7,70.4,53.4,58.3,59.1,51.7,58.4,53.5,56.0,53.6
2022-11-17 00:00:00,43.3,58.3,48.0,51.8,47.9,42.9,49.6,44.9,48.6,45.4
2022-11-17 01:00:00,42.1,56.9,45.6,48.0,47.1,42.7,49.0,44.5,46.2,41.7
2022-11-17 02:00:00,41.9,57.7,44.1,48.5,45.8,41.7,46.6,42.7,49.4,46.9
2022-11-17 03:00:00,47.7,65.8,48.2,52.4,52.8,48.0,52.6,48.6,51.2,49.6
2022-11-17 04:00:00,53.2,72.0,53.7,58.8,58.2,52.5,57.2,52.9,56.8,53.2
2022-11-17 05:00:00,54.1,74.2,53.7,59.1,61.0,54.9,60.1,55.3,57.6,54.8
2022-11-17 06:00:00,38.8,53.9,41.7,45.2,42.4,36.0,41.9,40.5,45.5,40.1
2022-11-17 07:00:00,36.0,50.3,37.3,41.6,39.5,33.7,39.4,37.8,42.8,37.1
2022-11-17 08:00:00,40.3,57.0,42.3,46.6,42.1,37.0,42.9,39.4,45.6,39.9
2022-11-17 09:00:00,37.8,56.5,38.0,42.0,38.5,33.6,39.7,36.7,43.3,36.8
2022-11-17 10:00:00,33.4,53.3,35.5,37.4,36.7,32.0,39.2,35.9,41.7,34.8
2022-11-17 11:00:00,33.7,53.7,35.3,36.7,35.8,29.8,36.9,35.6,40.8,30.1
2022-11-17 12:00:00,35.3,52.3,33.6,37.0,34.1,28.4,35.0,33.4,43.5,35.1
2022-11-17 13:00:00,38.3,54.5,35.4,37.8,33.6,28.4,34.9,33.1,41.1,36.1
2022-11-17 14:00:00,36.8,51.2,37.7,39.1,35.0,32.4,36.7,35.6,40.9,38.1
2022-11-17 15:00:00,35.9,49.1,36.8,40.8,35.1,29.5,35.9,34.7,41.8,38.6
2022-11-17 16:00:00,39.9,56.4,40.3,44.8,38.8,33.6,40.2,38.0,44.0,39.0
2022-11-17 17:00:00,45.6,61.8,48.1,53.0,44.3,39.4,46.0,43.3,50.3,50.0
2022-11-17 18:00:00,49.0,65.4,50.8,53.9,51.3,45.1,50.6,48.8,55.1,51.4
2022-11-17 19:00:00,47.5,61.7,44.0,46.4,49.6,43.3,48.7,47.3,47.4,40.1
2022-11-17 20:00:00,45.3,61.1,46.4,49.0,49.8,43.7,49.9,47.7,49.6,43.2
2022-11-17 21:00:00,48.7,66.7,46.5,48.5,52.8,45.2,51.1,48.5,49.7,43.7
2022-11-17 22:00:00,44.5,60.2,42.4,45.0,47.3,41.5,46.7,45.9,45.6,39.5
2022-11-17 23:00:00,41.6,57.3,40.4,43.0,44.9,39.3,44.7,43.8,46.1,38.5
2022-11-18 00:00:00,37.4,52.8,37.5,39.8,41.2,36.1,42.2,40.1,45.2,37.4
2022-11-18 01:00:00,33.3,48.0,34.0,37.0,36.7,31.3,36.8,35.9,44.6,34.5
2022-11-18 02:00:00,33.4,49.2,33.6,37.5,36.9,31.8,36.9,37.0,44.7,35.6
2022-11-18 03:00:00,33.0,48.5,34.1,37.7,36.5,31.3,36.4,36.1,42.2,35.9
2022-11-18 04:00:00,33.6,49.5,34.2,37.7,37.8,32.3,37.7,37.4,40.5,33.6
2022-11-18 05:00:00,33.9,49.7,35.2,38.4,37.5,32.2,37.7,36.9,40.9,34.1
2022-11-18 06:00:00,35.5,51.6,37.6,41.2,39.3,34.4,39.4,38.5,44.2,38.0
2022-11-18 07:00:00,40.0,57.0,39.9,43.6,43.2,37.7,43.3,41.4,46.6,39.3
2022-11-18 08:00:00,45.3,63.4,48.5,51.2,48.0,43.4,47.9,45.4,53.0,46.4
2022-11-18 09:00:00,45.2,62.1,46.0,47.6,47.3,41.1,47.3,44.8,49.5,43.0
2022-11-18 10:00:00,40.0,54.7,38.1,40.1,41.4,35.8,42.0,39.2,43.0,36.3
2022-11-18 10:17:35,41.1,52.6,34.6,36.6,45.4,33.2,40.8,39.2,40.8,33.4

