"Time","O3 {DeviceID=""AirSENCE-0322068B40233"", name=""Pollutant""}","O3 {DeviceID=""AirSENCE-032206C140232"", name=""Pollutant""}","O3 {DeviceID=""AirSENCE-0322223F40230"", name=""Pollutant""}","O3 {DeviceID=""AirSENCE-032223EF40231"", name=""Pollutant""}","O3 {DeviceID=""AirSENCE-1021BFD040215"", name=""Pollutant""}","O3 {DeviceID=""AirSENCE-1021C46E40217"", name=""Pollutant""}","O3 {DeviceID=""AirSENCE-1021C53740216"", name=""Pollutant""}","O3 {DeviceID=""AirSENCE-1021C65A40214"", name=""Pollutant""}","O3 {DeviceID=""AirSENCE-1021C6C640218"", name=""Pollutant""}","O3 {DeviceID=""AirSENCE-1021C73840220"", name=""Pollutant""}"
2022-10-09 11:00:00,25.2,39.8,28.3,26.9,27.8,30.0,24.5,24.0,16.5,25.8
2022-10-09 12:00:00,30.3,43.4,26.8,29.2,26.2,26.0,22.0,20.5,17.4,21.8
2022-10-09 13:00:00,34.7,48.8,25.7,29.0,29.3,27.3,23.7,25.9,18.5,27.8
2022-10-09 14:00:00,38.6,54.8,30.1,34.4,35.0,34.8,30.8,30.1,23.2,32.6
2022-10-09 15:00:00,45.2,60.8,48.4,48.1,40.8,39.6,35.8,39.3,29.2,41.1
2022-10-09 16:00:00,37.0,53.6,42.5,41.8,38.1,35.5,32.5,34.4,25.1,35.7
2022-10-09 17:00:00,35.9,57.4,34.7,36.3,36.7,33.9,31.7,30.5,23.1,33.4
2022-10-09 18:00:00,38.0,59.9,39.4,41.0,38.2,36.0,33.3,33.1,26.0,38.4
2022-10-09 19:00:00,40.2,62.7,38.5,37.5,40.6,38.7,35.3,34.9,25.4,36.5
2022-10-09 20:00:00,42.7,65.7,40.0,38.2,44.3,42.6,39.4,38.3,28.7,38.2
2022-10-09 21:00:00,41.2,63.0,40.1,37.0,42.9,42.4,38.5,36.5,28.3,38.2
2022-10-09 22:00:00,33.7,50.7,37.8,34.6,34.3,32.6,30.9,30.4,23.6,36.2
2022-10-09 23:00:00,30.6,45.8,36.2,31.6,33.2,28.5,27.2,26.8,18.8,30.7
2022-10-10 00:00:00,27.9,38.9,40.8,34.4,31.0,26.4,25.4,23.3,14.8,28.5
2022-10-10 01:00:00,25.4,31.4,37.8,31.9,26.9,23.1,21.7,20.3,13.2,26.2
2022-10-10 02:00:00,23.6,31.7,34.1,29.0,25.5,22.4,20.5,18.9,13.2,25.9
2022-10-10 03:00:00,23.0,30.1,33.1,28.8,25.3,22.5,20.0,18.9,12.8,25.1
2022-10-10 04:00:00,22.6,28.2,33.1,28.9,24.9,22.6,20.5,18.3,12.7,25.2
2022-10-10 05:00:00,22.1,27.3,31.6,27.4,24.0,21.8,19.7,18.2,12.8,25.6
2022-10-10 06:00:00,18.8,22.4,28.3,24.9,18.7,16.8,14.7,14.0,8.48,17.5
2022-10-10 07:00:00,12.6,13.3,25.9,21.9,18.2,16.4,14.0,13.1,8.32,19.0
2022-10-10 08:00:00,10.4,7.89,24.0,19.9,11.2,8.34,6.67,6.73,5.12,14.7
2022-10-10 09:00:00,9.87,10.4,22.1,19.0,10.1,8.85,6.21,6.12,3.11,11.9
2022-10-10 10:00:00,12.7,14.9,21.4,18.3,11.2,12.9,9.28,8.98,5.07,14.0
2022-10-10 11:00:00,18.7,27.1,23.6,20.5,14.5,18.9,15.5,16.7,8.41,14.3
2022-10-10 12:00:00,20.9,42.3,25.3,27.3,18.4,26.9,25.4,21.9,19.6,8.97
2022-10-10 13:00:00,42.4,55.2,32.4,34.1,31.8,31.7,27.7,31.5,23.6,30.0
2022-10-10 14:00:00,44.4,57.5,40.6,39.5,43.4,39.9,28.8,36.9,24.7,42.8
2022-10-10 15:00:00,43.2,56.5,38.4,38.2,38.3,33.9,23.4,32.9,23.7,40.7
2022-10-10 16:00:00,44.4,59.8,47.0,41.0,40.8,39.7,37.9,35.3,30.7,46.2
2022-10-10 17:00:00,43.3,62.6,48.1,44.2,26.7,34.0,36.3,32.9,29.2,42.0
2022-10-10 18:00:00,42.4,60.7,48.0,47.6,37.9,31.3,35.6,33.8,27.2,39.7
2022-10-10 19:00:00,42.6,61.0,48.6,50.0,50.3,48.4,37.1,34.2,27.5,44.5
2022-10-10 20:00:00,33.3,40.8,41.7,37.2,32.2,30.2,26.4,22.8,21.9,36.1
2022-10-10 21:00:00,16.7,14.4,34.1,28.0,30.7,28.7,24.0,22.9,22.8,35.9
2022-10-10 22:00:00,20.1,30.6,24.5,20.3,26.6,22.0,18.0,19.5,15.5,23.0
2022-10-10 23:00:00,26.7,36.2,21.6,18.2,30.8,27.1,24.4,23.9,18.9,31.7
2022-10-11 00:00:00,27.0,35.9,26.8,23.5,30.1,28.5,25.1,23.5,17.1,29.6
2022-10-11 01:00:00,22.7,27.4,25.1,19.8,24.3,20.7,18.4,18.9,14.4,23.8
2022-10-11 02:00:00,15.0,18.0,22.6,17.9,20.1,15.5,12.5,13.8,21.6,35.0
2022-10-11 03:00:00,12.0,9.46,19.7,14.9,20.3,15.4,12.4,13.3,12.1,21.2
2022-10-11 04:00:00,7.00,4.53,11.8,5.80,17.5,14.3,11.5,12.3,5.30,7.93
2022-10-11 05:00:00,1.41,2.66,8.88,3.33,4.35,5.41,4.76,3.17,8.75,1.58
2022-10-11 06:00:00,0.529,2.66,6.74,1.03,0.643,3.90,4.64,2.04,8.75,1.60
2022-10-11 07:00:00,0.605,2.66,5.42,0.637,0.409,3.90,4.64,2.04,7.40,2.58
2022-10-11 08:00:00,0.534,2.66,1.87,0.560,0.488,3.90,4.64,2.04,5.13,2.82
2022-10-11 09:00:00,0.534,2.66,1.66,1.08,0.841,3.90,4.64,2.04,2.91,10.1
2022-10-11 10:00:00,1.74,3.70,3.57,1.32,2.34,3.90,4.64,2.56,1.28,5.47
2022-10-11 11:00:00,10.9,17.9,14.2,11.5,8.33,3.48,2.74,4.11,4.10,10.8
2022-10-11 12:00:00,3.15,19.7,16.5,21.2,6.07,3.48,5.25,5.56,9.30,5.40
2022-10-11 13:00:00,18.3,30.0,16.7,22.2,7.65,1.64,5.38,11.4,7.71,8.48
2022-10-11 14:00:00,18.9,54.4,27.0,25.7,31.6,4.02,4.64,19.5,11.6,6.44
2022-10-11 15:00:00,54.4,69.7,28.8,29.5,44.3,28.3,35.4,36.9,22.3,44.0
2022-10-11 16:00:00,54.7,73.5,47.6,43.2,38.9,33.2,45.3,33.3,32.7,55.1
2022-10-11 17:00:00,54.6,86.7,58.2,53.9,38.4,41.3,50.1,40.8,38.2,54.3
2022-10-11 18:00:00,55.9,89.4,61.1,64.3,50.8,42.7,49.3,43.5,38.9,58.2
2022-10-11 19:00:00,46.5,63.6,47.9,55.8,54.1,46.1,43.4,42.2,38.1,50.7
2022-10-11 20:00:00,43.4,57.1,44.0,50.2,53.6,48.2,44.8,46.1,39.7,49.5
2022-10-11 21:00:00,47.8,62.8,50.2,53.4,59.1,56.8,53.7,54.7,46.2,56.3
2022-10-11 22:00:00,47.0,61.8,54.5,59.3,64.5,62.7,59.9,59.4,48.5,60.5
2022-10-11 23:00:00,57.0,84.0,61.2,63.2,68.5,64.3,64.5,61.1,50.0,63.0
2022-10-12 00:00:00,60.8,91.9,64.7,65.2,69.0,65.7,64.4,60.9,50.5,65.4
2022-10-12 01:00:00,59.8,90.8,62.3,61.9,66.3,64.2,60.9,57.5,47.4,61.9
2022-10-12 02:00:00,54.3,80.8,55.8,56.3,58.4,56.4,54.1,50.7,41.7,55.0
2022-10-12 03:00:00,50.2,73.2,51.9,52.7,51.7,48.3,46.6,44.8,38.1,51.0
2022-10-12 04:00:00,44.5,66.7,46.3,47.1,46.1,43.4,42.3,40.0,34.6,45.6
2022-10-12 05:00:00,47.7,71.4,50.8,49.6,51.8,49.5,49.1,45.8,36.4,49.7
2022-10-12 06:00:00,46.1,67.4,48.1,49.0,48.4,44.7,43.3,43.9,36.7,46.2
2022-10-12 07:00:00,34.5,49.2,44.6,45.5,42.4,35.9,38.0,38.2,34.5,43.5
2022-10-12 08:00:00,18.2,29.3,34.0,31.2,34.4,29.8,27.5,31.7,30.1,38.7
2022-10-12 09:00:00,19.7,30.4,24.9,19.6,24.3,20.3,17.9,22.2,25.0,34.0
2022-10-12 10:00:00,23.1,37.3,21.9,23.9,26.3,21.4,17.5,22.4,24.2,31.5
2022-10-12 11:00:00,34.9,49.5,31.7,35.3,30.5,22.8,19.9,27.8,25.0,33.9
2022-10-12 12:00:00,38.5,56.8,38.0,39.0,32.2,25.3,22.0,28.9,25.9,37.5
2022-10-12 13:00:00,38.1,58.6,39.1,41.1,36.7,27.8,24.9,32.7,26.0,34.9
2022-10-12 14:00:00,41.8,66.6,38.4,40.0,38.2,28.0,27.2,33.5,31.5,39.2
2022-10-12 15:00:00,49.7,78.7,44.4,47.4,41.4,32.3,34.1,37.1,34.5,45.7
2022-10-12 16:00:00,53.8,85.5,50.8,53.0,52.4,45.1,46.4,47.4,40.7,51.0
2022-10-12 17:00:00,52.5,90.2,51.9,51.5,51.4,40.9,41.5,45.8,40.3,52.4
2022-10-12 18:00:00,46.3,81.5,52.3,47.5,44.2,38.2,38.5,39.6,37.1,48.8
2022-10-12 19:00:00,44.3,72.7,49.5,46.6,39.3,37.2,39.6,34.2,36.4,48.0
2022-10-12 20:00:00,48.5,73.2,50.5,45.1,39.6,41.1,42.1,34.4,38.3,49.1
2022-10-12 21:00:00,44.7,74.7,47.5,46.8,40.9,37.0,38.2,36.0,37.5,46.7
2022-10-12 22:00:00,49.3,81.1,50.0,51.7,49.8,44.0,43.3,44.1,38.9,48.4
2022-10-12 23:00:00,50.9,79.6,53.0,53.2,48.6,43.6,44.2,43.0,38.8,49.2
2022-10-13 00:00:00,51.3,79.4,55.1,54.4,48.8,45.8,45.6,42.1,38.8,51.1
2022-10-13 01:00:00,54.3,83.0,64.2,59.7,54.9,50.1,51.4,47.4,39.0,55.8
2022-10-13 02:00:00,49.6,75.7,57.4,55.1,53.5,48.9,47.4,43.1,35.6,50.3
2022-10-13 03:00:00,43.9,67.1,53.1,52.2,48.8,43.3,42.3,38.3,30.9,46.1
2022-10-13 04:00:00,40.8,61.6,47.8,46.5,44.1,39.1,36.7,33.6,27.7,41.8
2022-10-13 05:00:00,42.9,63.6,48.4,46.8,43.4,39.4,36.4,34.1,28.3,42.0
2022-10-13 06:00:00,47.5,70.5,50.6,49.3,45.1,41.7,36.9,36.9,32.2,45.9
2022-10-13 07:00:00,44.4,63.3,47.2,46.7,40.7,38.7,34.1,33.7,30.7,42.4
2022-10-13 08:00:00,36.6,51.6,38.8,40.6,35.1,31.4,27.5,29.2,27.6,38.7
2022-10-13 09:00:00,18.2,26.1,17.7,16.2,16.5,14.4,12.1,13.7,8.72,17.7
2022-10-13 10:00:00,12.7,15.9,12.1,11.6,13.4,13.0,9.56,10.7,4.45,11.3
2022-10-13 11:00:00,10.4,10.8,13.0,12.0,9.04,8.65,5.01,8.19,4.84,12.4
2022-10-13 12:00:00,15.9,16.3,18.5,17.5,13.7,13.2,7.92,13.1,7.62,17.5
2022-10-13 13:00:00,14.9,15.3,17.6,18.7,9.73,7.36,3.52,8.23,6.46,14.7
2022-10-13 14:00:00,11.5,13.8,12.4,15.9,8.21,4.24,5.32,6.83,5.52,9.49
2022-10-13 15:00:00,18.0,17.0,12.2,15.3,7.84,8.04,6.13,8.38,5.72,13.6
2022-10-13 16:00:00,27.3,33.2,22.0,25.7,19.7,19.1,15.3,20.7,17.1,25.3
2022-10-13 17:00:00,36.9,52.3,35.5,35.7,31.2,32.8,29.9,32.9,26.1,36.2
2022-10-13 18:00:00,35.5,49.1,37.7,39.1,30.2,31.2,31.7,33.6,26.0,35.2
2022-10-13 19:00:00,31.4,43.3,38.0,39.6,39.6,40.2,32.4,33.1,23.2,36.4
2022-10-13 20:00:00,26.7,35.3,34.1,34.9,32.6,33.1,26.9,28.3,20.6,32.8
2022-10-13 21:00:00,21.8,22.1,31.2,30.3,28.0,29.4,23.1,25.7,18.8,28.9
2022-10-13 22:00:00,16.9,14.8,26.6,23.5,24.3,25.1,20.0,21.5,14.7,24.6
2022-10-13 23:00:00,16.3,17.0,26.1,21.6,20.2,20.1,15.3,17.3,11.4,22.7
2022-10-14 00:00:00,10.1,5.47,20.1,15.4,14.5,14.5,9.52,10.7,7.31,16.6
2022-10-14 01:00:00,3.95,1.48,16.6,10.6,6.06,3.73,1.50,3.09,3.02,7.76
2022-10-14 02:00:00,7.37,6.71,17.7,13.3,7.51,5.19,2.56,4.02,3.47,8.42
2022-10-14 03:00:00,32.8,44.6,40.0,38.0,38.1,35.3,30.1,29.0,23.5,37.8
2022-10-14 04:00:00,35.1,47.8,40.7,39.3,37.9,36.5,32.2,30.3,24.0,37.5
2022-10-14 05:00:00,36.3,48.0,42.2,39.8,39.2,39.8,33.8,32.8,25.6,38.8
2022-10-14 06:00:00,19.2,18.8,26.3,24.2,21.9,22.5,16.9,19.0,13.4,24.4
2022-10-14 07:00:00,9.41,5.21,18.0,16.8,11.6,11.9,7.12,8.91,5.80,14.8
2022-10-14 08:00:00,5.57,3.52,11.9,13.1,6.16,5.15,2.43,4.21,3.51,12.0
2022-10-14 09:00:00,6.98,4.80,12.4,11.4,6.11,4.98,2.66,3.81,3.83,11.3
2022-10-14 10:00:00,18.1,17.4,21.3,18.7,17.5,16.5,10.7,12.4,7.32,18.2
2022-10-14 11:00:00,20.2,25.8,26.3,22.6,22.8,20.0,16.3,16.8,10.2,22.2
2022-10-14 12:00:00,25.2,30.8,33.5,33.1,28.2,26.8,20.3,22.8,16.3,29.0
2022-10-14 13:00:00,25.3,34.4,16.8,29.4,18.7,18.3,11.2,18.1,17.9,21.2
2022-10-14 14:00:00,19.0,44.5,23.7,25.7,23.0,13.9,5.89,18.2,16.7,10.6
2022-10-14 15:00:00,43.3,49.6,29.7,29.2,28.8,30.5,27.0,27.3,21.4,38.9
2022-10-14 16:00:00,44.5,59.0,42.2,39.4,31.3,31.5,32.0,29.1,28.1,43.5
2022-10-14 17:00:00,43.1,64.1,44.8,41.9,28.3,33.9,35.5,32.4,28.0,42.3
2022-10-14 18:00:00,41.1,62.1,48.6,45.7,39.8,35.3,37.2,35.5,29.6,44.2
2022-10-14 19:00:00,39.1,46.7,42.5,45.7,42.7,38.7,30.4,33.9,28.7,39.0
2022-10-14 20:00:00,31.6,34.8,31.6,29.6,29.2,31.9,26.8,23.6,22.5,31.8
2022-10-14 21:00:00,25.8,23.1,26.7,24.1,32.1,31.6,31.0,28.2,27.2,39.9
2022-10-14 22:00:00,29.4,40.4,39.6,34.4,32.4,32.9,32.2,25.7,29.5,45.5
2022-10-14 23:00:00,39.0,57.0,52.1,47.3,49.5,44.4,42.0,39.1,30.4,48.9
2022-10-15 00:00:00,38.1,55.8,48.5,44.3,44.0,39.3,37.4,34.6,26.4,43.3
2022-10-15 01:00:00,34.0,47.4,43.6,39.1,36.5,34.6,31.8,29.1,23.1,37.8
2022-10-15 02:00:00,31.9,44.3,38.4,35.3,29.3,30.7,26.5,23.1,21.5,33.1
2022-10-15 03:00:00,32.0,47.2,38.5,36.1,28.9,31.5,27.5,22.9,23.4,34.5
2022-10-15 04:00:00,31.4,48.1,39.8,37.1,34.1,34.9,30.5,27.9,25.3,37.3
2022-10-15 05:00:00,34.2,51.4,41.6,39.5,35.8,36.6,32.3,30.7,26.4,39.5
2022-10-15 06:00:00,37.4,55.1,42.4,40.2,39.3,39.6,34.7,34.4,27.4,40.3
2022-10-15 07:00:00,39.9,58.2,43.0,41.3,40.3,41.0,35.6,35.9,28.6,40.2
2022-10-15 08:00:00,39.6,57.3,42.6,41.4,38.2,40.2,34.6,34.0,29.0,39.9
2022-10-15 09:00:00,38.6,54.9,40.2,40.0,33.9,33.2,29.7,28.9,28.5,39.6
2022-10-15 10:00:00,37.7,54.2,38.7,41.8,39.6,36.6,33.9,34.6,29.8,40.5
2022-10-15 11:00:00,40.3,56.2,48.4,46.2,47.6,44.2,40.1,37.3,29.0,46.7
2022-10-15 12:00:00,33.7,52.6,45.6,44.6,39.0,36.4,34.7,32.0,23.2,33.9
2022-10-15 13:00:00,31.7,44.9,30.4,32.1,28.2,29.4,25.1,24.9,18.2,27.1
2022-10-15 14:00:00,22.3,39.5,23.5,27.8,26.2,25.6,15.5,22.4,14.8,20.5
2022-10-15 15:00:00,31.3,34.6,21.9,27.4,24.1,27.2,24.5,22.2,14.4,30.0
2022-10-15 16:00:00,33.1,40.5,31.4,30.5,29.3,31.3,27.1,26.9,18.5,31.8
2022-10-15 17:00:00,32.3,41.7,33.1,34.2,27.9,30.8,27.7,26.7,17.9,30.0
2022-10-15 18:00:00,30.7,40.6,34.3,35.6,29.6,29.5,27.0,26.2,18.8,32.1
2022-10-15 19:00:00,29.3,38.1,32.8,33.6,30.4,30.8,25.3,24.1,16.9,30.0
2022-10-15 20:00:00,26.5,33.3,32.9,32.1,26.8,26.3,22.2,21.2,14.5,27.9
2022-10-15 21:00:00,21.3,25.6,29.2,27.4,23.8,23.1,19.8,18.0,11.6,24.9
2022-10-15 22:00:00,18.9,20.9,28.5,26.0,23.2,20.6,17.2,16.8,9.99,23.6
2022-10-15 23:00:00,16.2,18.1,25.8,23.3,21.5,20.2,16.8,15.5,9.67,21.3
2022-10-16 00:00:00,21.8,28.0,29.2,27.0,24.2,22.8,19.5,17.6,10.2,23.1
2022-10-16 01:00:00,22.7,27.8,29.0,27.2,24.4,22.6,18.7,16.8,10.4,24.2
2022-10-16 02:00:00,22.1,26.7,28.6,25.8,22.8,21.5,18.3,16.3,9.00,22.5
2022-10-16 03:00:00,15.8,13.1,24.4,20.7,19.3,18.0,14.7,13.4,6.50,19.5
2022-10-16 04:00:00,9.33,3.00,20.7,16.4,17.5,16.5,13.8,12.1,4.48,16.7
2022-10-16 05:00:00,9.62,6.20,17.9,15.4,15.1,14.8,11.4,9.62,2.70,13.6
2022-10-16 06:00:00,10.1,4.96,18.4,15.4,12.2,10.5,8.69,6.78,2.25,12.6
2022-10-16 07:00:00,5.66,0.815,13.3,10.5,6.84,6.48,3.06,2.56,0.869,7.92
2022-10-16 08:00:00,3.20,1.39,10.2,8.13,6.14,6.66,3.02,2.99,0.796,5.80
2022-10-16 09:00:00,2.66,1.43,8.22,6.60,4.65,3.74,1.45,1.59,0.796,3.79
2022-10-16 10:00:00,6.14,1.85,9.82,9.42,5.98,4.46,2.26,3.08,0.658,6.94
2022-10-16 11:00:00,8.82,7.03,13.9,15.0,9.28,6.91,3.56,5.60,1.89,9.88
2022-10-16 12:00:00,10.8,16.1,16.9,19.4,12.3,10.7,10.6,8.69,5.55,14.0
2022-10-16 13:00:00,17.8,23.4,18.4,22.0,8.49,8.45,11.5,13.2,5.27,12.1
2022-10-16 14:00:00,21.3,32.6,22.7,26.2,26.6,16.2,15.0,16.5,11.5,21.4
2022-10-16 15:00:00,35.8,38.0,32.6,34.8,30.0,27.6,31.3,24.3,16.9,37.1
2022-10-16 16:00:00,30.5,37.4,29.4,30.0,27.0,23.8,24.1,21.2,14.4,28.7
2022-10-16 17:00:00,27.4,34.1,29.3,29.3,24.2,22.9,22.0,20.6,14.0,27.8
2022-10-16 18:00:00,24.9,33.9,26.8,24.7,22.3,22.1,20.5,17.7,11.0,21.1
2022-10-16 19:00:00,26.1,37.3,26.5,23.9,22.1,24.0,21.8,21.0,9.78,21.1
2022-10-16 20:00:00,25.6,34.6,25.6,22.8,21.1,24.1,19.7,21.2,13.7,25.3
2022-10-16 21:00:00,22.2,29.8,20.0,19.7,16.7,20.7,15.2,18.4,13.5,22.0
2022-10-16 22:00:00,21.9,30.9,27.4,23.7,18.7,18.7,15.6,16.8,10.3,17.7
2022-10-16 23:00:00,23.8,30.3,33.6,28.1,24.0,21.3,22.2,19.4,11.4,25.0
2022-10-17 00:00:00,19.7,26.7,30.5,26.0,20.6,17.1,19.1,15.4,8.69,21.9
2022-10-17 01:00:00,18.3,23.7,29.9,25.4,19.6,16.5,17.5,14.4,7.72,20.3
2022-10-17 02:00:00,15.6,18.6,27.6,23.6,17.0,14.9,14.7,11.5,5.58,17.3
2022-10-17 03:00:00,14.2,15.9,24.6,20.8,15.3,13.6,13.1,10.2,5.24,16.6
2022-10-17 04:00:00,12.5,12.8,24.1,20.5,14.4,13.5,12.1,9.21,2.74,11.6
2022-10-17 05:00:00,6.90,4.90,17.7,13.7,8.85,6.64,5.71,3.67,1.65,8.86
2022-10-17 06:00:00,1.46,1.91,11.2,6.97,6.02,3.12,3.67,2.68,0.635,7.91
2022-10-17 07:00:00,1.66,1.71,9.64,6.11,7.91,5.45,4.18,3.23,0.625,6.98
2022-10-17 08:00:00,2.91,1.36,13.5,10.9,8.40,5.73,3.64,4.03,0.966,10.1
2022-10-17 09:00:00,3.86,2.75,11.0,10.3,5.39,3.37,1.64,2.35,0.786,7.33
2022-10-17 10:00:00,6.14,3.20,11.1,13.3,6.79,5.60,2.96,3.57,0.955,10.4
2022-10-17 11:00:00,9.84,4.52,13.6,14.1,5.94,2.79,1.59,3.00,1.06,10.3
2022-10-17 12:00:00,11.3,7.41,13.9,15.2,5.37,3.90,1.71,3.26,1.49,9.59
2022-10-17 13:00:00,13.5,10.9,16.4,17.2,7.74,3.87,2.33,4.66,2.34,12.4
2022-10-17 14:00:00,19.0,16.6,22.7,22.0,12.8,10.1,8.42,8.51,4.99,18.7
2022-10-17 15:00:00,22.3,23.8,31.4,27.3,19.1,16.5,14.4,12.7,7.69,22.5
2022-10-17 16:00:00,19.4,21.7,30.5,27.7,20.9,15.9,14.8,14.1,8.30,22.6
2022-10-17 17:00:00,17.9,17.6,29.8,25.3,17.9,15.4,14.2,12.4,7.05,20.6
2022-10-17 18:00:00,17.0,16.3,26.0,22.9,15.9,13.4,10.2,9.99,6.92,19.5
2022-10-17 19:00:00,12.3,8.80,22.1,19.3,12.4,11.4,8.53,7.51,3.48,14.9
2022-10-17 20:00:00,13.1,8.94,23.3,21.0,13.9,12.4,9.59,8.20,3.32,16.4
2022-10-17 21:00:00,15.0,11.0,24.3,22.0,16.3,14.6,11.2,9.16,4.82,17.8
2022-10-17 22:00:00,16.2,12.6,25.0,21.9,17.1,14.2,11.0,9.39,5.06,17.8
2022-10-17 23:00:00,15.2,10.4,23.8,21.1,15.7,13.5,9.66,8.70,3.45,15.9
2022-10-18 00:00:00,13.6,9.10,21.5,19.5,12.6,9.95,6.64,5.27,2.01,14.7
2022-10-18 01:00:00,13.7,10.4,22.2,18.8,9.26,8.48,5.34,3.72,1.08,13.3
2022-10-18 02:00:00,9.83,6.51,21.3,17.0,10.1,6.80,5.20,3.56,0.826,10.7
2022-10-18 03:00:00,6.40,2.05,17.9,12.9,7.48,4.52,2.24,2.04,0.679,4.63
2022-10-18 04:00:00,4.12,1.13,13.5,9.03,4.38,2.40,0.709,0.803,0.679,3.25
2022-10-18 05:00:00,0.986,1.13,9.25,4.69,0.917,1.89,0.455,0.828,0.679,1.87
2022-10-18 06:00:00,1.00,1.13,9.85,5.32,0.736,1.29,0.455,0.828,0.679,1.23
2022-10-18 07:00:00,0.692,1.13,6.81,1.44,0.980,1.25,0.455,0.828,0.679,0.498
2022-10-18 08:00:00,0.692,1.13,5.23,0.522,1.27,1.25,0.455,0.828,0.679,0.498
2022-10-18 09:00:00,0.692,1.13,3.03,0.969,1.26,1.25,0.455,0.828,0.679,0.498
2022-10-18 10:00:00,1.29,1.13,1.21,0.683,1.20,1.25,0.455,0.828,0.679,0.498
2022-10-18 11:00:00,1.31,1.13,1.58,0.834,1.20,1.25,0.455,0.828,0.679,0.498
2022-10-18 12:00:00,1.87,1.21,6.52,6.58,3.16,1.28,0.455,1.60,0.679,2.46
2022-10-18 13:00:00,5.45,4.26,8.82,11.8,4.73,1.60,0.479,2.49,0.679,6.32
2022-10-18 14:00:00,9.29,5.59,15.6,15.9,8.69,5.09,2.33,5.34,0.774,11.3
2022-10-18 15:00:00,17.0,10.6,27.5,22.6,14.4,11.0,8.66,10.2,2.65,18.2
2022-10-18 16:00:00,13.0,11.6,25.6,21.8,15.4,12.1,7.01,8.31,2.26,17.4
2022-10-18 17:00:00,13.2,11.1,24.2,20.5,14.2,10.0,6.87,7.11,2.43,16.6
2022-10-18 18:00:00,11.0,5.00,20.1,17.4,10.3,7.42,4.03,4.55,1.12,12.5
2022-10-18 19:00:00,8.14,2.89,17.5,15.5,8.20,6.04,2.81,3.98,0.606,11.5
2022-10-18 20:00:00,8.89,3.36,17.7,15.0,8.28,5.08,2.11,3.38,0.680,11.1
2022-10-18 21:00:00,10.1,2.97,20.9,16.7,10.1,7.06,4.32,4.20,0.547,11.8
2022-10-18 22:00:00,10.4,3.97,20.1,17.0,10.7,7.43,4.98,4.51,0.667,11.7
2022-10-18 23:00:00,5.75,1.03,16.5,12.4,7.72,4.74,1.94,2.11,0.520,9.02
2022-10-19 00:00:00,4.85,0.900,13.3,9.79,3.31,1.70,1.74,1.30,0.520,6.15
2022-10-19 01:00:00,6.40,1.08,13.5,11.8,5.35,2.88,0.829,1.25,0.520,7.75
2022-10-19 02:00:00,6.33,1.14,12.0,11.4,4.55,2.26,0.634,0.659,0.520,7.88
2022-10-19 03:00:00,4.01,1.08,13.2,10.2,3.22,1.60,0.361,0.456,0.520,5.62
2022-10-19 04:00:00,2.60,1.08,10.5,7.38,2.43,1.16,0.347,0.420,0.520,2.59
2022-10-19 05:00:00,2.86,1.08,10.1,6.60,1.000,0.842,0.347,0.386,0.520,2.11
2022-10-19 06:00:00,1.60,1.08,8.07,5.03,0.594,0.498,0.347,0.386,0.520,0.757
2022-10-19 07:00:00,0.986,1.08,7.40,4.92,0.584,0.499,0.347,0.386,0.520,0.630
2022-10-19 08:00:00,0.940,1.08,5.31,2.45,0.796,0.499,0.347,0.386,0.520,0.523
2022-10-19 09:00:00,1.32,1.08,3.96,2.19,0.803,0.499,0.347,0.386,0.520,0.523
2022-10-19 10:00:00,1.14,1.08,1.76,0.834,0.803,0.499,0.347,0.386,0.520,0.523
2022-10-19 11:00:00,1.29,1.08,1.72,2.29,1.12,0.499,0.347,0.386,0.520,0.706
2022-10-19 12:00:00,2.60,1.06,3.77,5.28,1.84,0.571,0.347,2.26,0.520,1.31
2022-10-19 13:00:00,4.75,1.10,4.92,6.99,2.23,0.563,0.347,2.33,0.520,3.43
2022-10-19 14:00:00,8.19,4.25,11.4,11.5,3.79,0.962,0.347,2.32,0.520,6.96
2022-10-19 15:00:00,13.1,12.4,17.5,14.9,8.12,5.25,4.99,4.93,1.66,12.1
2022-10-19 16:00:00,15.3,13.2,17.4,18.3,10.2,5.65,5.77,7.51,3.98,15.5
2022-10-19 17:00:00,16.7,15.0,23.6,20.7,19.5,15.3,14.7,11.8,4.17,19.2
2022-10-19 18:00:00,16.2,16.0,25.7,20.5,19.7,16.2,14.8,12.3,1.98,17.5
2022-10-19 19:00:00,14.4,13.0,20.2,14.8,15.8,12.9,10.8,9.02,1.02,13.0
2022-10-19 20:00:00,17.1,16.1,21.7,17.4,17.1,15.4,11.9,10.5,2.11,14.9
2022-10-19 21:00:00,16.1,13.5,21.0,17.7,14.9,13.5,9.32,8.85,1.33,14.1
2022-10-19 22:00:00,17.6,15.8,24.9,22.3,16.7,15.8,11.5,10.3,3.85,18.2
2022-10-19 23:00:00,17.3,14.5,25.2,22.0,17.1,15.0,11.8,9.96,2.94,17.6
2022-10-20 00:00:00,16.7,13.2,23.0,19.2,16.2,14.2,10.4,9.23,1.28,15.6
2022-10-20 01:00:00,18.8,17.5,25.5,21.7,17.7,15.8,10.5,10.1,3.24,18.1
2022-10-20 02:00:00,17.1,14.7,22.9,20.4,15.3,14.0,9.25,9.02,2.07,16.3
2022-10-20 03:00:00,19.7,18.8,24.4,22.9,18.6,17.9,12.8,11.9,4.93,19.2
2022-10-20 04:00:00,19.8,18.1,25.8,22.5,18.5,17.5,12.6,11.7,5.01,19.1
2022-10-20 05:00:00,18.8,17.0,24.7,21.8,17.1,16.1,11.2,11.0,4.30,17.7
2022-10-20 06:00:00,17.6,16.6,24.6,22.1,17.3,16.8,11.6,11.5,5.59,18.7
2022-10-20 07:00:00,15.9,13.9,22.1,21.0,16.7,16.3,10.5,11.0,5.16,17.7
2022-10-20 08:00:00,11.4,7.79,19.1,18.5,13.9,13.2,7.64,8.85,3.75,16.0
2022-10-20 09:00:00,10.5,7.39,18.3,17.7,13.1,11.5,5.82,8.35,3.84,15.6
2022-10-20 10:00:00,10.5,9.25,18.0,18.4,13.4,11.0,4.93,7.95,4.18,16.3
2022-10-20 11:00:00,14.4,13.9,19.4,20.2,16.8,13.4,8.32,10.5,4.26,17.7
2022-10-20 12:00:00,15.4,16.9,20.7,22.8,19.7,15.8,12.3,13.7,6.90,19.9
2022-10-20 13:00:00,21.3,25.3,26.6,27.1,26.8,22.6,18.7,20.2,9.65,24.0
2022-10-20 14:00:00,22.1,27.2,31.1,30.3,26.4,21.2,15.9,17.6,11.1,27.0
2022-10-20 15:00:00,19.0,20.4,28.2,26.9,23.1,19.4,12.7,15.8,7.99,23.4
2022-10-20 16:00:00,18.8,25.1,30.8,29.4,24.2,20.6,14.5,16.6,12.3,25.6
2022-10-20 17:00:00,20.1,25.4,29.9,28.5,24.3,19.8,14.5,17.0,11.0,25.1
2022-10-20 18:00:00,23.6,28.0,34.3,31.8,26.3,22.5,16.6,19.6,14.2,28.9
2022-10-20 19:00:00,22.9,30.7,32.4,30.0,28.0,24.2,19.7,20.5,14.1,28.2
2022-10-20 20:00:00,20.1,25.0,25.5,24.7,21.5,19.4,14.8,14.5,10.1,24.2
2022-10-20 21:00:00,13.6,11.3,23.3,18.9,16.9,14.7,9.78,11.8,5.75,18.4
2022-10-20 22:00:00,14.9,15.8,26.2,21.5,19.0,16.1,11.6,12.0,6.39,20.1
2022-10-20 23:00:00,18.3,18.7,23.3,19.4,17.4,14.7,9.20,10.3,4.75,18.9
2022-10-21 00:00:00,13.8,10.7,19.8,14.1,11.8,7.87,3.70,5.57,1.62,13.5
2022-10-21 01:00:00,7.68,4.78,13.0,6.77,8.79,4.01,1.63,2.77,1.46,7.68
2022-10-21 02:00:00,8.77,5.11,11.4,4.82,9.62,6.16,1.80,3.97,1.47,7.76
2022-10-21 03:00:00,3.93,5.65,10.3,3.20,7.16,4.25,2.53,3.41,2.30,4.51
2022-10-21 04:00:00,1.09,5.59,7.12,0.836,1.69,2.02,1.58,1.50,2.21,1.99
2022-10-21 05:00:00,1.39,5.59,5.90,0.594,4.56,2.79,1.10,1.74,2.21,3.81
2022-10-21 06:00:00,0.569,5.59,8.38,1.96,2.32,1.25,1.11,1.33,2.15,7.53
2022-10-21 07:00:00,3.64,5.59,10.2,3.73,16.3,13.3,11.7,11.4,7.00,21.0
2022-10-21 08:00:00,1.61,5.59,8.18,3.68,12.7,9.11,7.60,7.65,4.39,17.0
2022-10-21 09:00:00,1.25,5.59,4.22,1.35,1.94,2.13,4.02,1.44,1.08,5.52
2022-10-21 10:00:00,1.98,5.90,1.54,1.00,2.82,2.25,3.76,1.71,1.19,3.50
2022-10-21 11:00:00,13.9,22.1,12.9,15.0,15.9,8.58,6.95,11.3,9.03,17.8
2022-10-21 12:00:00,15.6,38.8,20.5,24.8,16.2,8.01,10.9,12.7,13.7,9.20
2022-10-21 13:00:00,36.6,47.5,27.5,33.2,22.9,15.0,12.5,25.5,16.9,20.5
2022-10-21 14:00:00,28.1,62.6,35.6,35.3,41.1,17.1,7.38,31.0,21.8,17.7
2022-10-21 15:00:00,59.3,72.5,40.5,41.7,47.0,40.3,40.0,40.4,32.1,53.9
2022-10-21 16:00:00,61.1,83.7,55.2,51.8,55.2,49.0,57.0,49.4,40.1,59.0
2022-10-21 17:00:00,62.6,94.3,62.2,64.1,56.9,51.8,58.7,54.5,47.0,62.1
2022-10-21 18:00:00,67.2,98.6,63.9,68.5,60.6,50.4,58.0,58.2,50.1,65.3
2022-10-21 19:00:00,65.4,97.1,62.8,68.8,66.8,63.5,60.7,57.1,48.4,66.1
2022-10-21 20:00:00,62.2,93.9,62.6,65.2,62.3,57.5,55.8,55.1,46.2,61.7
2022-10-21 21:00:00,61.3,91.2,63.4,63.5,60.0,48.8,57.4,53.2,45.3,60.6
2022-10-21 22:00:00,57.3,85.7,60.2,61.0,53.2,28.5,54.0,52.1,43.3,59.3
2022-10-21 23:00:00,55.9,82.0,57.1,57.6,55.7,42.3,52.6,50.3,40.9,55.3
2022-10-22 00:00:00,55.3,79.7,54.2,55.7,56.3,49.4,51.0,49.1,40.3,54.3
2022-10-22 01:00:00,54.1,79.4,54.8,54.4,56.3,50.4,51.7,48.3,39.4,52.9
2022-10-22 02:00:00,52.8,77.2,54.2,54.2,55.8,50.2,50.3,47.9,39.0,53.0
2022-10-22 03:00:00,45.3,65.8,50.1,50.0,49.2,45.0,44.4,42.1,34.0,46.5
2022-10-22 04:00:00,44.6,65.0,48.7,47.8,48.9,45.2,44.3,42.2,33.1,46.5
2022-10-22 05:00:00,44.4,64.6,49.3,47.7,49.2,45.7,44.0,41.6,32.9,46.5
2022-10-22 06:00:00,37.3,52.0,44.3,42.6,44.4,41.4,40.2,37.7,27.7,40.8
2022-10-22 07:00:00,38.0,52.5,43.6,41.4,42.9,40.4,39.5,36.3,28.0,41.5
2022-10-22 08:00:00,31.5,34.5,40.2,39.2,33.6,30.5,28.9,28.1,24.2,37.6
2022-10-22 09:00:00,21.7,26.4,27.8,30.5,28.2,24.7,23.8,24.0,20.1,31.2
2022-10-22 10:00:00,26.4,34.6,23.1,27.5,29.7,26.6,25.5,25.9,19.6,30.2
2022-10-22 11:00:00,25.1,42.5,24.5,31.0,27.8,25.0,24.4,25.1,20.6,28.4
2022-10-22 12:00:00,16.7,46.6,25.6,34.2,23.0,17.9,23.6,20.8,23.4,10.3
2022-10-22 13:00:00,44.4,62.3,34.6,40.7,29.1,25.4,22.5,32.1,27.5,27.6
2022-10-22 14:00:00,37.3,87.3,46.9,48.8,53.6,28.5,6.68,40.6,33.8,29.9
2022-10-22 15:00:00,76.5,102,53.7,55.7,66.0,60.8,63.9,57.1,41.7,66.8
2022-10-22 16:00:00,73.6,105,63.2,57.6,66.0,61.0,70.9,56.3,51.0,68.1
2022-10-22 17:00:00,68.9,110,69.3,66.6,58.0,61.4,69.8,58.0,52.8,65.5
2022-10-22 18:00:00,70.5,109,69.0,71.9,65.7,55.0,67.8,62.9,54.1,66.2
2022-10-22 19:00:00,58.8,81.1,63.1,64.0,75.3,66.6,67.9,61.8,51.8,69.4
2022-10-22 20:00:00,47.1,63.8,54.5,49.9,60.2,53.7,56.7,50.8,47.4,64.3
2022-10-22 21:00:00,42.7,60.5,47.9,42.4,65.8,60.1,59.9,54.3,46.6,64.1
2022-10-22 22:00:00,31.6,41.1,44.3,35.5,41.7,35.3,37.2,35.1,46.0,62.1
2022-10-22 23:00:00,23.8,33.5,27.3,23.2,20.2,14.1,13.0,14.3,35.3,43.9
2022-10-23 00:00:00,13.9,13.4,21.4,15.0,28.4,21.6,21.7,23.6,40.8,53.0
2022-10-23 01:00:00,14.2,12.5,44.8,26.8,53.3,49.5,47.4,46.7,43.3,56.7
2022-10-23 02:00:00,16.3,19.7,30.1,25.5,45.3,40.1,40.4,43.8,37.6,48.2
2022-10-23 03:00:00,24.2,34.0,31.2,23.6,29.8,20.4,22.8,27.0,32.4,40.2
2022-10-23 04:00:00,14.0,13.4,19.9,17.8,14.8,7.90,7.59,11.1,12.6,21.9
2022-10-23 05:00:00,4.21,2.22,14.0,8.44,4.33,1.61,2.39,1.80,7.37,11.6
2022-10-23 06:00:00,5.25,2.76,13.7,7.49,5.35,1.36,3.59,3.16,9.83,3.00
2022-10-23 07:00:00,5.44,4.68,13.6,9.18,6.88,3.20,6.69,5.17,9.02,1.16
2022-10-23 08:00:00,4.33,3.24,7.39,3.13,11.3,7.73,17.1,11.7,10.1,16.3
2022-10-23 09:00:00,5.27,11.1,12.5,9.58,16.0,10.9,16.1,14.3,15.1,24.7
2022-10-23 10:00:00,8.52,13.3,10.4,4.90,13.8,9.89,13.0,12.9,14.5,23.5
2022-10-23 11:00:00,13.1,27.1,13.6,11.8,16.2,12.1,15.0,14.5,13.6,21.0
2022-10-23 12:00:00,9.02,51.3,25.1,29.4,22.1,17.0,24.5,20.1,23.9,4.24
2022-10-23 13:00:00,41.7,67.0,35.4,38.5,31.2,32.0,26.4,35.2,29.9,31.0
2022-10-23 14:00:00,30.8,85.2,46.8,42.9,55.7,34.5,6.97,44.1,35.0,31.9
2022-10-23 15:00:00,74.3,96.2,51.2,44.3,62.2,59.7,65.2,55.3,39.8,71.5
2022-10-23 16:00:00,71.0,98.4,62.5,50.9,63.2,60.8,70.8,56.4,50.2,68.3
2022-10-23 17:00:00,62.5,105,62.4,56.6,55.4,60.7,68.2,56.4,50.1,63.9
2022-10-23 18:00:00,67.7,108,70.5,75.6,65.5,59.7,68.1,58.5,50.6,71.3
2022-10-23 19:00:00,60.2,96.2,64.8,68.8,65.9,59.7,61.4,56.1,46.9,64.5
2022-10-23 20:00:00,59.8,95.3,67.0,67.0,60.3,56.7,59.5,53.8,48.1,65.2
2022-10-23 21:00:00,58.4,89.6,61.7,56.6,58.5,54.6,58.2,52.5,44.6,59.9
2022-10-23 22:00:00,52.2,83.2,62.1,57.7,54.6,46.1,53.8,48.9,42.5,56.6
2022-10-23 23:00:00,48.9,75.6,55.0,50.5,48.2,41.5,47.6,42.9,39.2,52.9
2022-10-24 00:00:00,47.7,73.4,54.9,50.8,48.9,43.1,47.1,43.3,38.2,51.5
2022-10-24 01:00:00,45.2,70.2,52.6,48.4,46.9,43.3,45.1,41.6,36.9,50.2
2022-10-24 02:00:00,39.9,58.2,45.1,40.4,42.2,39.8,37.8,35.6,34.0,45.7
2022-10-24 03:00:00,30.0,39.2,40.3,36.0,35.3,32.3,35.3,31.7,29.1,34.1
2022-10-24 04:00:00,24.4,33.3,38.6,35.0,29.9,26.6,30.7,25.3,14.1,21.6
2022-10-24 05:00:00,28.5,41.1,40.6,36.1,31.0,27.6,31.3,24.8,4.60,14.4
2022-10-24 06:00:00,19.0,23.2,35.2,29.5,24.6,17.9,28.3,22.0,2.21,8.01
2022-10-24 07:00:00,5.91,3.87,20.3,14.7,9.85,4.07,10.9,7.63,3.50,1.91
2022-10-24 08:00:00,1.09,3.14,8.44,1.58,4.58,1.79,2.18,1.95,3.34,2.72
2022-10-24 09:00:00,1.65,2.39,6.98,1.81,2.20,1.65,1.14,1.68,2.61,8.52
2022-10-24 10:00:00,6.42,8.80,6.43,4.13,6.33,2.11,3.10,3.84,4.41,11.8
2022-10-24 11:00:00,9.66,18.8,7.62,8.88,5.65,3.43,3.66,3.32,3.91,7.51
2022-10-24 12:00:00,9.59,51.0,23.4,25.5,12.9,6.56,15.0,11.9,16.5,9.96
2022-10-24 13:00:00,44.5,64.5,36.6,37.3,22.3,18.3,17.8,26.3,18.2,17.1
2022-10-24 14:00:00,25.8,75.0,42.0,37.5,44.8,16.2,6.66,31.1,25.2,25.8
2022-10-24 15:00:00,64.9,76.4,43.2,38.0,45.8,33.8,49.5,38.6,24.7,61.1
2022-10-24 16:00:00,56.1,75.9,51.3,38.5,44.2,32.0,50.4,37.0,35.3,52.7
2022-10-24 17:00:00,47.1,76.6,52.9,47.4,38.2,38.0,50.1,38.7,38.2,52.5
2022-10-24 18:00:00,46.6,78.0,52.5,55.3,41.3,31.5,49.3,40.9,35.9,53.5
2022-10-24 19:00:00,43.3,67.2,46.4,55.3,49.9,42.4,43.0,36.7,31.7,49.4
2022-10-24 20:00:00,37.3,59.7,42.4,44.3,42.4,35.4,37.5,33.5,28.7,43.9
2022-10-24 21:00:00,36.0,56.7,40.9,38.6,37.6,30.1,36.1,31.9,29.5,43.2
2022-10-24 22:00:00,38.3,64.8,46.5,43.8,47.2,37.9,42.3,38.1,31.4,46.2
2022-10-24 23:00:00,42.7,67.2,49.7,46.5,45.1,36.8,43.4,39.2,34.7,49.1
2022-10-25 00:00:00,42.4,64.3,46.0,40.7,38.5,32.4,40.9,33.1,33.1,46.6
2022-10-25 01:00:00,39.3,59.4,47.1,42.6,38.4,32.4,40.7,34.1,32.0,46.7
2022-10-25 02:00:00,39.9,59.4,49.7,45.3,43.7,36.1,40.0,34.7,28.2,44.0
2022-10-25 03:00:00,34.5,49.9,42.6,38.4,37.7,31.6,31.8,28.0,23.2,38.1
2022-10-25 04:00:00,28.4,42.2,37.8,34.2,32.2,26.9,27.6,24.4,20.0,34.2
2022-10-25 05:00:00,29.0,39.9,37.6,33.6,31.4,27.2,25.8,23.5,17.5,32.5
2022-10-25 06:00:00,26.3,36.8,35.7,31.8,27.8,22.3,24.8,20.3,15.0,27.6
2022-10-25 07:00:00,9.97,5.15,20.8,15.9,11.4,6.67,13.0,7.25,9.52,9.46
2022-10-25 08:00:00,5.24,4.55,17.1,10.6,5.18,3.80,4.56,3.54,1.34,5.34
2022-10-25 09:00:00,3.18,2.34,11.2,6.30,4.45,2.37,1.03,1.47,1.28,2.53
2022-10-25 10:00:00,1.83,1.71,8.63,5.17,3.14,2.12,0.890,1.48,1.28,1.34
2022-10-25 11:00:00,0.845,1.72,1.73,1.55,2.94,2.12,0.889,1.68,1.28,1.00
2022-10-25 12:00:00,15.3,23.7,10.8,15.4,6.25,2.12,0.908,3.46,4.44,8.63
2022-10-25 13:00:00,24.1,32.7,18.3,22.3,13.5,6.44,5.17,10.4,7.98,15.2
2022-10-25 14:00:00,16.7,36.3,17.1,20.1,12.5,4.56,6.25,6.98,5.58,9.71
2022-10-25 15:00:00,33.9,50.5,25.9,27.3,20.6,16.1,19.4,18.1,11.7,23.9
2022-10-25 16:00:00,40.8,68.1,41.3,38.0,32.6,26.9,34.3,29.7,26.1,42.4
2022-10-25 17:00:00,38.2,65.5,42.2,40.6,35.7,32.2,39.2,31.9,25.3,40.6
2022-10-25 18:00:00,33.4,59.3,39.1,37.0,32.7,30.2,35.0,30.4,22.3,36.2
2022-10-25 19:00:00,29.2,50.9,37.7,37.0,31.9,26.2,30.8,26.7,20.5,35.3
2022-10-25 20:00:00,32.3,53.6,39.6,37.5,32.1,28.4,31.6,26.1,20.2,34.5
2022-10-25 21:00:00,29.1,49.7,37.0,32.9,30.1,22.3,28.7,25.2,19.7,32.6
2022-10-25 22:00:00,21.5,38.7,28.8,26.3,23.0,15.9,23.4,19.8,15.3,26.8
2022-10-25 23:00:00,17.7,33.3,24.7,22.9,21.3,14.4,20.5,17.3,12.9,24.1
2022-10-26 00:00:00,16.1,26.6,20.6,18.5,17.4,13.0,18.2,14.3,11.6,19.7
2022-10-26 01:00:00,17.5,24.7,24.4,22.9,16.0,13.9,17.1,12.9,10.8,21.5
2022-10-26 02:00:00,18.8,24.2,23.8,23.5,14.9,11.0,14.9,12.7,11.5,21.6
2022-10-26 03:00:00,18.3,21.9,24.5,23.4,19.6,16.6,17.1,16.7,14.4,26.1
2022-10-26 04:00:00,14.5,12.0,20.2,19.1,19.2,17.0,17.6,16.3,15.0,26.9
2022-10-26 05:00:00,9.38,10.0,16.3,14.6,12.5,8.69,10.1,9.32,13.0,23.3
2022-10-26 06:00:00,6.84,4.64,13.3,10.4,7.45,4.15,7.25,5.79,9.58,20.9
2022-10-26 07:00:00,3.78,5.91,15.3,12.0,9.35,3.40,9.47,6.15,7.09,18.9
2022-10-26 08:00:00,1.57,4.46,6.05,3.97,4.60,1.69,4.09,3.05,3.82,8.97
2022-10-26 09:00:00,1.32,4.46,2.51,0.841,3.01,1.71,2.03,1.73,1.21,4.89
2022-10-26 10:00:00,1.32,4.46,1.70,1.04,1.92,1.49,0.953,1.24,0.912,1.67
2022-10-26 11:00:00,3.69,5.68,7.28,7.55,3.39,1.61,1.45,1.70,0.730,2.03
2022-10-26 12:00:00,6.80,6.74,7.08,8.51,5.60,3.10,3.31,3.39,2.31,6.04
2022-10-26 13:00:00,19.2,21.1,23.0,22.6,18.5,12.8,13.6,14.4,7.67,21.5
2022-10-26 14:00:00,11.2,10.8,18.4,16.2,11.3,5.75,5.97,7.76,2.04,10.7
2022-10-26 15:00:00,19.8,26.4,27.4,28.2,19.4,12.1,12.2,14.4,8.11,20.0
2022-10-26 16:00:00,23.4,32.2,28.9,30.3,22.4,15.7,15.3,16.2,11.9,23.3
2022-10-26 17:00:00,25.6,34.0,30.0,31.4,24.8,19.4,18.4,18.4,15.0,26.6
2022-10-26 18:00:00,23.8,30.1,29.5,29.9,22.5,19.1,16.8,17.0,13.6,25.2
2022-10-26 19:00:00,15.2,15.6,18.1,18.5,13.6,10.5,8.64,7.99,6.94,14.9
2022-10-26 20:00:00,7.40,4.69,10.1,8.04,4.51,4.05,3.21,2.05,4.29,5.41
2022-10-26 21:00:00,13.4,15.1,15.3,14.3,10.9,9.57,7.82,7.27,2.93,10.4
2022-10-26 22:00:00,22.0,27.1,22.5,21.0,20.5,18.4,15.4,14.8,6.94,18.4
2022-10-26 23:00:00,16.2,16.8,18.5,17.7,14.3,13.6,10.6,9.28,2.57,14.1
2022-10-27 00:00:00,15.1,13.2,20.4,17.9,15.4,12.7,11.3,9.89,1.46,13.5
2022-10-27 01:00:00,16.2,14.0,20.8,18.3,15.7,14.0,11.5,10.3,1.69,14.2
2022-10-27 02:00:00,16.6,14.6,22.2,19.0,14.7,15.5,11.6,10.9,2.08,15.3
2022-10-27 03:00:00,18.6,17.6,24.2,21.2,17.4,17.4,13.4,13.2,4.61,17.2
2022-10-27 04:00:00,24.8,28.3,29.5,25.9,23.9,24.4,19.5,18.0,9.96,22.3
2022-10-27 05:00:00,24.0,25.2,30.5,26.1,23.5,24.1,19.2,18.5,9.07,22.8
2022-10-27 06:00:00,22.9,24.7,30.2,25.9,22.3,21.9,17.1,16.7,7.99,20.9
2022-10-27 07:00:00,23.6,22.4,28.4,23.4,23.0,20.7,15.2,17.9,6.49,15.8
2022-10-27 08:00:00,20.6,15.2,22.9,17.5,18.8,15.2,9.32,14.1,2.82,10.6
2022-10-27 09:00:00,16.5,10.9,19.8,16.2,14.1,11.3,5.63,10.7,1.03,5.69
2022-10-27 10:00:00,18.9,18.3,21.4,17.4,14.4,13.5,7.20,9.62,2.00,9.42
2022-10-27 11:00:00,14.0,14.7,17.3,15.9,12.5,10.5,4.65,8.02,1.78,9.28
2022-10-27 12:00:00,14.4,19.6,17.1,15.0,14.8,11.9,9.57,13.2,1.80,11.7
2022-10-27 13:00:00,21.5,26.5,25.7,22.4,17.9,18.3,12.0,16.7,2.73,10.1
2022-10-27 14:00:00,18.9,33.4,27.3,23.7,24.4,18.4,6.91,20.1,3.47,7.02
2022-10-27 15:00:00,34.2,35.4,26.7,22.6,27.1,25.3,24.1,24.6,5.13,29.5
2022-10-27 16:00:00,32.8,37.8,34.8,27.1,27.5,24.2,23.9,24.5,10.3,24.0
2022-10-27 17:00:00,28.3,35.7,34.4,30.2,21.4,23.5,21.8,23.1,8.79,23.9
2022-10-27 18:00:00,32.6,34.2,32.7,31.0,24.7,19.8,22.3,23.4,12.0,27.2
2022-10-27 19:00:00,25.9,25.5,28.2,30.2,26.0,22.5,16.3,19.1,10.4,22.9
2022-10-27 20:00:00,17.8,14.7,25.4,24.0,17.6,13.3,9.10,12.5,5.47,15.9
2022-10-27 21:00:00,12.7,11.8,24.1,21.4,15.0,11.3,6.69,10.0,5.27,17.2
2022-10-27 22:00:00,13.1,10.1,23.1,19.1,13.5,12.3,9.83,9.04,7.45,20.5
2022-10-27 23:00:00,10.5,6.61,20.7,15.8,14.4,11.6,10.2,8.47,6.13,16.5
2022-10-28 00:00:00,8.71,5.47,20.8,16.3,10.2,5.43,4.05,5.37,4.66,7.51
2022-10-28 01:00:00,5.53,1.53,18.4,13.0,10.2,5.49,2.40,5.01,4.07,3.44
2022-10-28 02:00:00,4.60,1.54,16.6,11.6,5.84,2.38,1.22,1.69,3.27,3.07
2022-10-28 03:00:00,2.77,1.42,15.2,9.22,3.15,1.14,1.79,1.55,2.34,2.38
2022-10-28 04:00:00,4.38,1.22,15.2,10.0,1.81,0.615,2.21,1.83,3.17,2.84
2022-10-28 05:00:00,4.72,0.995,16.2,9.82,1.03,0.615,1.76,1.78,2.38,2.65
2022-10-28 06:00:00,2.13,0.997,14.9,8.37,0.803,0.615,1.76,1.78,2.11,4.61
2022-10-28 07:00:00,1.13,0.997,9.41,3.27,0.657,0.615,1.76,1.78,1.25,3.94
2022-10-28 08:00:00,0.517,0.997,8.04,1.61,0.686,0.615,1.76,1.78,0.925,4.94
2022-10-28 09:00:00,1.27,0.997,10.2,3.49,1.04,0.615,1.76,1.83,0.925,4.73
2022-10-28 10:00:00,1.64,1.21,9.83,5.35,1.81,0.615,1.76,1.67,0.988,5.00
2022-10-28 11:00:00,13.2,25.3,22.2,21.0,14.1,7.27,7.23,7.19,7.13,17.1
2022-10-28 12:00:00,17.0,29.9,23.7,22.0,15.0,7.26,10.1,12.5,9.46,13.7
2022-10-28 13:00:00,27.9,36.5,30.5,25.7,22.1,13.0,13.2,17.0,12.1,25.7
2022-10-28 14:00:00,17.8,39.7,31.2,27.8,28.5,12.2,6.45,19.8,12.5,22.2
2022-10-28 15:00:00,35.9,42.2,34.8,27.7,29.1,23.0,26.0,23.8,13.7,35.3
2022-10-28 16:00:00,32.6,42.3,39.6,29.4,28.3,23.3,26.5,21.8,17.4,33.4
2022-10-28 17:00:00,27.9,43.5,39.5,30.0,23.5,25.0,28.1,22.4,17.4,31.9
2022-10-28 18:00:00,31.8,43.7,39.4,37.1,25.7,19.4,25.9,23.1,17.9,34.0
2022-10-28 19:00:00,27.9,36.8,35.9,34.9,30.7,26.3,24.1,22.0,14.8,31.5
2022-10-28 20:00:00,25.2,27.9,29.5,25.4,22.6,18.7,20.5,17.5,13.4,27.7
2022-10-28 21:00:00,20.8,23.9,27.0,22.9,16.4,10.8,18.0,13.4,13.7,27.9
2022-10-28 22:00:00,13.7,10.4,22.9,19.7,10.6,6.29,10.2,8.23,13.5,24.9
2022-10-28 23:00:00,4.40,5.23,14.9,15.7,3.66,0.967,3.52,2.30,14.0,23.7
2022-10-29 00:00:00,6.31,3.55,16.5,14.5,2.85,0.954,3.52,2.59,13.6,23.9
2022-10-29 01:00:00,1.81,2.80,9.64,4.01,1.02,0.954,3.52,2.64,7.13,2.16
2022-10-29 02:00:00,0.592,2.80,8.06,2.23,0.860,0.954,3.52,2.64,7.13,1.67
2022-10-29 03:00:00,0.520,2.80,6.45,0.859,0.573,0.954,3.52,2.64,3.44,2.34
2022-10-29 04:00:00,0.539,2.80,6.39,1.22,0.443,0.954,3.52,2.64,3.43,2.35
2022-10-29 05:00:00,0.552,2.80,7.08,1.92,0.442,0.954,3.52,2.64,3.43,2.35
2022-10-29 06:00:00,0.512,2.80,7.23,2.00,0.442,0.954,3.52,2.64,3.43,2.35
2022-10-29 07:00:00,0.441,2.80,6.21,1.20,0.442,0.954,3.52,2.64,3.43,2.35
2022-10-29 08:00:00,0.444,2.80,4.39,0.522,0.675,0.954,3.52,2.64,3.43,2.35
2022-10-29 09:00:00,0.444,2.80,3.80,0.535,1.33,0.954,3.52,2.64,3.43,2.35
2022-10-29 10:00:00,0.502,2.80,1.37,0.745,1.26,0.954,3.52,2.64,3.43,2.35
2022-10-29 11:00:00,0.572,2.80,1.17,0.650,1.10,0.954,3.52,2.64,3.43,2.35
2022-10-29 12:00:00,0.572,2.47,1.46,3.03,1.42,0.954,3.52,2.64,3.43,2.35
2022-10-29 13:00:00,16.0,11.5,2.94,11.9,3.36,0.954,3.52,2.48,3.43,4.99
2022-10-29 14:00:00,9.63,35.3,12.6,19.1,21.3,0.954,3.52,7.65,1.83,5.21
2022-10-29 15:00:00,43.1,43.3,21.6,21.4,27.6,19.0,25.5,21.5,5.56,39.7
2022-10-29 16:00:00,46.0,54.5,42.6,31.9,31.7,23.6,32.7,26.0,18.5,37.4
2022-10-29 17:00:00,34.0,48.4,41.5,34.5,28.3,27.5,33.5,28.9,25.5,38.1
2022-10-29 18:00:00,37.7,48.0,41.6,39.2,29.7,22.2,33.5,29.1,24.4,41.6
2022-10-29 19:00:00,34.4,51.6,40.6,40.8,39.7,34.4,31.9,29.1,23.2,41.8
2022-10-29 20:00:00,29.9,44.7,36.8,35.2,41.5,38.9,35.5,31.2,26.5,44.6
2022-10-29 21:00:00,26.0,29.4,32.7,28.7,38.2,34.7,33.1,29.7,22.6,40.1
2022-10-29 22:00:00,20.9,22.7,23.3,20.0,35.9,30.9,29.4,27.6,16.5,34.4
2022-10-29 23:00:00,21.6,19.3,21.3,15.7,33.1,28.6,29.3,27.3,19.8,36.6
2022-10-30 00:00:00,5.39,5.36,13.6,12.8,8.68,4.44,14.6,5.67,22.4,33.9
2022-10-30 01:00:00,3.93,4.68,8.12,4.61,3.52,0.984,4.18,1.15,18.4,18.5
2022-10-30 02:00:00,1.18,4.68,8.60,3.08,1.64,1.22,1.57,1.92,13.6,7.35
2022-10-30 03:00:00,1.75,4.68,8.32,2.69,1.39,1.24,1.51,1.89,8.52,1.01
2022-10-30 04:00:00,3.43,4.07,17.8,12.0,7.74,3.58,3.27,4.69,8.52,1.68
2022-10-30 05:00:00,5.11,2.41,15.3,10.7,7.51,4.77,7.03,3.80,8.52,0.996
2022-10-30 06:00:00,2.00,2.54,9.09,4.39,1.57,2.45,5.74,1.49,8.23,0.896
2022-10-30 07:00:00,1.12,2.53,6.43,1.33,1.88,2.45,5.74,1.50,3.52,2.12
2022-10-30 08:00:00,1.83,5.25,13.3,10.1,6.09,2.96,6.10,3.04,5.61,15.6
2022-10-30 09:00:00,6.44,10.4,22.0,17.1,18.7,9.88,9.07,8.86,5.16,20.0
2022-10-30 10:00:00,10.6,9.31,19.4,14.1,11.9,4.27,4.11,4.26,0.933,10.0
2022-10-30 11:00:00,6.39,6.18,16.4,10.2,6.31,1.36,0.831,1.70,0.369,4.12
2022-10-30 12:00:00,2.94,8.33,6.83,5.65,2.08,0.955,0.629,2.52,0.369,1.77
2022-10-30 13:00:00,11.9,9.14,4.63,3.73,2.73,1.25,0.650,2.22,0.467,5.66
2022-10-30 14:00:00,8.64,14.2,8.57,10.7,6.97,1.70,0.650,4.04,1.04,8.03
2022-10-30 15:00:00,32.2,35.8,11.3,11.9,21.0,14.5,15.4,19.5,6.90,26.1
2022-10-30 16:00:00,39.3,51.7,33.7,33.4,27.2,24.3,26.4,23.2,21.4,35.0
2022-10-30 17:00:00,40.2,58.6,42.0,39.5,37.8,34.2,35.8,34.4,31.9,45.5
2022-10-30 18:00:00,46.2,69.4,49.4,42.5,36.1,36.9,38.8,35.1,28.4,41.6
2022-10-30 19:00:00,43.0,61.2,47.7,44.3,47.4,45.6,42.0,38.6,29.2,46.8
2022-10-30 20:00:00,42.3,59.2,52.5,44.9,50.1,47.3,45.9,41.0,28.6,48.7
2022-10-30 21:00:00,35.9,49.8,43.1,37.2,45.7,42.2,41.8,37.8,31.4,47.5
2022-10-30 22:00:00,19.8,25.7,27.6,23.3,28.7,26.2,28.0,24.9,27.3,35.4
2022-10-30 23:00:00,9.21,5.94,15.3,9.33,9.45,6.57,3.95,6.75,6.57,7.56
2022-10-31 00:00:00,2.04,0.842,9.66,5.99,3.13,1.38,1.06,1.84,2.92,2.02
2022-10-31 01:00:00,0.627,0.832,5.73,0.963,0.941,1.33,1.02,1.26,2.92,1.15
2022-10-31 02:00:00,0.594,0.832,3.72,0.484,1.26,1.33,1.02,1.26,2.92,1.12
2022-10-31 03:00:00,0.549,0.832,4.87,0.494,1.26,1.33,1.02,1.26,2.92,1.12
2022-10-31 04:00:00,0.271,0.832,4.96,0.414,1.26,1.33,1.02,1.26,2.92,1.12
2022-10-31 05:00:00,0.282,0.832,3.77,0.357,1.27,1.33,1.02,1.26,2.38,2.82
2022-10-31 06:00:00,0.325,0.832,4.60,0.452,4.90,2.46,2.77,3.81,8.26,17.8
2022-10-31 07:00:00,1.10,1.48,7.01,1.20,11.8,4.78,7.40,8.93,7.26,17.5
2022-10-31 08:00:00,1.46,3.00,4.59,1.73,8.09,3.29,4.42,5.91,4.08,8.63
2022-10-31 09:00:00,1.76,1.59,9.13,3.41,16.8,9.53,10.3,10.7,4.90,14.7
2022-10-31 10:00:00,0.980,1.30,8.03,2.68,2.49,5.33,18.6,1.61,3.25,4.33
2022-10-31 11:00:00,0.823,1.29,4.97,0.997,1.74,5.33,24.1,1.91,3.24,1.71
2022-10-31 12:00:00,4.09,6.81,10.8,5.53,3.55,5.05,21.9,2.04,3.24,3.82
2022-10-31 13:00:00,11.7,17.4,17.4,13.0,10.8,3.94,3.23,4.63,2.38,11.0
2022-10-31 14:00:00,10.5,17.1,18.4,14.1,13.2,3.80,3.91,5.95,2.01,7.92
2022-10-31 15:00:00,15.8,23.5,19.0,15.3,14.8,5.98,6.02,9.82,1.36,12.3
2022-10-31 16:00:00,17.6,30.0,23.8,19.8,16.3,8.53,8.80,10.8,4.52,16.2
2022-10-31 17:00:00,20.1,32.8,23.2,21.9,18.6,12.7,14.4,13.7,6.26,19.3
2022-10-31 18:00:00,22.8,35.6,29.3,24.5,21.8,16.7,18.5,15.9,9.54,24.7
2022-10-31 19:00:00,24.0,35.6,31.0,25.5,26.9,22.2,22.0,21.4,12.9,27.8
2022-10-31 20:00:00,18.7,24.3,23.6,17.5,18.9,12.5,14.9,14.6,8.13,21.8
2022-10-31 21:00:00,13.1,14.7,19.1,13.6,10.4,4.79,9.44,8.53,4.19,10.4
2022-10-31 22:00:00,8.46,8.64,13.2,8.96,5.11,1.62,3.07,2.52,4.05,1.38
2022-10-31 23:00:00,1.69,2.78,6.16,3.12,2.89,1.17,1.83,2.18,3.09,5.73
2022-11-01 00:00:00,0.619,2.83,3.74,1.26,1.68,1.17,1.83,2.18,2.83,3.90
2022-11-01 01:00:00,0.517,2.83,1.68,0.543,1.72,1.17,1.83,2.18,2.83,3.90
2022-11-01 02:00:00,0.517,2.83,1.25,0.461,1.72,1.17,1.83,2.18,2.83,3.90
2022-11-01 03:00:00,0.517,2.83,0.752,0.360,1.67,1.17,1.83,2.18,2.83,3.90
2022-11-01 04:00:00,0.517,2.83,0.735,0.526,1.42,1.17,1.83,2.18,2.83,3.90
2022-11-01 05:00:00,0.517,2.83,1.42,1.87,1.63,1.17,1.83,2.18,2.83,3.90
2022-11-01 06:00:00,0.517,2.83,0.595,1.49,1.55,1.17,1.83,2.18,2.83,3.90
2022-11-01 07:00:00,0.517,2.83,0.545,1.36,1.55,1.17,1.83,2.18,2.83,3.90
2022-11-01 08:00:00,0.517,3.49,0.545,1.36,1.55,1.17,1.83,2.59,2.83,3.90
2022-11-01 09:00:00,0.517,4.93,0.545,1.36,1.55,1.17,1.83,2.63,2.83,3.90
2022-11-01 10:00:00,0.517,4.92,0.545,1.36,1.55,1.17,1.83,2.63,2.83,3.90
2022-11-01 11:00:00,0.517,4.92,0.545,1.36,1.55,1.17,1.83,2.63,2.83,3.90
2022-11-01 12:00:00,0.517,4.92,0.545,1.36,1.55,1.17,1.83,2.63,2.83,3.90
2022-11-01 13:00:00,1.05,6.31,0.545,1.36,1.55,1.17,1.83,2.63,2.83,3.90
2022-11-01 14:00:00,1.95,28.4,0.621,1.32,9.87,1.71,1.83,7.81,2.83,4.28
2022-11-01 15:00:00,40.8,50.4,9.67,4.95,29.7,20.1,25.3,25.8,3.84,28.5
2022-11-01 16:00:00,29.3,27.5,22.1,19.6,19.6,11.9,22.3,14.5,11.1,25.6
2022-11-01 17:00:00,24.1,31.5,24.6,30.8,13.8,9.72,18.4,14.3,15.0,24.3
2022-11-01 18:00:00,23.9,32.1,22.0,32.2,14.3,7.73,16.5,15.3,11.8,23.7
2022-11-01 19:00:00,14.3,28.3,19.8,28.4,23.2,11.6,11.6,13.3,4.92,17.1
2022-11-01 20:00:00,12.0,19.2,11.2,9.87,10.2,2.82,2.96,4.58,1.19,4.21
2022-11-01 21:00:00,10.2,15.7,8.33,7.09,10.9,4.24,4.43,6.99,2.89,8.40
2022-11-01 22:00:00,19.3,30.6,17.2,13.6,20.6,12.0,14.5,17.0,7.32,15.6
2022-11-01 23:00:00,18.7,27.9,17.8,13.0,20.2,10.2,11.5,15.6,7.10,12.5
2022-11-02 00:00:00,10.2,9.95,12.5,10.6,13.2,6.03,5.33,8.74,3.13,6.51
2022-11-02 01:00:00,5.98,1.54,11.9,8.63,24.6,17.4,15.9,19.3,1.51,6.79
2022-11-02 02:00:00,8.27,7.47,13.0,8.74,23.4,17.3,15.9,19.8,3.46,2.97
2022-11-02 03:00:00,8.95,9.68,8.98,4.84,25.6,15.0,15.9,20.0,4.66,2.39
2022-11-02 04:00:00,5.32,3.92,8.18,3.42,13.6,8.58,6.40,9.45,6.15,2.50
2022-11-02 05:00:00,21.2,30.8,7.51,5.84,22.3,11.5,9.78,14.2,5.65,5.14
2022-11-02 06:00:00,14.3,17.0,10.3,8.76,21.6,8.01,7.37,13.7,4.21,5.12
2022-11-02 07:00:00,6.88,6.25,8.03,6.00,11.6,3.01,1.60,6.59,1.78,2.33
2022-11-02 08:00:00,1.48,4.01,3.98,1.12,2.99,4.96,3.17,4.40,1.71,1.55
2022-11-02 09:00:00,0.968,4.01,1.93,0.686,1.01,4.96,3.17,3.61,1.71,1.53
2022-11-02 10:00:00,0.978,4.01,1.80,0.678,0.788,4.96,3.17,3.61,1.71,1.53
2022-11-02 11:00:00,1.11,4.23,1.59,0.672,1.70,4.96,3.17,3.34,1.71,1.53
2022-11-02 12:00:00,1.12,9.40,1.85,1.04,3.82,4.96,3.17,2.16,1.71,1.53
2022-11-02 13:00:00,13.1,14.1,2.41,6.96,3.69,4.96,3.17,1.36,1.71,4.90
2022-11-02 14:00:00,8.57,26.8,13.4,13.1,18.7,5.05,3.17,6.98,1.63,7.82
2022-11-02 15:00:00,45.6,50.1,34.2,25.7,34.7,24.3,31.2,27.6,12.3,44.3
2022-11-02 16:00:00,39.0,52.8,42.6,27.8,33.3,25.1,38.5,27.0,20.3,38.6
2022-11-02 17:00:00,39.7,70.8,45.2,35.5,36.6,33.9,40.6,33.5,23.0,37.5
2022-11-02 18:00:00,40.9,63.4,39.5,39.3,41.5,35.4,40.6,37.9,23.3,40.2
2022-11-02 19:00:00,30.3,37.6,39.9,40.5,43.0,35.3,34.4,32.4,17.4,37.0
2022-11-02 20:00:00,28.2,38.3,37.6,36.8,33.2,26.0,26.9,26.2,16.4,33.1
2022-11-02 21:00:00,28.1,37.4,34.9,31.8,26.0,19.9,20.1,18.2,13.8,27.2
2022-11-02 22:00:00,33.0,45.6,38.8,36.5,33.5,28.5,25.3,24.2,19.3,35.4
2022-11-02 23:00:00,37.7,53.6,43.4,38.8,37.3,31.6,30.8,28.6,23.6,37.9
2022-11-03 00:00:00,34.9,50.4,41.4,37.2,31.8,26.6,28.2,25.8,21.3,34.6
2022-11-03 01:00:00,35.0,49.8,43.1,38.5,35.2,29.2,26.5,26.7,17.0,30.6
2022-11-03 02:00:00,29.1,38.6,38.2,33.7,29.2,25.9,22.1,21.6,14.4,28.7
2022-11-03 03:00:00,26.5,32.6,33.7,29.0,24.3,19.9,17.1,17.1,10.9,22.1
2022-11-03 04:00:00,24.1,28.7,29.7,25.8,19.1,15.6,14.3,12.7,9.15,21.3
2022-11-03 05:00:00,12.4,9.97,17.7,14.9,10.0,6.25,3.41,3.94,1.77,11.4
2022-11-03 06:00:00,14.0,12.0,20.0,18.7,14.9,12.5,8.60,8.70,5.64,17.0
2022-11-03 07:00:00,19.2,19.2,23.1,21.9,17.6,13.6,10.0,10.9,5.96,17.5
2022-11-03 08:00:00,15.4,12.2,16.0,16.5,12.3,9.11,4.06,5.51,3.21,14.6
2022-11-03 09:00:00,7.66,4.43,10.4,9.73,6.52,3.49,3.11,2.72,1.76,5.34
2022-11-03 10:00:00,5.99,3.33,6.34,6.49,4.20,2.25,2.40,1.79,1.75,3.27
2022-11-03 11:00:00,4.50,2.50,4.69,5.10,2.64,1.90,2.42,1.81,1.75,1.87
2022-11-03 12:00:00,12.8,11.0,8.78,10.3,7.86,4.60,3.77,4.59,4.02,8.82
2022-11-03 13:00:00,32.4,38.2,28.2,30.2,24.2,15.7,12.5,18.5,14.7,27.8
2022-11-03 14:00:00,21.1,21.7,17.8,19.8,11.5,5.17,3.64,8.38,4.90,14.7
2022-11-03 15:00:00,10.3,6.33,12.3,10.1,4.52,1.35,2.73,2.17,1.12,6.26
2022-11-03 16:00:00,10.4,8.64,14.8,11.7,6.32,1.66,2.52,2.99,0.990,6.78
2022-11-03 17:00:00,13.1,14.0,16.2,11.9,7.08,1.67,2.14,4.60,1.42,9.01
2022-11-03 18:00:00,10.3,13.6,15.2,6.82,3.89,1.56,2.62,4.11,4.13,11.5
2022-11-03 19:00:00,15.7,19.4,15.1,16.1,19.1,9.75,9.70,12.9,5.17,19.0
2022-11-03 20:00:00,3.91,3.17,10.6,7.24,11.0,7.04,4.08,12.4,5.71,14.1
2022-11-03 21:00:00,5.74,6.65,11.5,7.14,5.89,5.60,3.25,6.20,2.07,6.07
2022-11-03 22:00:00,20.3,25.1,26.3,23.3,15.2,10.8,9.43,8.24,5.65,19.8
2022-11-03 23:00:00,23.9,31.5,31.9,28.0,22.2,16.8,14.3,14.8,9.13,23.5
2022-11-04 00:00:00,23.9,30.6,30.0,26.8,20.7,16.3,14.2,14.0,8.95,21.4
2022-11-04 01:00:00,18.8,22.3,26.4,22.6,14.3,10.4,10.0,7.53,4.90,16.9
2022-11-04 02:00:00,14.4,15.4,21.8,18.6,9.60,5.91,4.57,4.34,1.36,11.2
2022-11-04 03:00:00,14.5,14.1,20.1,16.4,10.6,5.79,7.49,5.73,0.740,9.11
2022-11-04 04:00:00,12.5,11.8,19.7,16.5,11.1,6.90,5.48,5.66,3.08,14.0
2022-11-04 05:00:00,17.5,20.4,26.4,22.7,17.3,12.3,12.9,10.6,6.96,20.2
2022-11-04 06:00:00,14.2,15.3,23.7,19.1,10.8,6.44,8.59,6.52,5.34,18.1
2022-11-04 07:00:00,7.21,2.84,13.7,9.38,3.79,1.24,1.60,1.24,1.18,7.61
2022-11-04 08:00:00,2.56,1.07,7.71,4.38,0.650,0.678,0.676,0.686,0.959,3.62
2022-11-04 09:00:00,0.705,1.08,5.28,2.27,0.463,0.678,0.675,1.31,1.84,6.75
2022-11-04 10:00:00,0.643,1.08,2.56,2.07,0.455,0.678,6.01,1.46,1.26,3.90
2022-11-04 11:00:00,0.889,2.80,2.90,0.975,2.24,0.678,6.19,1.63,1.13,2.00
2022-11-04 12:00:00,2.19,9.04,2.89,9.12,4.86,0.678,5.44,1.71,0.703,3.35
2022-11-04 13:00:00,15.0,16.8,2.53,15.7,4.52,0.678,4.84,1.83,1.94,9.05
2022-11-04 14:00:00,21.2,32.7,12.2,23.5,16.9,1.92,5.98,10.1,7.38,16.0
2022-11-04 15:00:00,40.9,48.3,26.0,34.1,29.3,13.9,24.1,22.9,15.9,33.8
2022-11-04 16:00:00,44.2,63.3,31.9,38.3,35.4,21.8,28.6,28.3,23.7,36.3
2022-11-04 17:00:00,49.6,81.0,40.0,41.2,42.3,34.6,41.5,36.9,31.2,41.5
2022-11-04 18:00:00,60.2,92.4,51.6,60.3,54.1,46.2,49.8,47.1,39.9,55.9
2022-11-04 19:00:00,57.5,89.9,52.3,61.7,54.1,47.6,50.5,46.9,40.1,56.0
2022-11-04 20:00:00,56.0,84.3,43.2,55.1,53.9,49.4,48.1,47.6,38.9,54.3
2022-11-04 21:00:00,48.2,73.1,44.1,51.8,49.1,44.9,45.0,44.0,35.6,49.8
2022-11-04 22:00:00,40.9,53.0,42.6,49.1,46.5,42.1,42.9,40.2,32.7,46.9
2022-11-04 23:00:00,42.2,65.6,38.1,46.5,48.4,42.9,44.1,41.3,32.0,45.2
2022-11-05 00:00:00,44.4,65.8,36.9,46.2,46.7,41.1,44.2,40.8,30.0,43.3
2022-11-05 01:00:00,43.3,66.3,39.6,46.0,45.8,39.3,43.2,38.9,30.3,42.7
2022-11-05 02:00:00,44.8,67.6,40.7,46.3,47.5,41.7,43.6,39.2,29.5,41.5
2022-11-05 03:00:00,46.0,69.1,42.9,48.1,47.7,42.9,44.6,40.9,29.4,42.6
2022-11-05 04:00:00,44.8,67.6,43.6,47.0,46.9,42.5,43.7,40.1,30.1,44.3
2022-11-05 05:00:00,40.8,62.0,40.1,43.2,41.2,37.4,33.4,34.7,27.3,40.5
2022-11-05 06:00:00,37.8,56.2,37.1,39.7,37.2,33.5,34.7,31.0,23.4,35.4
2022-11-05 07:00:00,35.5,50.8,35.0,38.1,32.8,28.9,31.8,28.0,21.0,32.6
2022-11-05 08:00:00,33.5,47.5,32.9,37.0,31.2,27.4,30.1,26.5,19.9,30.0
2022-11-05 09:00:00,31.2,42.4,30.2,35.2,29.4,24.4,27.3,23.6,17.5,25.6
2022-11-05 10:00:00,30.0,41.2,21.9,31.5,28.5,20.4,22.2,21.8,16.1,24.3
2022-11-05 11:00:00,27.8,41.7,20.0,30.7,27.2,20.3,21.5,19.9,15.8,22.8
2022-11-05 12:00:00,30.2,44.2,21.7,32.5,25.6,17.1,21.2,17.5,16.1,22.0
2022-11-05 13:00:00,29.8,48.0,17.7,30.2,24.9,16.3,19.2,17.1,16.5,18.2
2022-11-05 14:00:00,19.4,53.5,17.0,29.2,28.0,13.1,10.6,16.8,14.7,14.4
2022-11-05 15:00:00,36.9,61.3,18.9,29.0,29.3,21.9,23.9,21.5,16.2,26.9
2022-11-05 16:00:00,42.8,69.6,28.3,26.5,30.4,24.5,37.2,22.8,21.8,19.1
2022-11-05 17:00:00,40.1,75.4,32.2,39.5,36.3,29.8,41.7,28.3,28.4,30.9
2022-11-05 18:00:00,44.2,78.6,35.5,49.1,32.4,28.2,37.3,27.2,26.3,33.0
2022-11-05 19:00:00,42.9,78.4,36.8,48.4,37.8,30.7,37.0,26.5,24.5,33.2
2022-11-05 20:00:00,43.0,78.9,38.9,47.9,38.5,31.6,37.2,27.7,25.5,35.8
2022-11-05 21:00:00,41.8,74.1,39.5,46.8,38.0,30.3,37.1,27.6,25.5,35.3
2022-11-05 22:00:00,39.8,68.8,38.3,45.2,35.9,28.7,34.8,25.2,23.3,33.4
2022-11-05 23:00:00,40.0,67.2,37.7,45.5,42.3,33.8,37.8,31.5,27.9,37.3
2022-11-06 00:00:00,39.5,65.7,39.7,45.8,40.3,31.7,37.5,29.2,25.7,35.7
2022-11-06 01:00:00,42.5,68.6,49.8,52.1,49.0,41.6,45.2,36.4,28.9,45.2
2022-11-06 01:00:00,36.9,61.8,47.0,48.2,42.9,36.3,38.1,33.2,24.9,39.9
2022-11-06 02:00:00,27.1,44.4,34.2,36.0,30.7,27.1,26.6,22.7,17.8,30.1
2022-11-06 03:00:00,22.4,34.8,28.4,30.8,25.9,24.5,23.1,19.7,15.5,27.0
2022-11-06 04:00:00,26.9,39.1,30.9,32.8,27.9,29.4,26.6,24.4,18.2,29.1
2022-11-06 05:00:00,29.7,44.6,30.3,32.7,29.4,32.0,27.6,25.7,20.3,27.4
2022-11-06 06:00:00,35.4,51.2,31.0,35.7,33.9,37.5,32.6,31.5,24.8,32.9
2022-11-06 07:00:00,38.0,54.3,35.7,40.0,37.6,39.9,35.3,34.1,25.9,36.5
2022-11-06 08:00:00,36.3,52.4,35.1,38.4,36.3,36.8,33.6,32.1,24.9,35.7
2022-11-06 09:00:00,35.4,51.0,26.0,32.1,34.0,34.9,31.1,30.0,22.8,31.4
2022-11-06 10:00:00,33.3,50.8,26.4,34.4,32.9,34.0,29.5,29.3,23.9,30.9
2022-11-06 11:00:00,30.7,52.6,30.0,38.7,35.0,33.7,30.8,31.6,26.5,27.7
2022-11-06 12:00:00,41.1,57.8,29.0,39.2,36.0,34.4,30.8,32.4,27.8,36.9
2022-11-06 13:00:00,28.6,68.2,30.8,40.8,43.7,31.4,13.7,35.4,29.5,29.0
2022-11-06 14:00:00,57.6,72.0,43.5,48.0,45.0,47.0,45.6,42.1,35.0,51.9
2022-11-06 15:00:00,49.8,69.1,48.8,53.9,45.7,41.6,49.7,37.2,32.4,45.4
2022-11-06 16:00:00,49.4,71.8,50.1,53.4,46.0,42.6,45.3,39.9,34.0,46.5
2022-11-06 17:00:00,45.7,71.7,45.2,49.1,45.2,43.7,41.6,40.1,34.0,44.2
2022-11-06 18:00:00,46.9,74.3,47.3,51.3,49.6,49.4,46.8,44.1,36.7,47.5
2022-11-06 19:00:00,47.4,74.9,47.4,50.6,49.3,48.3,44.7,43.3,35.2,45.5
2022-11-06 20:00:00,47.2,72.5,46.8,49.7,49.2,47.6,44.4,43.2,33.9,46.4
2022-11-06 21:00:00,42.4,67.4,43.3,46.0,46.1,44.0,40.1,39.6,29.3,42.1
2022-11-06 22:00:00,42.8,65.3,43.0,43.8,42.7,40.8,37.0,36.1,27.1,39.9
2022-11-06 23:00:00,41.7,62.8,41.0,42.5,41.9,39.4,36.2,35.0,26.3,38.3
2022-11-07 00:00:00,38.2,54.0,42.2,41.3,42.3,40.4,37.3,34.8,24.7,39.9
2022-11-07 01:00:00,34.1,49.1,40.9,38.2,37.9,36.4,33.4,30.9,20.7,34.5
2022-11-07 02:00:00,28.9,42.2,30.4,28.1,29.2,27.5,24.2,22.2,13.3,24.0
2022-11-07 03:00:00,30.1,43.0,26.9,24.9,28.0,27.4,24.1,22.1,13.8,23.3
2022-11-07 04:00:00,36.2,50.8,34.0,33.0,35.8,35.3,31.9,28.5,19.8,31.4
2022-11-07 05:00:00,35.8,49.4,35.7,34.4,35.9,35.5,32.3,29.5,20.6,32.7
2022-11-07 06:00:00,34.6,47.1,35.1,32.6,34.5,34.2,30.5,28.6,20.1,31.4
2022-11-07 07:00:00,30.3,40.0,30.6,29.2,31.2,29.9,26.1,25.1,16.1,27.6
2022-11-07 08:00:00,25.3,32.6,24.7,25.4,27.5,25.3,21.9,21.2,11.7,24.5
2022-11-07 09:00:00,26.8,35.8,16.5,19.3,27.8,26.8,23.0,22.6,13.0,23.6
2022-11-07 10:00:00,23.6,39.7,19.5,23.5,31.7,31.9,26.4,25.7,16.6,24.0
2022-11-07 11:00:00,31.2,47.1,26.2,27.3,34.5,34.9,30.5,30.4,20.6,16.9
2022-11-07 12:00:00,39.6,52.1,30.6,32.9,33.3,35.7,28.1,32.0,20.8,31.3
2022-11-07 13:00:00,33.0,53.6,35.0,35.3,44.8,39.6,28.3,35.0,23.7,38.2
2022-11-07 14:00:00,47.6,54.6,41.4,34.0,44.6,43.6,43.7,37.4,25.3,45.7
2022-11-07 15:00:00,45.7,58.3,46.5,39.5,45.9,43.4,42.3,37.4,28.0,42.4
2022-11-07 16:00:00,37.4,52.2,44.8,41.8,41.2,41.5,37.9,34.9,24.7,38.1
2022-11-07 17:00:00,34.1,44.0,40.7,41.0,36.5,33.3,31.6,29.1,18.5,34.7
2022-11-07 18:00:00,29.7,38.3,36.9,36.8,33.8,31.1,28.1,26.2,15.4,31.4
2022-11-07 19:00:00,24.4,29.8,31.4,30.4,26.7,26.1,22.3,19.9,11.6,26.1
2022-11-07 20:00:00,19.9,22.9,27.2,25.7,21.5,20.2,16.2,14.9,7.73,22.0
2022-11-07 21:00:00,15.6,14.4,20.3,18.9,17.0,15.0,11.2,9.83,3.39,15.7
2022-11-07 22:00:00,15.3,13.2,20.7,18.1,18.4,15.2,12.3,10.3,2.34,14.1
2022-11-07 23:00:00,14.4,10.9,20.9,17.3,16.1,13.9,10.3,8.28,1.51,14.7
2022-11-08 00:00:00,13.2,9.60,21.5,17.1,15.2,12.0,8.97,7.22,1.05,14.3
2022-11-08 01:00:00,11.2,6.70,19.9,15.4,12.5,9.05,6.17,4.74,0.873,10.8
2022-11-08 02:00:00,12.3,9.61,21.8,17.7,14.5,10.1,8.39,6.17,0.799,13.0
2022-11-08 03:00:00,12.0,6.63,21.3,17.3,14.4,11.0,8.91,6.30,0.809,13.2
2022-11-08 04:00:00,10.1,6.26,19.6,16.4,12.9,9.68,6.88,5.09,0.833,12.2
2022-11-08 05:00:00,6.32,1.98,17.1,13.6,6.33,3.85,1.94,1.46,0.737,5.03
2022-11-08 06:00:00,3.94,1.43,16.2,11.8,2.24,0.880,0.894,0.923,0.737,2.21
2022-11-08 07:00:00,6.05,1.23,16.3,11.6,4.01,1.46,0.856,0.917,0.737,2.43
2022-11-08 08:00:00,3.78,1.16,12.2,7.71,5.01,1.48,0.738,0.909,0.737,3.51
2022-11-08 09:00:00,6.16,1.73,12.8,6.97,4.01,1.57,0.899,1.02,0.737,3.96
2022-11-08 10:00:00,7.61,6.59,17.1,11.1,9.06,5.37,4.06,3.13,0.737,8.37
2022-11-08 11:00:00,10.6,20.5,20.3,17.8,12.2,9.54,7.97,8.44,2.12,4.82
2022-11-08 12:00:00,26.4,29.1,21.7,20.4,9.20,12.6,8.87,12.9,3.47,12.4
2022-11-08 13:00:00,17.1,33.5,24.8,20.6,22.3,13.2,5.75,16.9,4.32,15.6
2022-11-08 14:00:00,40.5,37.2,31.0,22.6,23.9,18.8,23.6,22.2,7.61,28.0
2022-11-08 15:00:00,35.7,38.7,34.9,26.7,26.0,23.3,26.8,23.4,13.3,27.5
2022-11-08 16:00:00,27.1,37.1,37.4,30.3,21.5,14.9,16.4,18.5,13.4,23.6
2022-11-08 17:00:00,31.5,39.5,40.9,39.0,25.5,15.8,15.1,22.1,15.1,32.5
2022-11-08 18:00:00,25.7,33.4,36.3,33.7,29.5,24.7,21.6,22.7,14.2,27.1
2022-11-08 19:00:00,22.8,30.9,27.1,24.6,27.7,24.1,22.0,20.5,14.2,27.0
2022-11-08 20:00:00,19.7,24.7,25.4,20.6,26.9,23.0,20.8,19.1,11.5,25.0
2022-11-08 21:00:00,15.4,24.1,22.9,17.5,23.6,18.6,19.3,17.0,9.51,23.2
2022-11-08 22:00:00,14.7,15.3,26.1,20.1,15.2,14.2,16.6,10.2,11.0,24.9
2022-11-08 23:00:00,7.67,7.19,22.3,16.8,10.2,6.78,12.6,7.33,9.91,23.1
2022-11-09 00:00:00,24.4,31.9,35.7,30.2,9.45,9.06,12.5,6.06,14.2,31.1
2022-11-09 01:00:00,29.0,36.8,36.9,32.1,24.5,25.4,21.2,17.4,15.0,31.3
2022-11-09 02:00:00,31.4,39.6,38.2,34.0,27.3,27.1,22.9,19.6,15.6,30.7
2022-11-09 03:00:00,32.5,41.5,38.2,34.8,30.4,29.2,24.3,22.2,16.0,31.5
2022-11-09 04:00:00,33.2,41.2,41.2,35.8,33.8,32.2,27.0,25.6,18.0,34.1
2022-11-09 05:00:00,34.0,42.4,40.1,35.0,32.9,31.3,26.4,25.2,18.1,34.4
2022-11-09 06:00:00,34.2,42.5,40.3,35.0,32.7,30.8,26.3,24.8,17.6,33.2
2022-11-09 07:00:00,32.0,42.0,38.1,33.1,31.4,27.0,25.1,23.9,17.7,31.8
2022-11-09 08:00:00,31.1,41.0,35.4,31.6,28.0,22.8,20.9,20.9,16.5,30.3
2022-11-09 09:00:00,29.3,42.1,32.0,28.7,29.2,25.0,21.7,21.4,17.8,30.7
2022-11-09 10:00:00,24.6,43.4,33.1,30.6,27.3,22.5,21.7,20.0,16.3,28.8
2022-11-09 11:00:00,19.9,43.5,27.6,25.8,21.5,18.2,17.9,16.2,16.2,11.4
2022-11-09 12:00:00,28.8,42.9,24.5,26.3,12.2,16.5,11.7,14.9,12.1,18.5
2022-11-09 13:00:00,18.2,42.3,25.6,24.8,24.8,9.44,5.71,15.1,10.5,20.4
2022-11-09 14:00:00,39.5,39.9,28.7,22.9,25.1,20.4,25.6,21.0,13.6,35.8
2022-11-09 15:00:00,35.7,41.6,31.3,23.5,27.2,21.0,28.1,21.4,20.1,32.8
2022-11-09 16:00:00,24.0,34.4,32.6,22.7,15.5,15.7,18.7,11.5,10.4,20.6
2022-11-09 17:00:00,29.6,40.2,37.4,33.9,27.8,24.2,22.7,24.9,18.2,36.5
2022-11-09 18:00:00,23.7,29.8,33.2,29.4,29.7,27.5,24.6,24.6,16.7,33.6
2022-11-09 19:00:00,27.2,35.5,35.6,32.4,33.9,32.6,29.9,26.3,22.5,39.4
2022-11-09 20:00:00,25.0,34.1,31.9,27.4,24.2,21.4,22.2,17.7,21.0,36.7
2022-11-09 21:00:00,24.8,33.2,26.6,26.8,15.8,11.1,18.3,13.7,18.4,30.1
2022-11-09 22:00:00,20.2,20.4,15.7,9.73,17.5,9.90,9.85,14.6,9.39,17.9
2022-11-09 23:00:00,9.51,4.96,10.4,6.08,29.3,23.5,21.4,23.6,18.3,31.3
2022-11-10 00:00:00,3.95,2.58,8.70,2.92,24.8,21.2,19.0,19.9,11.6,25.7
2022-11-10 01:00:00,3.47,2.36,11.6,7.19,20.2,16.9,15.2,15.3,7.89,21.7
2022-11-10 02:00:00,5.53,1.98,14.2,11.5,17.2,14.4,12.7,12.4,3.06,13.2
2022-11-10 03:00:00,12.3,11.1,17.9,17.2,22.7,19.9,18.5,17.4,8.12,19.5
2022-11-10 04:00:00,19.0,19.3,21.6,21.9,24.6,21.7,20.8,19.5,11.8,24.1
2022-11-10 05:00:00,16.3,10.3,18.9,17.7,22.1,20.9,18.7,18.4,9.96,21.1
2022-11-10 06:00:00,5.94,3.22,12.1,12.8,16.7,15.0,13.2,13.5,4.45,12.1
2022-11-10 07:00:00,5.47,4.66,16.6,18.2,20.4,17.8,16.1,16.1,8.37,18.2
2022-11-10 08:00:00,12.9,11.9,15.4,19.3,19.5,18.5,16.2,16.7,8.20,19.1
2022-11-10 09:00:00,13.8,18.0,14.0,19.6,20.1,16.4,15.7,16.1,8.59,18.1
2022-11-10 10:00:00,11.1,21.0,7.48,17.8,18.3,14.0,13.4,13.7,9.64,16.5
2022-11-10 11:00:00,15.0,36.4,16.8,28.0,23.9,17.0,19.7,21.3,17.4,10.7
2022-11-10 12:00:00,39.2,51.9,25.0,36.5,27.9,22.2,19.5,25.8,23.5,32.9
2022-11-10 13:00:00,33.2,70.2,35.4,45.1,49.1,25.8,14.3,35.2,29.7,40.4
2022-11-10 14:00:00,60.0,72.7,45.6,45.8,50.0,40.5,47.9,40.5,32.5,54.6
2022-11-10 15:00:00,58.0,76.6,53.0,50.6,49.3,32.0,51.2,41.9,38.6,53.2
2022-11-10 16:00:00,53.7,78.9,53.2,59.6,47.9,36.7,44.8,40.7,39.5,53.1
2022-11-10 17:00:00,55.2,80.4,54.1,61.8,53.0,46.4,52.0,45.8,39.9,54.6
2022-11-10 18:00:00,51.6,78.2,52.6,60.1,52.2,47.4,49.2,44.7,39.4,54.3
2022-11-10 19:00:00,39.7,50.9,41.2,46.1,40.0,35.5,36.1,34.0,29.4,41.8
2022-11-10 20:00:00,29.6,38.2,38.1,41.9,37.5,34.8,33.5,31.8,27.6,41.0
2022-11-10 21:00:00,29.9,34.5,36.8,39.5,39.6,37.7,36.0,33.6,27.3,39.3
2022-11-10 22:00:00,29.1,35.5,31.0,34.3,38.0,35.1,34.5,32.6,24.2,35.6
2022-11-10 23:00:00,36.1,53.0,38.9,42.4,43.3,39.8,40.2,36.4,27.8,41.3
2022-11-11 00:00:00,35.6,50.8,37.6,38.7,37.7,35.1,35.1,30.6,24.2,38.3
2022-11-11 01:00:00,33.4,45.9,34.5,36.0,37.7,34.0,34.7,30.5,21.4,35.2
2022-11-11 02:00:00,31.4,44.7,35.6,36.3,35.5,33.4,33.5,29.5,21.9,35.4
2022-11-11 03:00:00,27.8,35.3,34.6,36.8,36.1,34.3,33.3,29.8,22.8,36.0
2022-11-11 04:00:00,27.8,35.6,36.4,37.6,38.1,36.9,35.8,32.0,25.2,38.8
2022-11-11 05:00:00,32.8,43.4,35.6,38.1,41.4,37.7,37.7,33.5,24.4,37.6
2022-11-11 06:00:00,30.6,39.1,35.0,34.8,37.0,33.4,34.4,29.3,21.3,34.4
2022-11-11 07:00:00,21.0,24.5,28.8,24.6,24.2,17.6,20.7,18.5,13.9,26.5
2022-11-11 08:00:00,13.2,11.6,16.1,12.2,9.34,9.85,8.22,6.39,7.99,18.2
2022-11-11 09:00:00,10.4,9.69,12.7,9.45,1.79,5.34,2.01,2.58,3.08,8.47
2022-11-11 10:00:00,4.84,2.27,7.14,4.41,3.70,5.34,1.41,2.13,2.26,2.55
2022-11-11 11:00:00,8.79,12.0,11.2,10.6,5.82,5.59,3.12,2.73,2.07,4.98
2022-11-11 12:00:00,19.8,24.9,24.2,20.3,14.8,9.23,9.87,7.41,4.43,15.0
2022-11-11 13:00:00,21.9,28.5,25.1,20.8,18.0,8.79,15.2,12.3,4.53,18.6
2022-11-11 14:00:00,10.7,15.5,21.5,12.1,11.3,4.55,5.06,4.61,2.19,14.0
2022-11-11 15:00:00,10.8,14.0,20.5,13.8,9.04,2.05,3.96,2.78,1.48,12.7
2022-11-11 16:00:00,16.4,27.3,26.7,20.6,15.9,8.54,11.2,9.41,3.52,18.0
2022-11-11 17:00:00,14.0,19.9,21.8,13.8,11.3,5.48,9.51,6.98,3.18,16.0
2022-11-11 18:00:00,3.53,2.69,9.08,4.95,2.01,2.02,1.33,1.46,0.783,4.51
2022-11-11 19:00:00,2.15,2.38,6.93,3.79,2.80,2.01,1.32,1.47,0.700,5.88
2022-11-11 20:00:00,4.03,4.68,3.41,4.69,3.40,2.01,1.29,1.49,0.645,5.07
2022-11-11 21:00:00,3.79,4.64,1.04,4.08,3.38,2.01,1.29,1.49,0.645,4.65
2022-11-11 22:00:00,3.34,4.64,2.86,1.51,3.38,2.01,1.29,1.49,0.645,4.65
2022-11-11 23:00:00,2.83,4.36,2.47,2.71,3.32,2.01,1.29,1.49,0.645,4.06
2022-11-12 00:00:00,11.0,10.9,11.4,11.6,9.33,6.13,4.97,4.51,1.77,8.23
2022-11-12 01:00:00,20.9,26.2,22.3,21.7,18.4,16.9,14.8,13.7,6.89,18.9
2022-11-12 02:00:00,18.3,19.9,21.0,19.8,17.0,14.3,12.1,10.8,5.16,17.1
2022-11-12 03:00:00,19.4,23.2,22.6,21.5,19.9,16.4,14.4,12.5,5.79,18.6
2022-11-12 04:00:00,25.5,31.3,28.1,25.7,24.0,22.9,19.4,17.7,11.0,24.8
2022-11-12 05:00:00,15.1,12.9,17.7,17.0,13.1,12.2,9.53,8.44,2.23,14.8
2022-11-12 06:00:00,14.6,11.6,18.1,15.7,11.8,13.3,9.07,8.04,1.27,13.0
2022-11-12 07:00:00,13.1,7.74,18.2,14.6,11.1,12.3,8.41,7.60,0.936,11.2
2022-11-12 08:00:00,10.5,4.91,14.8,13.2,7.85,8.31,4.10,4.41,0.449,8.95
2022-11-12 09:00:00,12.5,7.91,10.9,12.6,9.37,9.97,5.60,5.22,0.440,10.7
2022-11-12 10:00:00,10.1,7.20,11.0,13.6,8.78,9.61,5.42,4.37,0.752,8.90
2022-11-12 11:00:00,12.6,10.2,12.3,14.8,11.0,10.6,7.40,6.88,1.66,11.0
2022-11-12 12:00:00,15.1,12.7,14.0,13.2,11.4,12.5,8.35,8.25,1.79,12.1
2022-11-12 13:00:00,16.2,14.4,17.0,14.6,14.3,15.0,9.75,8.88,2.25,14.2
2022-11-12 14:00:00,16.1,13.7,19.3,17.1,15.5,15.2,11.7,11.0,2.84,15.4
2022-11-12 15:00:00,13.9,10.1,19.7,17.4,12.6,12.9,9.00,7.90,1.19,13.3
2022-11-12 16:00:00,15.5,13.3,19.9,16.6,14.0,15.5,10.6,9.41,2.42,15.5
2022-11-12 17:00:00,15.9,13.7,20.7,17.6,16.2,16.1,12.1,10.9,2.50,15.0
2022-11-12 18:00:00,15.9,11.8,24.0,19.3,18.5,16.9,12.8,10.4,1.85,16.6
2022-11-12 19:00:00,12.5,6.59,25.0,20.2,14.5,11.9,8.23,6.03,0.813,15.5
2022-11-12 20:00:00,10.8,3.51,21.9,18.3,11.9,10.1,6.26,4.01,0.419,13.5
2022-11-12 21:00:00,9.44,2.02,18.5,14.9,9.94,8.34,4.19,2.72,0.331,10.2
2022-11-12 22:00:00,8.11,0.912,16.2,13.6,7.75,6.68,2.04,1.74,0.331,9.17
2022-11-12 23:00:00,8.32,0.923,15.7,13.2,8.03,6.93,2.35,1.74,0.331,8.92
2022-11-13 00:00:00,9.10,1.33,15.0,11.5,8.95,7.64,3.81,2.54,0.331,8.30
2022-11-13 01:00:00,11.9,5.61,17.9,13.7,12.8,12.0,7.32,5.54,0.331,9.04
2022-11-13 02:00:00,16.2,11.4,22.3,17.9,17.4,17.4,11.7,10.1,1.44,15.0
2022-11-13 03:00:00,17.5,13.9,24.1,19.7,17.3,17.1,11.4,10.1,1.10,12.2
2022-11-13 04:00:00,17.6,14.5,24.9,19.6,16.5,16.4,10.5,9.49,0.786,11.7
2022-11-13 05:00:00,19.0,16.1,26.2,20.8,17.2,17.5,11.2,10.2,2.13,12.9
2022-11-13 06:00:00,18.1,16.6,25.0,20.6,17.7,19.1,11.3,11.0,2.88,15.0
2022-11-13 07:00:00,17.5,14.8,26.1,20.8,15.5,15.2,9.09,9.16,2.32,14.5
2022-11-13 08:00:00,18.5,13.7,26.5,21.6,17.1,15.6,9.73,9.90,2.89,15.8
2022-11-13 09:00:00,19.2,17.6,27.5,21.6,20.5,19.7,13.6,13.0,5.16,19.0
2022-11-13 10:00:00,23.5,23.7,29.2,24.4,21.7,22.0,15.1,15.1,8.76,21.8
2022-11-13 11:00:00,24.1,24.7,28.6,23.2,21.9,23.0,15.7,16.2,8.45,20.5
2022-11-13 12:00:00,24.7,27.2,28.1,24.9,21.9,22.9,17.1,17.2,9.21,21.5
2022-11-13 13:00:00,25.5,28.9,28.0,26.1,23.8,26.1,18.2,17.9,10.7,23.8
2022-11-13 14:00:00,28.8,34.6,30.6,26.8,28.3,28.4,21.6,21.5,13.1,26.5
2022-11-13 15:00:00,33.2,40.8,33.0,28.8,30.9,32.8,24.9,25.4,16.3,30.9
2022-11-13 16:00:00,34.5,42.6,36.9,32.2,36.1,36.4,28.6,27.6,19.3,34.6
2022-11-13 17:00:00,35.2,42.1,40.4,35.0,35.5,34.8,27.4,27.8,18.6,34.5
2022-11-13 18:00:00,34.8,44.2,37.5,30.9,36.1,36.3,28.3,27.4,18.7,34.4
2022-11-13 19:00:00,37.3,45.5,40.1,33.0,39.2,39.3,30.4,29.6,21.5,37.1
2022-11-13 20:00:00,35.9,44.3,39.8,33.2,37.1,38.1,28.2,27.9,20.3,35.6
2022-11-13 21:00:00,35.5,40.3,37.2,30.5,36.3,35.8,27.1,26.3,19.0,32.6
2022-11-13 22:00:00,34.0,38.4,36.7,30.7,35.1,33.5,26.2,25.0,17.1,31.3
2022-11-13 23:00:00,34.0,37.7,36.6,29.9,34.0,33.5,25.3,24.2,15.7,30.8
2022-11-14 00:00:00,33.0,35.0,34.6,28.5,32.0,31.5,23.6,22.6,13.8,29.0
2022-11-14 01:00:00,26.8,26.0,27.5,21.6,26.0,24.6,17.0,17.0,8.72,22.1
2022-11-14 02:00:00,25.9,25.9,28.0,21.2,26.7,24.0,17.4,17.9,11.0,24.2
2022-11-14 03:00:00,27.9,30.5,27.5,21.2,29.4,27.7,20.0,20.5,13.7,27.8
2022-11-14 04:00:00,17.2,13.7,24.7,17.7,20.8,19.2,12.4,13.0,9.05,23.7
2022-11-14 05:00:00,25.2,26.8,24.5,20.0,27.5,26.0,18.5,19.0,12.3,25.8
2022-11-14 06:00:00,29.6,33.4,29.4,23.8,30.3,28.6,20.0,21.2,13.5,27.4
2022-11-14 07:00:00,24.8,28.3,26.6,20.9,27.2,24.5,17.0,19.2,8.07,22.2
2022-11-14 08:00:00,18.8,15.7,20.6,15.3,22.5,20.3,12.2,16.1,4.56,15.7
2022-11-14 09:00:00,18.6,18.0,16.3,12.9,20.9,19.1,9.44,14.1,4.79,10.5
2022-11-14 10:00:00,20.2,20.6,22.2,17.4,21.4,21.0,10.8,16.2,3.18,13.3
2022-11-14 11:00:00,29.9,38.1,29.7,24.9,31.3,32.2,22.3,25.2,9.44,22.1
2022-11-14 12:00:00,34.7,45.1,35.2,30.5,33.6,34.2,23.1,28.9,15.7,29.5
2022-11-14 13:00:00,35.5,44.7,37.2,32.2,36.2,31.9,26.3,30.9,10.3,25.2
2022-11-14 14:00:00,38.4,50.4,39.3,31.2,38.5,36.5,29.4,32.8,11.7,29.3
2022-11-14 15:00:00,37.2,46.1,38.2,32.1,39.0,37.4,29.8,32.8,11.5,28.8
2022-11-14 16:00:00,35.8,43.8,34.5,27.8,36.4,34.0,25.9,29.6,14.9,30.7
2022-11-14 17:00:00,36.1,40.2,35.8,27.0,35.4,31.8,24.7,29.3,10.4,28.1
2022-11-14 18:00:00,37.1,43.6,39.2,30.8,33.2,31.1,21.3,27.9,14.3,25.1
2022-11-14 19:00:00,34.3,39.2,37.0,29.6,29.6,26.8,20.0,23.8,12.8,27.4
2022-11-14 20:00:00,29.3,33.6,36.0,27.4,27.4,27.2,20.3,22.1,13.0,24.9
2022-11-14 21:00:00,21.0,19.1,30.7,20.2,22.7,20.5,15.8,16.8,11.2,25.6
2022-11-14 22:00:00,14.6,11.6,27.9,20.4,20.9,18.2,14.9,15.6,16.1,29.7
2022-11-14 23:00:00,5.81,2.05,17.4,9.04,12.0,8.67,6.15,7.42,9.86,19.3
2022-11-15 00:00:00,4.75,3.08,16.1,6.81,8.42,5.80,6.73,4.26,5.86,11.7
2022-11-15 01:00:00,2.68,3.39,15.9,6.33,6.58,2.77,5.76,2.24,5.79,13.1
2022-11-15 02:00:00,2.41,3.39,13.2,3.88,6.97,4.29,3.23,2.35,5.21,16.1
2022-11-15 03:00:00,6.86,2.54,16.8,8.33,10.8,7.98,3.07,4.07,5.81,19.5
2022-11-15 04:00:00,10.7,3.65,21.4,13.3,14.2,10.6,6.70,7.61,4.84,17.8
2022-11-15 05:00:00,17.1,13.9,26.1,18.6,19.0,16.9,11.7,11.8,7.16,19.8
2022-11-15 06:00:00,17.6,14.8,28.6,21.3,16.9,14.6,11.3,11.3,8.44,21.6
2022-11-15 07:00:00,17.7,13.6,27.1,19.8,14.9,12.0,9.83,10.5,7.38,19.5
2022-11-15 08:00:00,18.7,16.6,26.0,17.7,13.9,11.3,8.10,8.81,5.20,16.5
2022-11-15 09:00:00,16.7,12.2,23.8,15.5,12.6,11.3,6.59,7.33,1.66,12.2
2022-11-15 10:00:00,17.6,12.1,21.9,12.4,10.2,7.49,4.54,5.56,1.03,10.3
2022-11-15 11:00:00,21.3,20.7,26.3,17.5,9.60,6.38,3.15,5.60,3.04,14.9
2022-11-15 12:00:00,25.4,25.7,31.5,21.8,17.6,12.0,9.87,11.1,4.44,18.1
2022-11-15 13:00:00,25.0,23.9,35.1,24.4,17.5,11.7,7.19,9.68,3.86,20.2
2022-11-15 14:00:00,26.0,26.5,34.0,23.8,16.9,10.5,7.89,9.24,4.54,20.7
2022-11-15 15:00:00,26.5,27.7,35.0,25.1,21.1,12.7,11.9,12.5,6.47,22.4
2022-11-15 16:00:00,24.8,26.7,33.9,24.3,21.4,13.5,12.4,12.4,5.68,21.6
2022-11-15 17:00:00,25.2,29.3,32.6,24.5,19.4,12.1,11.4,12.2,4.96,19.9
2022-11-15 18:00:00,24.7,27.3,30.5,23.2,21.2,15.3,14.6,14.7,6.16,20.6
2022-11-15 19:00:00,24.8,26.6,29.8,22.9,22.6,17.7,15.8,15.3,6.92,21.5
2022-11-15 20:00:00,27.4,29.6,33.3,26.0,23.5,18.6,17.6,16.7,8.73,24.0
2022-11-15 21:00:00,28.7,30.9,36.5,28.8,26.3,22.7,19.7,18.4,10.2,25.6
2022-11-15 22:00:00,27.1,26.4,35.3,27.6,25.7,22.2,18.7,17.0,8.50,25.3
2022-11-15 23:00:00,25.2,24.3,32.9,25.4,23.7,19.2,16.6,14.9,7.11,22.7
2022-11-16 00:00:00,26.2,25.3,33.7,26.3,24.4,19.9,17.8,15.0,6.79,22.6
2022-11-16 01:00:00,24.3,22.0,33.3,25.8,22.0,18.2,15.2,13.2,6.23,21.6
2022-11-16 02:00:00,25.0,22.9,32.7,25.7,22.9,19.4,16.2,13.9,7.12,22.8
2022-11-16 03:00:00,24.5,21.8,32.5,25.1,22.7,20.1,15.7,13.6,7.21,22.6
2022-11-16 04:00:00,22.9,20.1,30.6,23.2,21.1,17.9,14.9,12.4,6.37,22.1
2022-11-16 05:00:00,20.8,17.1,28.7,21.3,19.0,17.0,13.2,10.6,5.80,22.3
2022-11-16 06:00:00,19.0,14.4,27.8,21.3,16.9,15.0,11.7,9.42,4.61,20.1
2022-11-16 07:00:00,16.0,9.49,23.9,16.4,13.4,10.9,9.01,6.74,2.80,17.0
2022-11-16 08:00:00,9.86,2.25,18.2,11.1,7.60,5.03,3.74,2.56,1.14,13.1
2022-11-16 09:00:00,8.41,1.98,15.3,7.91,5.34,2.61,1.37,1.76,1.86,5.81
2022-11-16 10:00:00,8.57,1.98,14.5,8.53,6.79,3.14,1.33,1.41,1.86,2.59
2022-11-16 11:00:00,7.39,1.98,12.8,5.18,6.93,2.83,1.33,1.52,1.86,2.04
2022-11-16 12:00:00,2.50,1.98,8.63,2.38,2.58,1.40,1.33,1.40,1.86,2.07
2022-11-16 13:00:00,2.14,1.98,6.17,1.74,2.92,1.40,1.33,1.28,1.86,1.65
2022-11-16 14:00:00,7.08,1.85,12.6,7.26,10.4,5.82,1.52,3.11,5.94,4.56
2022-11-16 15:00:00,13.3,5.51,15.8,11.0,14.1,10.0,4.81,7.74,5.22,8.87
2022-11-16 16:00:00,14.2,9.49,16.8,9.96,15.9,10.9,5.10,7.95,4.99,12.9
2022-11-16 17:00:00,8.47,2.84,13.0,6.17,9.39,4.82,3.12,4.21,4.99,8.32
2022-11-16 18:00:00,3.24,2.11,7.55,2.33,2.14,1.60,2.59,3.03,4.99,2.14
2022-11-16 19:00:00,0.993,2.11,4.43,1.30,2.46,1.57,2.59,2.59,4.99,1.90
2022-11-16 20:00:00,0.539,2.11,3.08,1.24,2.82,1.46,2.59,1.77,4.99,1.95
2022-11-16 21:00:00,0.539,2.11,1.45,1.24,2.81,1.46,2.59,1.78,4.99,1.95
2022-11-16 22:00:00,0.539,2.11,0.948,1.24,2.55,1.46,2.59,1.78,4.99,1.95
2022-11-16 23:00:00,1.02,2.11,2.82,1.24,1.79,1.46,2.59,1.78,4.99,1.95
2022-11-17 00:00:00,7.10,1.77,8.31,3.61,7.66,3.39,2.12,2.32,4.99,5.21
2022-11-17 01:00:00,8.89,2.11,11.4,6.54,8.28,4.44,1.34,2.59,4.99,8.15
2022-11-17 02:00:00,9.98,1.27,12.9,6.88,9.20,4.78,1.16,2.93,4.99,4.82
2022-11-17 03:00:00,6.04,1.20,10.8,4.88,4.05,1.51,1.08,1.14,4.99,2.55
2022-11-17 04:00:00,2.62,1.18,7.62,0.882,1.05,0.710,1.08,0.858,4.99,0.940
2022-11-17 05:00:00,1.63,1.18,7.06,0.784,0.761,0.710,1.08,0.858,4.99,1.18
2022-11-17 06:00:00,17.7,14.0,19.6,13.8,18.1,16.6,10.5,10.2,3.61,15.2
2022-11-17 07:00:00,21.8,18.2,25.6,18.9,22.2,20.2,13.4,13.8,3.94,19.7
2022-11-17 08:00:00,21.7,17.5,23.7,17.0,24.1,21.6,14.0,15.9,6.29,20.3
2022-11-17 09:00:00,25.5,20.5,26.7,21.6,29.6,26.7,18.6,20.3,8.97,23.9
2022-11-17 10:00:00,27.5,21.7,27.6,24.6,29.7,27.5,19.1,20.9,9.72,24.0
2022-11-17 11:00:00,24.0,21.3,26.5,24.5,29.9,28.9,20.2,20.7,10.5,21.9
2022-11-17 12:00:00,25.1,23.7,28.6,24.9,31.2,29.3,21.7,22.7,9.68,21.9
2022-11-17 13:00:00,27.6,28.1,29.3,25.8,34.1,30.3,21.9,24.0,10.2,24.8
2022-11-17 14:00:00,28.1,27.4,29.1,26.7,33.3,27.5,21.9,24.3,11.6,24.2
2022-11-17 15:00:00,29.9,32.3,30.9,23.5,33.8,30.2,23.2,24.7,9.96,24.3
2022-11-17 16:00:00,25.9,25.1,29.8,21.8,30.5,27.2,19.9,21.8,9.12,23.8
2022-11-17 17:00:00,20.9,18.9,23.2,15.6,25.5,21.8,14.2,17.5,5.08,15.4
2022-11-17 18:00:00,17.1,14.2,20.8,16.5,19.7,16.6,10.2,12.0,2.11,13.9
2022-11-17 19:00:00,20.2,21.8,28.6,25.9,23.2,20.3,13.9,14.5,8.07,25.4
2022-11-17 20:00:00,22.1,22.0,25.9,22.6,22.4,19.7,12.1,14.0,6.20,22.1
2022-11-17 21:00:00,16.6,11.4,23.9,21.0,16.5,15.2,8.48,10.8,4.34,19.4
2022-11-17 22:00:00,18.1,14.1,26.0,22.5,20.2,16.7,11.0,11.1,5.27,21.1
2022-11-17 23:00:00,20.7,17.1,29.9,24.8,22.4,19.5,14.1,13.3,5.31,22.8
2022-11-18 00:00:00,22.2,18.5,29.5,24.6,22.3,19.8,13.5,13.6,5.12,21.7
2022-11-18 01:00:00,22.0,17.4,27.8,22.9,21.1,20.0,13.5,12.8,2.82,19.2
2022-11-18 02:00:00,21.3,14.2,27.8,22.1,20.4,19.2,13.0,11.7,1.90,17.9
2022-11-18 03:00:00,22.5,16.4,27.8,22.8,21.8,20.6,14.5,13.2,3.31,18.4
2022-11-18 04:00:00,22.1,15.2,27.7,22.6,20.5,19.5,13.4,12.3,3.77,19.7
2022-11-18 05:00:00,20.9,13.6,26.0,21.1,19.9,18.9,12.6,11.4,3.07,18.6
2022-11-18 06:00:00,19.1,11.1,23.8,18.3,17.6,16.6,10.8,9.93,0.970,15.3
2022-11-18 07:00:00,15.1,5.46,21.2,16.0,14.6,13.4,7.26,7.05,0.455,13.4
2022-11-18 08:00:00,9.73,1.16,12.8,8.18,9.84,7.84,2.20,3.02,0.432,7.14
2022-11-18 09:00:00,9.34,1.81,13.5,10.1,10.3,8.57,2.67,3.42,0.432,8.54
2022-11-18 10:00:00,13.3,5.03,18.1,16.3,14.6,13.1,6.77,7.76,0.743,13.8
2022-11-18 10:28:12,13.8,8.76,21.2,20.4,17.3,16.1,8.43,9.28,2.69,17.3

