"Time","PM10 {DeviceID=""AirSENCE-0322068B40233"", name=""Pollutant""}","PM10 {DeviceID=""AirSENCE-032206C140232"", name=""Pollutant""}","PM10 {DeviceID=""AirSENCE-0322223F40230"", name=""Pollutant""}","PM10 {DeviceID=""AirSENCE-032223EF40231"", name=""Pollutant""}","PM10 {DeviceID=""AirSENCE-1021BFD040215"", name=""Pollutant""}","PM10 {DeviceID=""AirSENCE-1021C46E40217"", name=""Pollutant""}","PM10 {DeviceID=""AirSENCE-1021C53740216"", name=""Pollutant""}","PM10 {DeviceID=""AirSENCE-1021C65A40214"", name=""Pollutant""}","PM10 {DeviceID=""AirSENCE-1021C6C640218"", name=""Pollutant""}","PM10 {DeviceID=""AirSENCE-1021C73840220"", name=""Pollutant""}"
2022-10-09 11:00:00,2.66,4.15,2.79,3.54,4.20,3.76,4.64,3.13,4.11,4.23
2022-10-09 12:00:00,2.38,4.08,2.62,3.07,3.98,3.60,4.26,2.87,4.08,4.29
2022-10-09 13:00:00,1.83,3.11,2.07,2.68,2.92,2.57,3.33,1.99,3.34,3.21
2022-10-09 14:00:00,1.87,3.05,2.01,2.57,2.89,2.74,3.14,2.19,3.25,3.83
2022-10-09 15:00:00,3.40,5.75,3.57,4.19,6.62,7.11,10.2,5.08,5.97,6.58
2022-10-09 16:00:00,3.76,6.29,3.58,4.35,6.88,6.55,8.75,5.35,6.61,6.55
2022-10-09 17:00:00,3.44,5.08,3.45,4.02,4.22,3.98,4.99,3.10,5.03,4.98
2022-10-09 18:00:00,3.78,5.99,3.81,4.47,5.66,4.92,6.43,4.36,5.30,5.00
2022-10-09 19:00:00,2.94,4.81,4.10,4.71,4.53,3.92,4.97,3.77,4.71,4.93
2022-10-09 20:00:00,2.00,3.33,2.63,3.19,2.78,2.63,3.28,2.37,3.86,3.77
2022-10-09 21:00:00,2.36,3.79,4.02,4.60,3.83,3.24,4.07,3.03,3.13,3.70
2022-10-09 22:00:00,3.49,5.63,4.17,5.41,6.37,4.73,5.75,3.99,4.48,5.72
2022-10-09 23:00:00,3.79,5.79,4.39,5.08,5.66,5.71,6.33,4.23,5.30,5.78
2022-10-10 00:00:00,3.84,6.15,4.14,5.06,6.98,6.21,7.18,5.07,7.09,7.50
2022-10-10 01:00:00,3.42,5.73,3.44,4.34,6.36,5.63,6.71,4.52,6.72,6.67
2022-10-10 02:00:00,3.32,5.29,3.12,4.17,5.45,4.52,5.75,3.88,5.84,5.68
2022-10-10 03:00:00,3.09,4.72,2.83,3.35,4.92,4.28,5.04,3.26,5.31,5.35
2022-10-10 04:00:00,3.05,4.82,3.03,3.83,5.25,4.38,5.34,3.61,5.18,5.63
2022-10-10 05:00:00,3.02,5.19,3.05,3.68,4.64,4.08,5.05,3.52,4.52,4.76
2022-10-10 06:00:00,2.55,4.26,2.29,2.78,4.34,4.11,4.54,2.95,4.12,4.26
2022-10-10 07:00:00,2.77,4.59,2.62,3.29,3.94,3.39,4.28,2.41,4.66,4.35
2022-10-10 08:00:00,2.90,4.82,2.65,3.31,4.96,4.36,5.40,3.41,4.60,5.06
2022-10-10 09:00:00,2.98,4.76,2.23,2.93,4.75,4.27,5.18,3.22,4.86,4.95
2022-10-10 10:00:00,2.23,4.05,1.97,2.68,3.77,3.33,4.02,2.39,3.95,3.98
2022-10-10 11:00:00,1.24,2.12,0.987,1.63,2.67,1.92,2.41,1.27,2.83,2.99
2022-10-10 12:00:00,0.104,1,0.540,1.02,1.44,0.800,1.05,0.433,1.13,1.12
2022-10-10 13:00:00,0.585,1.13,0.487,0.722,1.05,1,1.34,0.467,1.19,1.05
2022-10-10 14:00:00,1.20,2.25,1.59,2.20,2.08,1.75,2.16,1.46,2.52,2.51
2022-10-10 15:00:00,1.88,3.27,1.62,2.21,4.33,3.83,5.38,3.02,3.26,3.50
2022-10-10 16:00:00,1.77,2.94,1.47,2.00,3.51,3.59,4.27,2.44,2.84,2.75
2022-10-10 17:00:00,1.95,3.39,2.16,2.46,3.81,3.73,4.57,3.11,3.40,3.31
2022-10-10 18:00:00,2.23,3.44,2.20,2.90,4.75,3.86,4.82,3.92,5.46,3.98
2022-10-10 19:00:00,2.87,5.40,3.39,4.75,6.11,4.32,4.99,5.06,8.09,6.28
2022-10-10 20:00:00,5.62,9.42,6.68,8.65,12.4,10.8,14.6,11.0,10.3,9.47
2022-10-10 21:00:00,7.21,11.7,7.97,8.99,11.4,9.81,11.6,8.50,7.34,7.78
2022-10-10 22:00:00,5.34,7.38,6.84,7.95,7.19,6.99,7.41,5.40,6.71,7.31
2022-10-10 23:00:00,2.49,4.08,4.03,4.63,3.65,3.72,4.16,2.43,3.46,3.78
2022-10-11 00:00:00,2.70,3.74,2.45,3.43,3.61,3.23,3.84,2.35,3.85,3.86
2022-10-11 01:00:00,4.68,6.73,3.70,4.48,6.31,5.76,6.86,4.77,5.34,5.73
2022-10-11 02:00:00,6.62,7.92,4.56,5.41,7.05,6.65,7.38,5.27,3.42,3.46
2022-10-11 03:00:00,7.63,9.75,4.46,5.21,5.61,5.69,6.21,4.55,4.70,5.27
2022-10-11 04:00:00,5.17,8.71,4.09,5.23,4.53,4.23,5.00,3.36,5.38,6.06
2022-10-11 05:00:00,4.43,8.50,4.59,5.60,5.68,5.63,6.27,4.25,6.37,6.32
2022-10-11 06:00:00,4.80,9.86,5.35,6.51,7.09,6.92,8.14,5.76,7.11,7.07
2022-10-11 07:00:00,5.28,7.50,6.53,7.40,8.47,8.04,9.06,7.02,11.1,9.16
2022-10-11 08:00:00,6.41,9.36,11.0,12.1,11.3,10.5,11.2,8.83,10.8,12.1
2022-10-11 09:00:00,9.43,13.6,9.66,11.0,16.7,14.7,15.2,12.9,11.3,12.6
2022-10-11 10:00:00,8.69,12.3,7.41,8.40,13.3,12.1,13.0,10.7,11.8,12.8
2022-10-11 11:00:00,6.30,9.47,5.56,6.62,12.4,10.7,13.2,10.5,10.7,10.9
2022-10-11 12:00:00,8.64,14.1,8.64,9.97,14.8,14.5,18.0,12.3,14.2,13.7
2022-10-11 13:00:00,10.4,16.8,9.72,11.3,16.3,15.1,18.8,13.7,16.2,14.5
2022-10-11 14:00:00,9.62,16.8,10.3,11.4,17.1,15.3,16.7,14.4,15.4,14.3
2022-10-11 15:00:00,10.2,16.4,10.5,11.4,17.8,15.9,17.7,14.7,15.4,15.2
2022-10-11 16:00:00,11.1,16.3,10.6,11.9,19.4,16.0,18.5,16.2,17.2,16.4
2022-10-11 17:00:00,12.5,18.3,12.1,12.8,20.8,18.0,21.1,18.3,21.7,18.9
2022-10-11 18:00:00,13.5,19.4,13.2,13.9,21.2,18.3,22.3,19.1,21.0,20.5
2022-10-11 19:00:00,10.8,17.4,9.94,11.1,15.2,14.0,16.9,12.1,13.8,14.1
2022-10-11 20:00:00,8.59,14.2,8.16,9.21,10.8,9.81,12.1,8.71,9.56,10.3
2022-10-11 21:00:00,7.42,12.4,7.09,7.70,10.4,9.13,11.4,7.95,8.98,9.68
2022-10-11 22:00:00,7.89,12.9,7.69,8.56,11.3,10.2,12.6,8.92,11.0,11.5
2022-10-11 23:00:00,8.68,13.8,8.16,9.59,13.3,11.7,13.5,10.5,12.5,12.7
2022-10-12 00:00:00,10.0,15.4,9.22,10.3,15.3,13.5,15.6,12.2,14.1,14.3
2022-10-12 01:00:00,9.69,14.8,9.59,10.9,14.6,12.8,14.7,11.3,14.2,14.4
2022-10-12 02:00:00,8.16,12.5,7.77,8.59,12.4,10.9,12.4,9.39,11.4,12.0
2022-10-12 03:00:00,8.08,12.5,7.69,8.57,12.3,11.1,12.5,9.68,11.2,11.7
2022-10-12 04:00:00,8.44,13.4,8.02,9.25,12.8,11.3,13.1,9.99,11.9,12.3
2022-10-12 05:00:00,8.05,11.7,7.63,8.28,10.9,9.61,10.8,8.20,10.2,10.7
2022-10-12 06:00:00,6.64,10.5,6.30,7.19,9.90,8.80,10.3,7.57,8.96,9.40
2022-10-12 07:00:00,8.22,12.6,6.22,7.06,10.5,9.13,10.3,7.76,9.31,9.64
2022-10-12 08:00:00,10.5,14.9,6.99,8.25,11.0,10.4,13.1,8.52,9.56,9.90
2022-10-12 09:00:00,9.78,17.0,8.98,10.8,12.6,11.0,12.9,10.1,10.5,10.9
2022-10-12 10:00:00,8.21,12.8,7.53,8.42,11.8,10.3,12.6,9.78,9.93,10.5
2022-10-12 11:00:00,5.80,8.71,5.47,6.44,9.96,9.19,12.0,7.40,8.61,8.96
2022-10-12 12:00:00,6.53,9.81,6.00,7.02,10.5,9.82,12.3,8.21,9.60,9.52
2022-10-12 13:00:00,7.72,11.4,6.91,7.85,12.3,12.2,15.2,9.00,11.0,11.9
2022-10-12 14:00:00,8.20,12.6,7.91,8.86,13.3,12.4,14.6,10.6,12.1,12.4
2022-10-12 15:00:00,8.95,13.4,8.52,9.72,14.7,13.0,15.8,11.3,13.4,13.1
2022-10-12 16:00:00,10.9,16.2,10.5,11.9,17.1,15.7,18.0,13.5,15.5,16.0
2022-10-12 17:00:00,13.4,19.5,13.0,14.5,21.4,19.1,22.0,17.1,19.5,19.8
2022-10-12 18:00:00,14.1,21.0,14.3,16.4,23.7,21.0,23.1,19.6,22.0,21.2
2022-10-12 19:00:00,14.8,22.1,14.0,15.7,25.2,21.5,23.1,20.8,21.5,21.5
2022-10-12 20:00:00,15.5,23.8,16.3,18.9,26.3,22.5,24.7,22.1,22.9,22.7
2022-10-12 21:00:00,16.3,24.0,15.8,17.9,25.1,22.4,24.9,20.6,22.8,23.5
2022-10-12 22:00:00,16.0,23.4,14.7,16.6,24.2,21.4,24.9,19.3,22.3,22.4
2022-10-12 23:00:00,16.5,24.0,15.5,17.3,24.9,22.4,25.1,20.2,23.0,23.4
2022-10-13 00:00:00,14.5,21.3,13.7,15.4,22.0,19.4,21.5,17.5,20.3,20.3
2022-10-13 01:00:00,13.7,19.6,13.0,14.4,19.3,17.3,19.9,15.6,17.9,18.1
2022-10-13 02:00:00,13.5,19.5,12.9,14.1,19.5,17.3,20.0,15.5,18.2,18.6
2022-10-13 03:00:00,14.8,21.2,14.6,15.6,22.0,19.0,21.7,18.0,20.5,20.5
2022-10-13 04:00:00,14.8,21.2,14.3,15.7,22.2,19.0,21.6,18.0,20.2,20.5
2022-10-13 05:00:00,14.5,21.0,14.0,15.4,22.1,19.4,21.8,18.0,20.7,20.2
2022-10-13 06:00:00,12.0,17.0,11.6,13.2,19.0,16.2,18.0,15.1,17.1,17.1
2022-10-13 07:00:00,12.2,17.9,11.6,12.9,18.6,16.4,18.5,14.8,17.1,16.7
2022-10-13 08:00:00,12.7,18.2,11.5,12.8,18.8,16.5,18.5,15.3,16.6,16.5
2022-10-13 09:00:00,9.17,12.1,11.0,12.5,14.1,12.0,13.5,10.9,13.2,13.6
2022-10-13 10:00:00,1.01,1.47,1.34,1.66,1.37,1.16,1.45,0.458,1.41,1.71
2022-10-13 11:00:00,4.04,6.09,3.85,4.58,6.10,5.45,6.53,4.66,5.73,6.00
2022-10-13 12:00:00,6.11,9.64,6.49,6.95,9.02,8.49,10.2,7.12,9.54,9.80
2022-10-13 13:00:00,10.5,15.5,9.80,11.0,16.6,14.8,18.2,12.7,14.1,15.1
2022-10-13 14:00:00,11.2,18.2,11.5,12.6,19.4,17.0,20.0,15.0,16.5,17.2
2022-10-13 15:00:00,10.6,16.0,10.5,11.5,17.3,17.4,20.5,14.3,15.1,15.6
2022-10-13 16:00:00,5.41,8.15,5.10,5.45,10.0,10.8,12.0,7.30,7.60,7.64
2022-10-13 17:00:00,3.75,6.02,3.29,3.76,6.69,6.28,7.80,4.75,5.49,5.45
2022-10-13 18:00:00,2.91,4.85,2.52,2.89,3.64,3.66,4.71,2.67,3.54,3.70
2022-10-13 19:00:00,5.39,9.01,5.15,5.99,8.71,7.83,9.33,6.82,7.35,7.32
2022-10-13 20:00:00,8.55,13.2,8.62,9.47,13.1,12.3,14.1,10.2,11.4,11.8
2022-10-13 21:00:00,9.78,15.4,10.7,11.1,14.5,13.2,17.0,11.3,12.7,13.7
2022-10-13 22:00:00,10.2,16.4,9.42,10.2,14.3,12.7,15.7,11.2,12.4,12.8
2022-10-13 23:00:00,10.1,15.1,9.22,10.8,15.3,13.5,15.5,12.3,13.7,13.7
2022-10-14 00:00:00,11.7,16.9,11.8,13.1,17.2,15.6,18.0,14.3,16.0,16.4
2022-10-14 01:00:00,12.4,17.4,12.1,13.9,21.3,19.5,21.4,18.2,19.1,19.3
2022-10-14 02:00:00,12.1,16.8,11.6,12.8,18.5,16.5,18.4,15.0,16.4,16.8
2022-10-14 03:00:00,4.52,6.99,4.14,4.79,6.49,5.64,6.73,4.94,5.72,6.04
2022-10-14 04:00:00,3.46,5.55,3.12,3.96,5.46,4.79,5.56,4.22,4.93,5.31
2022-10-14 05:00:00,1.52,2.84,1.58,2.10,2.79,2.14,3.19,1.93,2.50,2.74
2022-10-14 06:00:00,3.30,5.60,3.58,4.19,5.76,5.31,6.37,4.64,5.61,5.87
2022-10-14 07:00:00,4.41,7.12,4.97,5.06,7.24,6.33,7.92,6.03,6.46,7.00
2022-10-14 08:00:00,6.12,9.79,5.90,6.84,10.3,9.47,10.8,8.34,9.02,8.96
2022-10-14 09:00:00,8.08,13.0,7.91,8.68,13.3,11.3,13.2,10.7,11.5,12.0
2022-10-14 10:00:00,6.29,9.69,6.48,7.23,10.5,9.13,10.9,8.49,9.76,10.7
2022-10-14 11:00:00,8.00,12.1,8.19,8.81,13.2,10.9,13.2,10.3,13.0,13.3
2022-10-14 12:00:00,8.84,12.8,8.59,9.78,13.2,11.6,13.6,10.6,11.7,12.6
2022-10-14 13:00:00,7.86,12.1,7.48,8.49,13.8,12.9,16.1,11.2,11.1,12.7
2022-10-14 14:00:00,6.82,11.0,7.02,7.58,13.2,12.1,14.8,11.0,10.9,11.7
2022-10-14 15:00:00,5.97,9.22,5.93,6.60,10.6,9.64,11.9,8.70,8.59,9.54
2022-10-14 16:00:00,6.50,9.44,6.29,6.84,11.5,10.0,12.2,9.23,9.46,10.2
2022-10-14 17:00:00,6.43,9.15,6.20,6.80,11.3,10.4,12.7,9.10,9.14,9.86
2022-10-14 18:00:00,6.34,9.32,5.91,6.60,12.2,9.95,12.0,10.1,9.04,9.87
2022-10-14 19:00:00,4.72,8.39,5.21,5.86,8.75,11.9,14.5,7.04,6.41,7.84
2022-10-14 20:00:00,8.12,13.7,8.70,9.01,14.2,11.8,13.6,13.3,12.7,12.4
2022-10-14 21:00:00,12.1,21.5,10.5,11.8,13.6,12.3,12.3,11.2,9.87,11.2
2022-10-14 22:00:00,9.61,14.3,8.71,10.1,14.0,11.5,13.2,11.6,10.1,11.5
2022-10-14 23:00:00,7.91,11.2,7.62,8.75,12.3,10.9,12.8,9.66,10.6,11.5
2022-10-15 00:00:00,7.59,10.9,7.30,8.47,12.0,10.8,12.1,9.12,10.5,11.3
2022-10-15 01:00:00,7.38,11.2,7.16,8.38,11.5,10.3,11.7,8.74,10.1,10.7
2022-10-15 02:00:00,5.98,9.35,5.53,6.24,9.42,8.09,9.53,6.91,8.50,8.83
2022-10-15 03:00:00,5.10,7.70,4.61,5.53,7.45,6.79,7.78,5.96,7.03,7.24
2022-10-15 04:00:00,4.47,6.97,3.85,4.85,6.34,5.41,6.56,4.91,6.56,6.73
2022-10-15 05:00:00,3.74,5.88,3.40,4.06,5.47,4.75,5.82,4.21,5.58,6.01
2022-10-15 06:00:00,2.65,4.28,2.62,3.28,4.27,3.91,4.70,3.07,4.27,4.77
2022-10-15 07:00:00,2.10,3.52,2.02,2.62,3.44,3.32,4.08,2.38,3.24,3.97
2022-10-15 08:00:00,1.68,3.00,1.55,2.11,3.07,2.61,3.41,2.17,2.81,3.08
2022-10-15 09:00:00,1.56,2.75,1.27,1.81,3.13,3.15,4.12,2.16,2.36,2.73
2022-10-15 10:00:00,1.61,2.92,1.46,1.75,2.72,2.79,3.51,1.97,2.37,2.64
2022-10-15 11:00:00,2.30,3.69,1.55,1.94,3.04,2.79,3.83,2.10,2.51,2.83
2022-10-15 12:00:00,3.37,5.75,3.47,4.09,5.69,5.03,6.19,4.16,5.07,5.06
2022-10-15 13:00:00,2.56,4.28,2.66,3.03,4.50,3.95,4.90,3.43,4.03,4.21
2022-10-15 14:00:00,2.16,3.43,2.02,2.47,3.93,3.35,3.80,2.63,3.10,3.70
2022-10-15 15:00:00,1.70,2.94,1.57,2.10,2.93,2.83,3.51,2.12,2.70,3.24
2022-10-15 16:00:00,1.86,2.88,1.72,2.11,3.08,2.92,3.42,2.14,2.74,3.08
2022-10-15 17:00:00,1.00,1.90,0.829,1.37,1.81,1.89,2.08,0.983,1.67,2.27
2022-10-15 18:00:00,3.36,5.39,3.21,3.81,5.06,4.74,5.82,3.72,4.78,5.01
2022-10-15 19:00:00,4.25,6.49,4.18,4.52,6.32,5.61,7.02,4.75,5.27,5.61
2022-10-15 20:00:00,4.84,7.55,4.21,4.40,8.08,6.73,8.50,5.75,5.94,6.22
2022-10-15 21:00:00,5.57,7.87,5.95,6.33,7.71,6.96,9.06,5.69,6.59,6.62
2022-10-15 22:00:00,8.79,10.6,6.49,6.53,8.47,7.73,9.20,6.41,7.23,7.90
2022-10-15 23:00:00,6.57,9.78,7.10,7.46,9.92,8.87,11.1,7.74,8.31,9.14
2022-10-16 00:00:00,6.01,8.80,6.09,7.00,9.17,8.15,9.47,7.00,8.57,9.21
2022-10-16 01:00:00,6.02,9.09,5.58,6.53,9.20,8.16,9.80,7.13,8.58,9.12
2022-10-16 02:00:00,6.37,9.39,5.99,7.08,10.0,9.06,10.3,7.80,9.34,9.50
2022-10-16 03:00:00,6.75,9.85,5.88,7.34,10.0,9.14,10.7,7.81,9.43,9.70
2022-10-16 04:00:00,7.25,10.7,6.51,8.08,10.5,9.12,10.5,7.70,10.6,10.6
2022-10-16 05:00:00,6.17,8.90,5.70,6.83,8.97,7.50,8.55,6.50,9.20,9.15
2022-10-16 06:00:00,6.56,9.17,5.88,6.97,10.1,8.84,10.0,7.44,9.75,9.97
2022-10-16 07:00:00,5.24,7.94,4.98,5.89,8.06,6.69,7.75,5.80,7.93,8.27
2022-10-16 08:00:00,4.24,6.67,4.35,5.14,6.37,5.43,6.63,4.57,6.58,6.85
2022-10-16 09:00:00,3.49,5.72,3.76,4.23,5.36,4.63,5.89,3.73,5.42,5.76
2022-10-16 10:00:00,2.98,5.21,3.38,3.76,5.79,4.96,6.49,3.92,5.22,5.89
2022-10-16 11:00:00,2.42,4.24,2.54,2.95,4.94,4.25,5.91,3.29,4.04,4.93
2022-10-16 12:00:00,2.53,4.65,2.47,3.08,4.82,4.94,7.11,3.70,4.82,4.52
2022-10-16 13:00:00,2.80,5.06,2.70,3.27,4.84,4.59,6.04,3.79,4.74,4.70
2022-10-16 14:00:00,2.78,5.23,3.17,3.40,5.04,4.99,5.82,3.92,4.88,5.12
2022-10-16 15:00:00,3.79,6.57,3.46,4.25,7.04,6.88,8.37,5.36,5.67,6.24
2022-10-16 16:00:00,4.02,6.64,3.63,4.28,7.32,7.64,9.49,5.35,5.83,6.60
2022-10-16 17:00:00,4.69,7.98,4.58,4.87,8.43,8.41,10.3,6.37,6.62,7.24
2022-10-16 18:00:00,7.85,10.6,6.34,8.20,11.4,10.1,13.2,8.63,10.4,10.8
2022-10-16 19:00:00,6.96,10.2,7.53,9.05,11.0,8.49,10.1,7.51,10.4,10.5
2022-10-16 20:00:00,2.30,4.34,3.59,4.40,4.81,3.01,3.80,2.20,3.01,3.60
2022-10-16 21:00:00,2.48,3.22,2.20,2.82,2.94,1.81,2.33,1.13,1.64,2.01
2022-10-16 22:00:00,1.27,2.41,1.57,2.14,3.95,3.09,3.75,2.11,3.05,3.51
2022-10-16 23:00:00,2.15,3.47,2.12,2.73,4.21,3.75,4.25,2.79,5.33,4.75
2022-10-17 00:00:00,2.41,3.93,2.65,3.26,4.72,4.11,4.53,3.06,5.08,4.79
2022-10-17 01:00:00,2.05,3.45,1.99,2.76,3.94,3.92,4.05,2.53,4.62,4.41
2022-10-17 02:00:00,2.25,3.82,2.39,2.95,4.41,3.80,4.17,2.98,5.29,5.20
2022-10-17 03:00:00,2.17,3.77,2.26,3.04,4.16,3.66,4.18,2.97,5.42,4.88
2022-10-17 04:00:00,2.80,4.75,2.59,3.27,4.57,4.22,5.36,3.43,5.35,5.26
2022-10-17 05:00:00,3.44,5.76,3.19,3.92,6.37,5.58,6.81,4.77,7.79,7.11
2022-10-17 06:00:00,5.02,8.43,4.54,5.68,9.36,8.22,9.39,7.09,9.84,9.49
2022-10-17 07:00:00,6.49,10.1,5.84,6.86,10.9,9.87,10.9,8.33,10.8,10.7
2022-10-17 08:00:00,7.81,11.6,7.20,8.48,12.1,10.8,12.3,9.28,11.6,11.2
2022-10-17 09:00:00,7.55,11.1,6.45,7.66,10.9,9.92,11.7,8.63,10.2,9.81
2022-10-17 10:00:00,6.71,10.1,5.79,6.80,10.0,8.81,10.5,7.55,9.68,9.48
2022-10-17 11:00:00,6.75,9.49,6.01,6.95,10.7,9.39,10.9,8.19,9.34,9.67
2022-10-17 12:00:00,8.69,12.2,7.66,8.93,14.0,12.8,15.9,11.2,12.2,12.5
2022-10-17 13:00:00,10.6,14.8,9.40,10.9,16.0,15.3,18.0,13.1,14.5,14.7
2022-10-17 14:00:00,8.60,12.0,7.26,8.54,13.1,12.5,15.9,10.3,11.5,11.7
2022-10-17 15:00:00,3.97,5.91,3.66,4.12,7.60,7.42,9.82,5.97,5.95,6.06
2022-10-17 16:00:00,3.07,4.83,2.51,3.02,5.20,5.07,5.96,3.69,4.11,4.10
2022-10-17 17:00:00,2.08,3.48,1.71,2.04,4.03,3.69,4.62,2.47,2.38,2.92
2022-10-17 18:00:00,1.35,2.37,1.03,1.18,2.38,2.88,3.88,1.19,1.18,1.68
2022-10-17 19:00:00,2.32,3.88,1.57,1.98,3.43,3.63,5.10,2.03,2.18,2.89
2022-10-17 20:00:00,1.47,2.45,1.06,1.35,2.93,3.51,5.74,1.34,1.33,1.73
2022-10-17 21:00:00,0.507,0.783,0.119,0.291,1.07,1.49,3.26,0.333,0.133,0.333
2022-10-17 22:00:00,0,0,0,0,0.217,0.367,0.817,0.0333,0,0.0500
2022-10-17 23:00:00,0,0.0167,0.0132,0,0.0500,0.0667,0.183,0.0167,0,0
2022-10-18 00:00:00,0,0.167,0.0263,0.0380,0.400,0.267,0.417,0.0167,0.0333,0
2022-10-18 01:00:00,0,0.0333,0,0.0507,0.933,0.583,0.917,0.367,0.610,0.833
2022-10-18 02:00:00,0,0,0,0,0.658,0.594,0.638,0.267,0.783,1.08
2022-10-18 03:00:00,0.143,0.383,0.250,0.497,0.867,0.800,0.967,0.317,0.933,1.01
2022-10-18 04:00:00,0.988,1.59,1.09,1.67,2.04,1.91,2.05,1.35,2.36,2.37
2022-10-18 05:00:00,5.94,8.52,5.58,7.22,11.0,10.4,10.2,9.23,10.1,10.7
2022-10-18 06:00:00,12.6,17.5,11.9,14.5,21.1,19.8,19.3,18.9,19.5,20.1
2022-10-18 07:00:00,18.4,25.0,16.4,19.3,28.3,27.0,26.0,26.2,27.3,28.4
2022-10-18 08:00:00,21.5,29.3,22.2,23.6,31.8,30.0,28.9,30.1,31.6,32.3
2022-10-18 09:00:00,11.4,15.0,12.0,13.3,17.1,16.3,15.5,15.5,17.5,17.5
2022-10-18 10:00:00,10.7,15.2,9.93,12.0,17.0,16.5,16.7,14.5,17.8,17.3
2022-10-18 11:00:00,9.09,12.8,8.34,9.73,13.6,12.3,13.1,11.4,12.9,13.7
2022-10-18 12:00:00,3.75,5.85,2.95,3.27,5.26,4.68,5.91,4.06,5.15,5.65
2022-10-18 13:00:00,0.338,0.850,0.197,0.203,0.874,1.10,2.35,0.533,0.350,0.433
2022-10-18 14:00:00,0.156,0.700,0.158,0.0253,0.117,0.0833,0.717,0.0167,0.0167,0.0333
2022-10-18 15:00:00,0.489,1.15,0.478,0.452,1.47,1.83,2.17,0.583,0.533,0.883
2022-10-18 16:00:00,0.405,0.567,0.632,0.919,0.517,0.283,0.975,0.217,0.167,0.250
2022-10-18 17:00:00,1.95,3.02,1.79,2.17,3.39,3.10,3.73,2.62,2.83,3.11
2022-10-18 18:00:00,3.87,5.76,3.33,4.04,6.38,6.24,7.20,4.99,5.20,5.49
2022-10-18 19:00:00,5.43,7.67,5.20,6.29,8.24,7.71,8.93,6.83,7.35,7.82
2022-10-18 20:00:00,5.43,7.41,4.39,5.28,8.76,8.54,10.0,6.89,7.09,7.63
2022-10-18 21:00:00,5.38,7.24,5.09,6.18,9.18,9.73,10.5,7.43,7.84,8.69
2022-10-18 22:00:00,5.56,7.78,5.32,6.58,9.27,9.32,9.43,7.51,8.35,8.45
2022-10-18 23:00:00,6.86,9.61,6.27,7.43,9.80,9.72,10.7,8.26,9.80,10.8
2022-10-19 00:00:00,6.16,8.77,5.93,7.36,9.71,9.25,9.70,7.91,9.54,9.62
2022-10-19 01:00:00,10.0,14.8,10.0,12.0,15.4,14.5,14.7,13.8,15.3,15.9
2022-10-19 02:00:00,11.8,17.0,10.8,13.3,17.4,16.4,17.3,15.6,16.3,16.9
2022-10-19 03:00:00,10.7,15.4,10.1,12.6,15.5,14.1,15.0,13.5,15.6,16.0
2022-10-19 04:00:00,10.8,15.0,10.8,13.4,15.6,14.0,14.6,13.2,16.0,16.2
2022-10-19 05:00:00,11.2,15.7,11.6,14.2,17.6,17.0,16.7,15.5,17.8,18.3
2022-10-19 06:00:00,15.8,21.7,15.8,18.2,25.0,22.7,22.6,21.8,23.1,24.1
2022-10-19 07:00:00,16.4,22.2,15.9,18.6,24.5,22.4,22.8,21.5,22.7,23.7
2022-10-19 08:00:00,16.8,22.7,16.2,18.6,24.3,22.2,22.5,22.5,23.1,23.9
2022-10-19 09:00:00,14.7,20.3,14.4,17.2,23.8,21.4,22.2,21.1,23.1,23.8
2022-10-19 10:00:00,17.4,23.6,15.9,18.6,25.4,23.6,23.5,22.0,24.4,24.4
2022-10-19 11:00:00,13.0,17.9,13.7,15.7,19.2,17.5,18.2,15.6,20.8,20.6
2022-10-19 12:00:00,9.65,13.2,7.90,9.27,13.3,11.9,13.2,10.2,12.6,12.0
2022-10-19 13:00:00,8.37,12.7,12.3,9.08,12.8,11.9,14.2,10.4,12.6,12.8
2022-10-19 14:00:00,8.75,12.6,7.80,9.26,13.6,12.9,16.6,11.0,12.3,12.9
2022-10-19 15:00:00,6.31,9.44,6.02,6.78,12.5,10.1,11.9,9.40,8.95,9.27
2022-10-19 16:00:00,5.77,9.12,4.97,5.98,8.73,8.21,10.3,6.71,7.39,7.68
2022-10-19 17:00:00,4.05,5.76,3.62,4.16,5.68,5.51,6.83,4.33,5.24,5.29
2022-10-19 18:00:00,0.812,1.15,1.08,1.30,1.23,0.958,1.14,0.677,0.983,1.25
2022-10-19 19:00:00,0,0,0.171,0.431,0,0,0,0.0167,0.0833,0.0833
2022-10-19 20:00:00,0.0650,0,0.0132,0.215,0,0,0,0,0.167,0.383
2022-10-19 21:00:00,0.0624,0.0167,0.0132,0.127,0,0,0.0667,0,0.300,0.617
2022-10-19 22:00:00,0.420,0.567,0.145,0.228,0.475,0.467,0.583,0.383,0.250,0.262
2022-10-19 23:00:00,0.728,1.13,0.513,0.773,1.12,1,1.21,0.583,1.06,0.907
2022-10-20 00:00:00,0.221,0.233,0.211,0.329,0.267,0.333,0.342,0.150,0.508,0.450
2022-10-20 01:00:00,0.416,0.617,0.105,0.608,0.933,0.800,0.900,0.350,0.817,0.933
2022-10-20 02:00:00,0.780,1.17,0.724,1.06,1.62,1.62,1.32,0.983,1.48,1.78
2022-10-20 03:00:00,0.494,0.817,0.421,0.709,1.18,0.817,0.850,0.350,0.883,1.13
2022-10-20 04:00:00,0,0.150,0.0395,0.279,0.467,0.433,0.350,0.0500,0.200,0.550
2022-10-20 05:00:00,0.715,1.07,0.527,0.773,1.03,1,1.15,0.717,1.10,1.28
2022-10-20 06:00:00,0.754,1.37,0.764,1.33,1.46,1.35,1.37,0.967,1.45,1.88
2022-10-20 07:00:00,1.68,2.47,1.49,2.19,2.63,2.62,2.65,2.18,2.76,3.20
2022-10-20 08:00:00,2.57,3.63,2.31,3.19,3.73,3.43,3.41,2.65,3.54,4.08
2022-10-20 09:00:00,2.87,3.72,2.50,3.18,4.20,4.29,4.66,3.79,3.78,3.88
2022-10-20 10:00:00,3.56,5.07,2.76,3.60,4.78,5.22,5.95,4.43,4.49,4.80
2022-10-20 11:00:00,4.69,6.71,3.84,4.93,6.90,6.75,6.87,5.43,6.69,6.94
2022-10-20 12:00:00,5.82,8.21,4.69,5.61,7.91,7.21,7.86,5.89,7.16,7.65
2022-10-20 13:00:00,3.99,6.03,3.29,3.92,5.85,5.36,5.87,4.51,5.01,5.55
2022-10-20 14:00:00,8.83,12.1,7.31,8.84,13.6,14.2,17.5,12.4,12.3,12.5
2022-10-20 15:00:00,10.1,13.5,8.38,10.2,13.9,12.7,15.9,11.2,14.0,13.7
2022-10-20 16:00:00,6.58,8.86,5.61,6.40,9.34,8.46,9.46,7.09,8.66,8.75
2022-10-20 17:00:00,9.39,12.5,7.63,9.45,13.4,12.5,13.7,10.5,12.7,12.4
2022-10-20 18:00:00,7.41,10.2,6.71,8.03,11.1,10.4,11.8,9.06,9.82,10.3
2022-10-20 19:00:00,8.66,11.5,6.96,8.58,12.5,11.6,12.0,9.99,11.0,11.0
2022-10-20 20:00:00,7.94,10.6,7.21,8.73,11.4,10.7,11.2,9.25,10.3,10.4
2022-10-20 21:00:00,10.0,14.9,9.51,12.4,14.3,13.5,15.6,11.9,14.4,14.7
2022-10-20 22:00:00,10.3,14.8,9.24,11.8,14.1,14.2,15.7,12.4,14.3,14.4
2022-10-20 23:00:00,14.9,20.8,14.1,16.9,22.7,21.6,22.2,20.0,22.3,22.0
2022-10-21 00:00:00,22.0,30.0,21.5,24.4,33.3,30.8,31.6,30.3,32.2,32.1
2022-10-21 01:00:00,24.4,32.9,25.3,28.4,36.2,33.7,34.6,33.4,36.8,36.7
2022-10-21 02:00:00,24.4,33.2,26.0,28.6,35.7,33.4,33.5,32.6,35.3,35.8
2022-10-21 03:00:00,23.0,31.5,23.4,26.4,33.1,30.7,31.4,30.6,33.1,34.0
2022-10-21 04:00:00,24.8,34.3,24.2,26.6,34.9,32.5,33.1,32.9,36.4,37.6
2022-10-21 05:00:00,22.6,30.9,23.2,25.9,30.8,27.7,28.4,27.3,29.5,30.3
2022-10-21 06:00:00,22.0,30.3,20.6,23.9,31.0,29.7,29.1,27.6,26.4,27.3
2022-10-21 07:00:00,17.0,24.9,15.1,18.3,19.4,17.2,17.4,16.3,18.0,18.5
2022-10-21 08:00:00,20.9,30.0,14.9,17.1,20.7,18.5,19.5,17.8,19.0,20.3
2022-10-21 09:00:00,20.0,30.6,16.3,19.0,26.0,24.4,25.0,22.8,22.4,23.3
2022-10-21 10:00:00,14.8,19.8,11.5,13.9,17.5,15.8,16.7,14.6,16.0,17.3
2022-10-21 11:00:00,4.33,7.15,3.75,4.62,7.60,7.20,9.34,5.93,5.97,6.61
2022-10-21 12:00:00,3.06,5.31,2.96,3.71,5.92,6.42,9.12,4.46,5.24,5.50
2022-10-21 13:00:00,3.28,5.33,3.58,3.73,6.75,7.53,10.1,5.13,5.03,5.45
2022-10-21 14:00:00,3.24,5.96,3.73,4.06,7.35,8.50,10.6,5.69,5.19,6.06
2022-10-21 15:00:00,5.66,9.14,5.24,5.88,9.91,9.46,11.9,7.93,7.96,8.87
2022-10-21 16:00:00,9.10,14.3,8.45,9.56,15.1,13.8,16.8,11.8,12.9,13.3
2022-10-21 17:00:00,13.1,19.9,12.1,13.4,21.6,20.1,24.3,16.9,18.2,18.7
2022-10-21 18:00:00,11.2,17.0,10.0,11.2,16.3,15.8,20.0,13.0,14.8,15.5
2022-10-21 19:00:00,9.34,14.4,8.29,9.31,14.3,13.0,17.8,10.6,12.4,13.1
2022-10-21 20:00:00,7.04,10.9,6.40,7.26,12.4,11.2,15.5,8.70,10.0,10.8
2022-10-21 21:00:00,6.13,9.53,4.94,5.93,11.2,11.2,18.1,7.79,8.56,9.40
2022-10-21 22:00:00,5.50,8.38,4.76,5.55,9.61,9.99,13.3,6.24,7.87,8.78
2022-10-21 23:00:00,4.80,7.70,4.45,5.04,7.68,7.09,8.44,5.56,6.87,7.59
2022-10-22 00:00:00,4.12,6.75,3.96,4.84,6.77,6.19,7.17,5.04,5.85,6.94
2022-10-22 01:00:00,4.34,6.79,3.66,4.77,6.63,5.89,7.13,4.76,5.95,6.65
2022-10-22 02:00:00,4.22,6.57,3.93,4.79,6.43,5.61,6.67,4.56,5.80,6.61
2022-10-22 03:00:00,4.40,7.27,4.08,5.10,7.21,6.29,7.51,5.49,6.17,6.98
2022-10-22 04:00:00,4.43,7.30,4.44,5.21,7.20,6.16,7.20,5.42,6.35,7.05
2022-10-22 05:00:00,4.51,7.11,4.36,5.43,6.69,6.07,7.28,4.81,6.45,7.22
2022-10-22 06:00:00,4.47,7.40,4.42,5.44,6.96,6.13,7.54,5.20,6.74,7.00
2022-10-22 07:00:00,4.71,7.54,4.54,5.43,7.34,6.52,7.75,5.23,6.92,7.28
2022-10-22 08:00:00,4.55,7.95,4.57,5.29,7.36,6.87,8.61,5.29,6.63,7.34
2022-10-22 09:00:00,5.29,9.35,4.83,5.66,8.03,6.94,9.14,5.83,7.16,7.75
2022-10-22 10:00:00,5.47,8.94,4.81,5.58,8.30,7.49,9.24,6.06,7.46,8.17
2022-10-22 11:00:00,5.78,9.04,4.73,5.88,9.20,8.50,10.5,7.19,7.80,9.04
2022-10-22 12:00:00,4.99,8.47,4.84,5.63,9.28,9.06,11.3,7.29,7.80,8.01
2022-10-22 13:00:00,5.77,10.00,5.60,6.23,10.1,9.85,12.0,7.93,8.10,8.43
2022-10-22 14:00:00,6.33,11.3,6.22,7.10,11.0,11.0,13.2,8.62,9.47,10.1
2022-10-22 15:00:00,7.77,12.6,6.90,7.87,12.3,12.2,15.4,9.24,10.8,11.9
2022-10-22 16:00:00,8.69,14.4,7.12,8.30,13.5,13.3,16.0,10.3,11.9,12.8
2022-10-22 17:00:00,8.49,13.9,8.06,9.01,14.3,13.3,16.0,11.1,13.1,13.8
2022-10-22 18:00:00,10.1,15.6,9.08,11.0,15.0,16.6,20.7,11.7,14.9,15.3
2022-10-22 19:00:00,14.0,22.5,16.2,19.8,19.9,18.8,22.4,15.5,19.2,19.8
2022-10-22 20:00:00,22.1,34.5,23.5,27.4,28.7,24.6,27.0,24.2,24.9,25.5
2022-10-22 21:00:00,25.9,39.3,26.2,29.7,26.2,22.7,25.8,21.7,24.7,26.2
2022-10-22 22:00:00,32.4,46.9,22.7,27.6,29.9,27.5,30.1,25.0,17.3,17.7
2022-10-22 23:00:00,28.6,40.2,31.4,34.3,42.0,38.2,43.2,37.0,22.1,23.5
2022-10-23 00:00:00,24.9,37.1,30.9,33.5,35.9,32.6,35.6,28.7,21.4,22.2
2022-10-23 01:00:00,23.8,35.3,16.5,23.3,22.1,19.9,22.4,16.5,20.9,21.4
2022-10-23 02:00:00,23.3,34.6,20.0,22.6,24.6,23.9,25.7,18.8,22.8,23.8
2022-10-23 03:00:00,21.3,31.1,19.6,22.7,27.6,28.7,31.0,23.9,20.5,21.7
2022-10-23 04:00:00,22.6,33.1,23.8,25.4,31.2,30.7,34.8,26.4,25.6,25.5
2022-10-23 05:00:00,23.9,34.8,24.0,26.2,33.6,32.4,36.5,29.0,26.8,26.8
2022-10-23 06:00:00,22.5,32.4,20.4,23.4,31.0,30.0,32.4,26.6,30.4,30.2
2022-10-23 07:00:00,20.9,30.4,19.3,22.0,29.9,27.8,29.0,24.5,30.9,30.7
2022-10-23 08:00:00,20.2,29.8,19.1,21.2,26.0,24.0,23.5,19.7,21.8,23.7
2022-10-23 09:00:00,18.7,26.5,17.0,19.4,22.1,20.2,21.4,16.8,18.5,19.6
2022-10-23 10:00:00,17.5,24.4,14.3,17.1,23.5,20.9,22.6,18.0,18.3,19.0
2022-10-23 11:00:00,13.6,19.3,12.3,14.3,21.6,19.2,21.4,17.6,20.0,20.2
2022-10-23 12:00:00,7.83,12.3,7.38,8.97,14.4,13.5,15.7,12.1,12.8,12.3
2022-10-23 13:00:00,7.10,11.2,6.82,8.28,13.1,11.4,13.1,10.2,11.4,11.3
2022-10-23 14:00:00,6.53,10.9,6.50,7.77,12.2,10.8,11.9,9.58,11.8,12.0
2022-10-23 15:00:00,6.83,10.7,6.53,7.80,12.4,10.2,11.2,10.1,10.7,11.1
2022-10-23 16:00:00,6.89,10.3,6.35,7.29,12.3,10.4,11.8,9.48,10.5,10.8
2022-10-23 17:00:00,6.95,10.1,6.61,7.82,12.1,10.1,11.4,9.13,11.1,11.3
2022-10-23 18:00:00,8.84,13.0,8.62,10.0,13.6,11.4,12.9,10.7,12.7,12.9
2022-10-23 19:00:00,11.1,16.1,14.4,16.1,17.7,15.4,16.7,13.3,17.7,16.8
2022-10-23 20:00:00,18.2,20.4,12.9,14.8,20.8,18.5,19.2,15.9,18.9,18.3
2022-10-23 21:00:00,17.1,23.8,16.8,18.7,24.2,22.0,23.4,19.5,22.4,22.0
2022-10-23 22:00:00,17.9,24.7,16.2,19.2,24.8,23.0,24.0,19.6,22.9,23.6
2022-10-23 23:00:00,16.1,23.2,14.9,17.7,24.2,23.0,23.2,19.2,22.3,22.2
2022-10-24 00:00:00,15.2,22.2,14.1,16.5,23.1,21.9,22.1,17.8,20.7,21.2
2022-10-24 01:00:00,14.9,21.3,13.6,16.0,22.1,20.0,21.2,17.1,20.4,20.2
2022-10-24 02:00:00,14.5,21.2,13.8,15.7,21.2,18.9,21.1,16.8,19.8,19.6
2022-10-24 03:00:00,14.6,22.2,14.3,15.9,22.1,20.5,21.7,17.6,19.5,20.0
2022-10-24 04:00:00,14.9,22.5,14.4,16.3,22.6,20.8,22.2,19.0,21.4,21.9
2022-10-24 05:00:00,14.9,21.1,13.7,15.5,21.7,20.1,21.7,17.8,22.7,22.3
2022-10-24 06:00:00,15.9,23.2,14.5,16.6,23.3,21.2,22.3,18.3,23.3,22.9
2022-10-24 07:00:00,18.5,27.3,16.5,19.3,25.7,24.2,25.7,21.3,25.3,24.9
2022-10-24 08:00:00,19.6,28.5,18.1,20.7,29.8,26.6,28.0,23.0,27.8,27.8
2022-10-24 09:00:00,20.4,28.9,20.1,22.7,32.4,28.7,32.7,27.4,32.0,33.4
2022-10-24 10:00:00,26.1,37.2,23.1,25.0,39.1,35.0,39.1,33.7,34.9,36.5
2022-10-24 11:00:00,24.1,35.1,22.0,24.7,38.3,34.7,39.6,32.8,34.4,35.2
2022-10-24 12:00:00,11.1,17.7,11.4,13.6,21.2,20.2,23.7,18.9,19.4,18.3
2022-10-24 13:00:00,5.30,8.06,5.05,6.23,10.8,10.2,11.7,8.91,9.91,8.63
2022-10-24 14:00:00,2.82,4.94,2.67,3.25,7.48,6.82,7.02,5.58,5.27,5.22
2022-10-24 15:00:00,2.42,4.13,2.02,2.56,5.65,4.93,5.16,4.31,4.52,4.57
2022-10-24 16:00:00,2.29,3.36,1.95,2.12,5.27,4.79,5.16,3.91,4.38,4.26
2022-10-24 17:00:00,1.78,2.43,1.27,1.74,3.64,3.51,4.20,2.71,3.45,3.33
2022-10-24 18:00:00,2.82,3.24,2.09,2.46,4.28,3.76,4.42,3.56,3.94,4.40
2022-10-24 19:00:00,3.72,5.49,3.37,3.92,6.12,5.19,5.63,4.65,5.96,6.17
2022-10-24 20:00:00,5.49,8.59,6.31,7.11,9.72,8.57,9.25,7.31,8.92,9.09
2022-10-24 21:00:00,7.50,10.7,7.47,8.61,10.2,9.86,9.21,7.59,8.55,9.24
2022-10-24 22:00:00,7.50,10.3,7.61,8.93,10.1,10.1,10.3,7.69,9.81,10.2
2022-10-24 23:00:00,7.44,10.9,6.43,7.44,9.11,9.21,9.08,6.94,9.18,9.31
2022-10-25 00:00:00,9.10,13.0,7.84,9.17,12.7,12.3,11.7,9.81,11.2,11.2
2022-10-25 01:00:00,9.84,14.3,9.01,10.9,15.4,14.3,14.7,12.2,12.7,12.3
2022-10-25 02:00:00,10.6,14.9,9.68,11.2,15.0,13.6,14.7,11.7,13.5,12.3
2022-10-25 03:00:00,8.88,12.6,8.53,10.1,12.8,11.3,12.3,9.88,12.6,11.8
2022-10-25 04:00:00,8.93,13.3,8.70,10.4,14.1,12.4,14.0,11.3,13.8,14.1
2022-10-25 05:00:00,10.1,14.5,9.43,10.7,15.0,13.0,14.6,12.0,14.5,14.8
2022-10-25 06:00:00,13.9,20.9,13.1,15.1,21.5,19.0,21.3,17.9,20.2,19.9
2022-10-25 07:00:00,19.0,28.6,20.3,21.6,30.2,27.4,31.0,27.4,25.6,24.3
2022-10-25 08:00:00,27.1,39.6,28.9,30.3,42.6,36.8,42.0,41.6,38.1,37.0
2022-10-25 09:00:00,22.9,32.9,23.2,24.7,37.1,31.2,35.7,34.1,32.9,33.7
2022-10-25 10:00:00,21.4,31.4,21.9,22.8,37.4,32.1,36.2,32.2,29.9,30.6
2022-10-25 11:00:00,23.3,33.8,22.4,23.7,37.6,32.2,36.2,33.0,35.1,35.2
2022-10-25 12:00:00,11.1,16.6,9.87,11.7,19.0,17.4,20.2,15.8,16.7,16.8
2022-10-25 13:00:00,9.06,13.5,8.49,10.1,16.7,14.5,17.1,13.4,15.0,14.8
2022-10-25 14:00:00,6.76,10.3,6.69,7.81,14.7,12.2,13.1,11.7,12.3,12.2
2022-10-25 15:00:00,7.46,11.3,6.92,8.16,15.7,12.8,13.9,12.3,13.2,13.2
2022-10-25 16:00:00,8.28,11.5,7.54,8.61,14.6,12.6,14.0,11.4,12.3,13.2
2022-10-25 17:00:00,10.5,14.8,8.72,10.4,16.9,14.6,15.9,13.1,15.4,16.3
2022-10-25 18:00:00,6.43,9.11,6.62,7.96,11.6,10.0,10.9,9.00,9.60,10.4
2022-10-25 19:00:00,5.24,7.60,5.70,7.96,8.64,8.33,7.71,6.67,7.42,7.86
2022-10-25 20:00:00,6.21,9.05,7.93,9.53,11.4,9.74,10.2,9.10,10.4,10.7
2022-10-25 21:00:00,5.86,7.99,5.79,6.94,9.16,8.65,7.65,6.69,7.43,8.08
2022-10-25 22:00:00,5.97,8.29,5.37,6.39,7.63,7.45,6.98,5.49,7.32,8.20
2022-10-25 23:00:00,5.11,7.33,4.87,5.97,7.35,7.10,6.74,5.54,7.37,7.43
2022-10-26 00:00:00,5.17,7.05,4.97,5.73,7.46,7.62,7.15,5.69,7.86,7.96
2022-10-26 01:00:00,6.35,9.62,5.51,6.78,10.2,9.81,9.85,8.11,9.70,10.1
2022-10-26 02:00:00,8.21,12.3,7.55,8.71,12.0,11.2,11.8,9.53,10.7,11.4
2022-10-26 03:00:00,8.66,12.9,7.75,9.06,11.1,10.5,11.3,8.34,10.3,10.6
2022-10-26 04:00:00,10.7,16.0,9.22,11.1,13.6,12.5,13.2,10.4,11.4,12.3
2022-10-26 05:00:00,10.8,15.1,9.92,11.4,15.0,13.6,14.8,11.6,10.5,11.4
2022-10-26 06:00:00,9.37,14.1,8.49,10.0,13.4,12.0,12.8,10.7,10.3,11.1
2022-10-26 07:00:00,8.51,12.2,6.99,8.39,9.41,9.20,8.89,7.21,7.83,8.48
2022-10-26 08:00:00,8.08,12.6,7.16,8.53,11.0,10.8,9.21,8.25,7.25,8.83
2022-10-26 09:00:00,7.91,11.3,6.51,8.19,9.35,9.32,8.30,6.53,7.87,9.10
2022-10-26 10:00:00,7.13,10.3,5.83,7.30,8.13,6.87,7.82,6.54,8.67,9.55
2022-10-26 11:00:00,3.63,4.89,2.98,3.85,7.60,5.60,6.62,6.52,6.27,7.02
2022-10-26 12:00:00,5.23,7.89,4.64,5.69,10.9,9.26,10.6,8.25,9.50,9.94
2022-10-26 13:00:00,11.8,17.5,10.7,11.9,17.4,16.5,19.3,13.7,15.4,15.9
2022-10-26 14:00:00,20.7,29.4,19.0,21.2,30.0,26.8,31.8,24.2,27.0,27.7
2022-10-26 15:00:00,16.9,23.4,16.1,17.1,24.6,21.8,25.3,19.7,22.9,23.1
2022-10-26 16:00:00,13.7,19.4,13.2,14.9,22.0,19.1,22.2,17.1,19.0,19.4
2022-10-26 17:00:00,18.0,25.5,17.0,18.6,27.4,24.2,27.9,21.8,23.6,24.0
2022-10-26 18:00:00,28.4,39.1,27.9,30.2,40.1,35.8,41.0,32.8,37.0,37.7
2022-10-26 19:00:00,23.8,32.5,26.9,28.8,33.4,30.3,33.2,28.6,31.6,32.0
2022-10-26 20:00:00,0.0780,0.167,0.610,1.08,0.573,0.233,0.322,0.343,0.200,0.155
2022-10-26 21:00:00,0,0,0,0.128,0.0333,0,0,0,0,0
2022-10-26 22:00:00,0,0,0,0,0,0,0,0,0,0
2022-10-26 23:00:00,0,0,0,0,0,0,0,0,0,0
2022-10-27 00:00:00,0,0,0,0,0,0,0,0,0,0
2022-10-27 01:00:00,0,0,0,0,0,0,0,0,0,0
2022-10-27 02:00:00,0,0,0,0,0,0,0,0,0,0
2022-10-27 03:00:00,0,0,0,0,0,0,0,0,0,0
2022-10-27 04:00:00,0,0,0,0,0,0,0,0,0,0
2022-10-27 05:00:00,0,0,0,0,0,0,0,0,0,0
2022-10-27 06:00:00,0,0,0,0.0127,0,0,0,0,0,0
2022-10-27 07:00:00,0,0,0,0.439,0,0.0167,0,0,0.0167,0.0500
2022-10-27 08:00:00,0,0,0.0658,1.36,0,0.0333,0.0167,0,0.0667,0.133
2022-10-27 09:00:00,0,0.0333,0.0922,0.139,0,0.0833,0.0500,0,0.200,0.409
2022-10-27 10:00:00,0,0.100,0.0395,0.0380,0.0667,0.0500,0.305,0,0.0167,0.200
2022-10-27 11:00:00,0.169,0.567,0.553,0.621,0.733,0.613,1.11,0.200,0.862,1
2022-10-27 12:00:00,0.0130,0.183,0.276,0.598,0.849,0.217,0.683,0.200,0.750,1.12
2022-10-27 13:00:00,0.0130,0.0500,0.0790,0.393,1.39,0.367,1.01,0.200,0.950,1.01
2022-10-27 14:00:00,0,0.0500,0.0263,0.114,1.15,0.150,0.417,0.117,0.753,0.860
2022-10-27 15:00:00,0.156,0.600,0.224,0.705,0.991,0.790,1.17,0.100,1.17,1.74
2022-10-27 16:00:00,0.273,0.917,0.592,0.932,1.57,1.20,1.78,0.450,2.80,2.19
2022-10-27 17:00:00,0.312,1.02,0.724,0.861,1.73,1.95,2.60,0.750,2.63,2.42
2022-10-27 18:00:00,0.468,1.33,0.922,1.14,2.32,2.06,2.55,1.02,2.66,2.64
2022-10-27 19:00:00,1.06,2.44,2.02,2.39,5.09,4.73,4.91,2.78,3.63,3.81
2022-10-27 20:00:00,2.66,4.19,3.26,3.29,6.92,7.01,6.91,4.64,5.16,5.23
2022-10-27 21:00:00,3.49,4.65,3.74,4.71,7.67,6.56,6.34,4.75,6.45,6.29
2022-10-27 22:00:00,2.27,3.33,2.52,2.89,5.42,3.81,3.76,3.64,3.55,3.78
2022-10-27 23:00:00,2.26,3.28,2.67,2.84,3.60,3.33,3.14,2.33,4.05,3.86
2022-10-28 00:00:00,4.32,4.41,2.44,3.18,5.07,5.64,5.08,3.74,5.03,4.71
2022-10-28 01:00:00,6.66,5.33,2.62,3.47,4.11,4.74,4.50,3.03,4.68,5.29
2022-10-28 02:00:00,5.83,4.68,2.04,3.15,4.18,5.04,4.63,3.05,4.32,4.50
2022-10-28 03:00:00,1.78,2.79,1.62,2.41,3.47,3.82,3.58,2.71,3.39,3.91
2022-10-28 04:00:00,1.50,2.39,1.21,2.24,3.13,3.74,2.89,2.25,2.64,3.17
2022-10-28 05:00:00,1.01,2.03,0.856,1.63,3.01,3.65,3.01,2.46,2.60,2.55
2022-10-28 06:00:00,0.962,1.78,0.829,1.70,2.94,3.20,2.39,2.41,2.52,2.76
2022-10-28 07:00:00,1.60,2.63,1.35,2.37,3.03,3.80,3.58,2.27,2.97,3.65
2022-10-28 08:00:00,1.61,2.64,1.53,2.60,4.68,4.92,2.59,3.24,2.72,3.05
2022-10-28 09:00:00,1.86,2.39,1.54,2.97,4.24,3.91,3.20,2.72,3.40,3.83
2022-10-28 10:00:00,2.94,4.01,2.69,3.69,6.32,5.48,5.45,4.55,4.86,5.57
2022-10-28 11:00:00,0.790,1.02,0.263,0.646,2.55,1.87,2.14,1.53,1.05,1.74
2022-10-28 12:00:00,0.0130,0.333,0.0263,0.380,1.65,1.49,2.01,0.976,0.600,1
2022-10-28 13:00:00,0.728,0.967,0.461,1.06,3.70,2.77,3.24,2.66,1.05,1.59
2022-10-28 14:00:00,0.806,1.53,0.606,0.941,2.83,2.36,2.73,1.56,1.22,1.72
2022-10-28 15:00:00,0.780,1.18,0.461,0.823,2.72,2.19,2.39,1.79,1.23,1.71
2022-10-28 16:00:00,0.195,0.483,0.0149,0.473,1.61,1.05,1.11,0.707,0.567,0.800
2022-10-28 17:00:00,0.156,0.333,0.105,0.671,1.38,1.12,1.02,0.617,0.600,0.967
2022-10-28 18:00:00,0.481,0.617,1.47,1.57,2.31,2.04,2.20,1.27,0.983,1.30
2022-10-28 19:00:00,0.806,1,2.13,3.01,3.49,2.64,2.13,2.05,2.71,3.14
2022-10-28 20:00:00,2.66,2.85,4.26,5.32,4.42,3.79,2.28,2.77,3.74,3.99
2022-10-28 21:00:00,2.74,3.96,4.68,5.62,8.11,7.82,3.49,5.25,2.72,3.20
2022-10-28 22:00:00,3.62,6.38,4.98,6.02,11.9,12.8,12.6,9.39,3.89,5.17
2022-10-28 23:00:00,5.03,8.32,5.20,5.88,18.7,19.2,20.8,16.6,2.93,4.90
2022-10-29 00:00:00,4.63,7.29,4.64,5.21,18.9,21.1,21.8,15.5,2.82,4.49
2022-10-29 01:00:00,8.41,12.8,7.16,8.96,19.7,19.4,20.9,16.7,7.14,13.0
2022-10-29 02:00:00,6.74,11.0,7.17,9.14,19.8,19.6,20.9,16.6,5.14,11.7
2022-10-29 03:00:00,7.51,11.5,6.44,8.44,15.9,16.8,16.6,14.3,11.6,12.8
2022-10-29 04:00:00,6.92,10.9,5.98,7.67,12.3,14.0,13.7,10.9,13.1,13.7
2022-10-29 05:00:00,7.38,11.2,6.77,8.87,12.1,12.6,13.1,10.5,12.5,12.6
2022-10-29 06:00:00,7.77,12.0,7.59,10.1,12.3,13.0,12.7,11.1,13.7,13.9
2022-10-29 07:00:00,8.69,13.7,9.28,11.8,13.9,14.3,14.3,12.2,14.9,14.5
2022-10-29 08:00:00,11.7,18.0,11.5,13.2,21.2,21.7,21.4,21.4,20.2,20.4
2022-10-29 09:00:00,14.4,21.6,17.1,16.9,14.5,14.8,15.1,13.6,19.6,19.9
2022-10-29 10:00:00,21.9,26.4,11.8,13.4,24.6,24.7,25.3,22.4,20.5,21.2
2022-10-29 11:00:00,19.4,28.1,16.4,18.9,33.4,29.4,32.8,27.4,29.2,29.3
2022-10-29 12:00:00,11.7,20.7,11.8,13.4,20.4,20.3,24.3,17.9,19.4,17.6
2022-10-29 13:00:00,8.22,13.5,8.56,9.58,14.9,14.3,17.3,12.6,12.9,12.3
2022-10-29 14:00:00,4.07,7.61,3.92,4.61,8.04,7.65,9.25,6.46,6.10,6.48
2022-10-29 15:00:00,3.08,5.43,3.19,3.36,6.41,6.18,7.77,4.62,5.01,5.89
2022-10-29 16:00:00,2.60,4.22,2.67,2.89,6.21,6.37,8.11,4.32,5.40,6.16
2022-10-29 17:00:00,2.85,4.98,3.34,3.61,4.19,4.85,7.97,3.08,3.83,4.27
2022-10-29 18:00:00,4.55,7.30,4.95,6.71,7.52,8.06,10.7,6.29,6.91,6.46
2022-10-29 19:00:00,7.77,11.7,9.25,10.6,14.0,11.5,13.2,11.1,10.6,10.8
2022-10-29 20:00:00,13.7,19.6,14.8,18.5,14.4,11.4,13.4,13.2,11.0,12.1
2022-10-29 21:00:00,15.2,22.1,13.9,18.0,19.5,16.5,20.1,14.5,12.4,13.6
2022-10-29 22:00:00,19.1,26.1,19.3,20.5,15.8,14.4,16.1,12.0,20.7,22.5
2022-10-29 23:00:00,15.0,22.5,15.4,17.6,12.0,11.6,11.9,8.75,10.8,12.3
2022-10-30 00:00:00,26.6,38.6,21.8,21.3,28.1,26.6,24.4,22.5,8.92,11.7
2022-10-30 01:00:00,28.6,42.0,35.2,31.1,34.0,32.8,34.6,29.3,14.5,21.7
2022-10-30 02:00:00,25.2,36.2,21.4,24.1,34.5,31.2,32.4,29.4,21.9,27.6
2022-10-30 03:00:00,25.4,35.5,22.0,24.8,34.1,32.6,34.9,30.0,31.8,31.9
2022-10-30 04:00:00,26.9,36.8,23.2,26.4,35.2,34.5,36.1,32.3,35.7,35.1
2022-10-30 05:00:00,23.3,32.1,19.0,21.8,27.9,27.4,27.2,24.1,33.6,32.6
2022-10-30 06:00:00,21.8,30.7,19.1,21.6,31.0,30.6,31.3,27.7,30.3,30.1
2022-10-30 07:00:00,21.9,31.5,20.7,23.7,31.5,30.7,31.6,28.6,34.4,32.0
2022-10-30 08:00:00,23.4,33.2,26.1,29.0,33.8,30.8,32.5,30.8,37.0,37.4
2022-10-30 09:00:00,22.7,29.8,19.7,22.4,32.6,27.0,28.7,30.8,26.2,28.5
2022-10-30 10:00:00,18.3,26.0,19.8,22.7,33.5,27.1,28.9,29.6,31.0,32.6
2022-10-30 11:00:00,23.0,32.5,24.2,26.7,37.8,32.1,35.2,33.7,35.7,37.4
2022-10-30 12:00:00,23.6,39.5,25.3,26.8,43.4,39.1,45.4,40.7,40.5,35.4
2022-10-30 13:00:00,24.1,37.4,23.8,26.1,35.9,33.1,38.9,32.7,34.9,31.7
2022-10-30 14:00:00,26.3,39.3,26.4,28.5,37.4,33.3,38.2,33.9,39.0,39.1
2022-10-30 15:00:00,14.3,21.1,12.9,14.3,22.7,20.0,22.0,19.3,18.2,19.6
2022-10-30 16:00:00,6.55,9.94,7.14,8.18,14.7,12.2,13.9,11.7,12.7,13.0
2022-10-30 17:00:00,8.44,12.7,7.49,8.89,11.9,10.7,12.5,9.04,9.97,10.8
2022-10-30 18:00:00,7.23,11.4,7.08,7.95,16.1,13.0,14.6,13.0,14.4,13.1
2022-10-30 19:00:00,13.5,21.1,14.3,16.0,21.5,17.4,20.0,17.7,21.6,20.9
2022-10-30 20:00:00,25.7,38.8,25.8,28.8,35.2,30.3,34.0,30.4,35.9,37.0
2022-10-30 21:00:00,28.2,39.6,28.0,30.9,26.2,23.2,24.8,20.6,25.1,27.6
2022-10-30 22:00:00,33.0,46.2,27.2,30.1,32.5,30.5,31.2,26.1,18.8,21.8
2022-10-30 23:00:00,37.3,50.6,32.6,34.2,50.7,48.8,52.9,46.4,39.5,40.8
2022-10-31 00:00:00,38.8,53.2,30.6,33.1,51.5,49.9,52.9,46.8,46.6,46.6
2022-10-31 01:00:00,34.5,48.0,28.7,31.7,48.1,47.1,50.9,44.3,44.4,43.3
2022-10-31 02:00:00,31.4,44.0,27.7,30.1,45.8,41.5,44.9,39.1,40.1,39.0
2022-10-31 03:00:00,32.3,44.9,30.7,33.5,44.4,41.4,45.0,39.0,40.7,40.2
2022-10-31 04:00:00,34.8,48.2,33.8,35.8,46.2,43.3,46.1,40.4,42.4,41.7
2022-10-31 05:00:00,34.9,47.7,32.6,35.1,44.4,40.8,43.2,37.5,37.7,38.9
2022-10-31 06:00:00,32.2,43.2,29.4,32.5,39.5,36.1,37.4,33.0,30.0,30.0
2022-10-31 07:00:00,26.2,36.3,25.7,28.8,34.6,30.7,33.8,27.8,30.9,31.3
2022-10-31 08:00:00,25.3,35.5,25.2,27.7,34.7,30.6,33.9,28.9,34.0,35.0
2022-10-31 09:00:00,24.7,34.9,23.6,26.1,29.6,26.1,29.4,24.1,28.6,30.2
2022-10-31 10:00:00,26.7,38.4,24.9,27.8,39.7,35.6,39.8,33.5,37.6,36.3
2022-10-31 11:00:00,30.4,42.9,28.8,31.4,44.5,39.2,43.7,39.0,45.1,44.2
2022-10-31 12:00:00,27.2,37.3,24.7,27.5,41.8,36.2,40.0,35.8,41.6,41.4
2022-10-31 13:00:00,28.5,39.7,22.5,25.5,39.4,34.3,38.0,31.8,35.1,34.9
2022-10-31 14:00:00,21.8,30.2,18.8,22.2,34.1,28.8,32.3,27.9,32.7,32.9
2022-10-31 15:00:00,16.6,23.7,15.5,17.9,26.9,23.2,26.4,21.6,27.2,26.9
2022-10-31 16:00:00,15.2,21.6,13.4,16.1,25.4,21.2,24.0,20.4,24.0,25.0
2022-10-31 17:00:00,15.0,21.0,12.9,15.1,24.9,20.1,23.0,19.5,21.8,22.5
2022-10-31 18:00:00,16.1,23.0,15.0,17.5,26.5,22.2,25.1,21.6,23.0,23.6
2022-10-31 19:00:00,18.1,26.0,22.2,22.8,26.5,22.8,25.6,21.5,25.5,25.4
2022-10-31 20:00:00,26.0,36.9,29.0,31.3,34.8,30.6,33.6,29.7,34.4,34.5
2022-10-31 21:00:00,32.2,45.2,36.1,37.1,46.8,42.0,44.7,40.9,43.5,44.3
2022-10-31 22:00:00,35.0,47.2,36.0,36.4,49.3,44.7,47.5,45.3,47.4,48.9
2022-10-31 23:00:00,36.7,49.2,36.1,36.7,49.6,45.1,48.7,46.6,45.1,46.9
2022-11-01 00:00:00,36.7,50.5,35.3,36.2,50.0,46.1,49.6,47.1,48.4,49.6
2022-11-01 01:00:00,35.1,48.6,36.4,36.6,49.7,44.5,48.4,47.1,45.6,47.8
2022-11-01 02:00:00,36.1,49.6,35.1,35.0,46.7,40.0,46.2,44.5,42.4,45.1
2022-11-01 03:00:00,36.8,49.8,34.4,34.8,46.0,39.5,45.3,43.4,43.7,45.9
2022-11-01 04:00:00,32.3,44.4,32.1,32.9,42.4,36.2,41.0,37.6,39.3,41.9
2022-11-01 05:00:00,28.4,38.6,27.0,28.7,40.2,34.6,38.9,35.3,35.7,36.5
2022-11-01 06:00:00,28.1,40.5,33.0,34.6,49.8,43.9,48.9,46.4,45.5,46.6
2022-11-01 07:00:00,34.2,46.7,35.5,36.6,50.0,44.8,49.6,47.2,48.9,49.8
2022-11-01 08:00:00,36.5,50.3,36.0,36.5,53.2,48.9,53.1,50.4,54.2,53.9
2022-11-01 09:00:00,43.3,58.2,43.7,45.8,61.9,55.9,61.6,58.5,61.3,61.2
2022-11-01 10:00:00,37.8,49.8,43.4,43.6,52.5,48.9,51.8,48.2,51.7,53.0
2022-11-01 11:00:00,16.8,23.3,16.6,19.0,23.7,21.0,23.7,19.1,23.7,24.8
2022-11-01 12:00:00,15.0,22.6,15.7,18.4,26.3,23.8,26.2,21.3,25.9,25.2
2022-11-01 13:00:00,14.9,23.5,16.2,18.7,26.1,22.8,25.3,20.9,24.7,22.5
2022-11-01 14:00:00,12.9,21.7,14.5,16.1,21.6,19.2,20.0,16.9,19.9,19.2
2022-11-01 15:00:00,12.6,19.7,12.1,14.2,19.2,18.4,19.3,15.0,18.2,20.0
2022-11-01 16:00:00,25.4,35.1,22.6,23.2,37.2,33.8,37.5,31.8,33.2,34.2
2022-11-01 17:00:00,26.0,36.8,23.9,23.6,38.2,35.8,40.4,33.9,33.9,34.2
2022-11-01 18:00:00,26.8,38.5,24.2,24.6,35.0,33.0,38.6,32.2,33.8,34.3
2022-11-01 19:00:00,26.3,35.0,29.5,30.1,33.7,31.3,35.6,29.0,35.6,36.7
2022-11-01 20:00:00,25.1,34.2,34.7,38.4,35.8,33.3,36.6,29.7,34.9,37.9
2022-11-01 21:00:00,27.3,38.5,35.2,36.7,39.0,35.5,40.2,34.0,38.9,40.2
2022-11-01 22:00:00,27.0,37.7,35.0,35.4,38.0,35.6,38.7,32.2,36.5,37.2
2022-11-01 23:00:00,27.9,39.6,31.0,32.7,41.1,39.1,42.1,36.3,37.9,39.9
2022-11-02 00:00:00,34.1,46.6,32.8,34.2,46.8,44.5,47.8,43.4,42.7,44.1
2022-11-02 01:00:00,34.4,47.9,33.1,35.0,40.8,37.8,41.9,35.7,44.0,46.0
2022-11-02 02:00:00,34.1,47.2,31.9,33.7,42.2,39.1,42.8,36.3,45.0,46.8
2022-11-02 03:00:00,32.9,45.2,33.3,34.4,43.4,42.0,45.0,38.4,44.8,46.7
2022-11-02 04:00:00,35.3,48.0,34.8,36.0,50.4,48.3,51.3,47.4,48.1,50.3
2022-11-02 05:00:00,34.8,47.2,35.8,36.4,49.2,49.2,52.4,46.7,49.6,52.2
2022-11-02 06:00:00,33.8,46.1,33.4,34.4,45.2,45.1,48.7,41.5,42.8,44.7
2022-11-02 07:00:00,35.7,48.7,33.8,34.6,46.7,46.5,49.6,42.9,47.1,48.4
2022-11-02 08:00:00,38.0,51.5,35.6,37.1,47.7,47.1,50.7,44.8,50.0,50.1
2022-11-02 09:00:00,38.7,53.1,37.4,38.3,53.7,53.2,57.4,51.5,51.2,51.4
2022-11-02 10:00:00,39.7,53.3,35.8,37.4,56.4,53.2,55.9,51.8,51.7,53.1
2022-11-02 11:00:00,39.5,54.2,37.8,39.2,55.5,52.5,55.8,51.4,55.3,55.0
2022-11-02 12:00:00,36.7,55.8,37.3,39.4,56.5,54.4,59.7,54.1,55.7,51.3
2022-11-02 13:00:00,32.6,47.5,30.4,32.7,49.7,46.0,50.9,46.9,48.2,44.1
2022-11-02 14:00:00,22.2,36.9,22.3,24.8,40.1,35.0,36.5,34.2,39.0,34.6
2022-11-02 15:00:00,34.1,48.3,31.9,33.1,50.9,46.0,47.0,47.2,48.0,48.4
2022-11-02 16:00:00,38.8,51.9,37.4,35.4,54.5,50.2,53.9,50.6,51.6,51.6
2022-11-02 17:00:00,35.6,48.5,36.7,34.0,51.7,47.8,51.7,47.8,52.0,51.3
2022-11-02 18:00:00,36.8,49.5,36.4,35.1,49.8,47.4,51.9,48.2,51.5,51.2
2022-11-02 19:00:00,43.2,57.4,42.1,42.3,61.6,55.4,59.8,58.2,57.8,57.9
2022-11-02 20:00:00,49.0,65.8,48.7,48.4,67.0,62.2,65.8,64.0,65.8,65.8
2022-11-02 21:00:00,49.5,65.8,48.4,48.3,69.4,63.0,67.8,67.8,66.7,66.5
2022-11-02 22:00:00,41.2,53.6,38.8,39.3,58.0,52.5,56.9,56.1,54.1,54.1
2022-11-02 23:00:00,38.5,50.0,36.0,36.6,53.7,48.4,51.9,50.7,50.2,50.0
2022-11-03 00:00:00,41.4,55.4,41.3,41.6,58.3,52.6,56.8,55.0,55.4,55.4
2022-11-03 01:00:00,41.8,56.6,43.3,43.3,58.6,53.4,58.1,56.3,57.0,57.5
2022-11-03 02:00:00,46.3,62.5,47.0,46.9,64.3,58.0,62.9,63.4,59.8,60.9
2022-11-03 03:00:00,46.4,62.4,47.6,46.9,66.5,59.4,64.9,67.5,62.3,64.4
2022-11-03 04:00:00,42.1,56.8,43.0,43.4,65.0,56.7,61.6,64.7,60.7,61.3
2022-11-03 05:00:00,49.8,65.7,49.5,49.2,70.5,62.5,69.6,73.1,66.9,66.2
2022-11-03 06:00:00,47.2,60.3,44.4,43.8,61.3,54.1,60.2,62.0,57.1,57.2
2022-11-03 07:00:00,39.7,51.5,38.1,38.3,54.4,48.1,53.1,55.1,51.2,50.4
2022-11-03 08:00:00,39.9,51.4,38.4,37.9,53.2,46.4,51.5,52.1,49.4,49.6
2022-11-03 09:00:00,40.3,52.3,38.3,38.1,54.6,48.0,53.2,53.1,50.1,51.4
2022-11-03 10:00:00,43.5,57.7,40.7,41.5,59.3,53.5,58.2,57.3,55.1,57.1
2022-11-03 11:00:00,47.1,62.0,45.5,46.5,65.6,60.2,65.0,63.7,60.9,62.6
2022-11-03 12:00:00,48.6,63.0,45.9,47.0,65.2,58.7,64.4,62.6,61.0,62.4
2022-11-03 13:00:00,38.1,49.4,33.8,35.8,51.8,46.0,51.4,48.6,47.2,48.1
2022-11-03 14:00:00,40.3,52.2,38.2,39.0,55.1,49.8,55.0,52.0,51.9,52.7
2022-11-03 15:00:00,46.1,59.6,43.8,45.4,62.4,56.4,62.0,59.5,59.6,60.5
2022-11-03 16:00:00,51.8,66.4,49.7,51.1,70.5,63.9,69.0,67.8,67.0,68.1
2022-11-03 17:00:00,53.2,68.0,50.4,50.8,70.6,65.0,69.7,67.9,67.3,67.3
2022-11-03 18:00:00,49.6,65.4,48.0,46.5,63.3,61.1,66.3,63.0,62.8,62.1
2022-11-03 19:00:00,50.5,66.9,49.8,50.0,66.7,63.0,68.6,63.5,63.4,63.9
2022-11-03 20:00:00,54.2,71.7,56.0,55.3,72.2,67.8,71.5,69.2,70.0,71.0
2022-11-03 21:00:00,56.3,73.1,53.4,53.8,74.1,68.7,73.8,73.0,70.1,70.7
2022-11-03 22:00:00,41.6,53.0,38.2,39.7,62.3,53.4,58.8,62.2,54.5,56.2
2022-11-03 23:00:00,39.7,52.0,36.4,38.4,56.6,48.8,54.4,60.7,52.4,54.3
2022-11-04 00:00:00,39.0,50.5,35.8,37.2,55.3,49.3,53.8,56.2,52.7,53.2
2022-11-04 01:00:00,37.9,51.9,37.7,38.6,61.9,54.9,59.2,60.3,58.2,57.2
2022-11-04 02:00:00,39.1,52.7,38.9,39.3,58.8,51.5,57.4,57.4,58.3,58.5
2022-11-04 03:00:00,36.5,50.0,37.7,38.2,55.0,47.9,53.6,55.8,52.9,53.6
2022-11-04 04:00:00,36.8,49.5,34.9,36.0,52.6,45.9,51.6,54.4,49.2,50.5
2022-11-04 05:00:00,30.4,41.4,28.1,30.2,47.6,40.8,45.0,46.2,43.3,44.9
2022-11-04 06:00:00,30.8,43.5,30.0,31.8,49.3,42.6,47.4,47.5,45.0,44.7
2022-11-04 07:00:00,28.9,42.3,31.1,32.9,48.7,42.5,47.7,47.9,48.2,48.6
2022-11-04 08:00:00,28.5,41.3,31.6,31.9,45.3,40.2,45.6,43.6,48.9,47.3
2022-11-04 09:00:00,31.0,44.8,32.2,34.1,46.6,42.1,46.2,43.8,47.0,46.1
2022-11-04 10:00:00,33.3,45.5,30.5,33.4,48.3,45.0,48.4,44.6,46.3,45.5
2022-11-04 11:00:00,29.7,41.3,25.8,28.5,40.9,37.0,41.1,35.5,38.1,38.0
2022-11-04 12:00:00,13.6,22.2,13.2,15.8,24.1,22.0,25.9,19.9,21.8,20.0
2022-11-04 13:00:00,13.0,20.6,11.7,13.6,22.1,20.5,24.8,17.9,18.4,17.6
2022-11-04 14:00:00,11.9,18.9,11.1,12.7,19.9,20.1,22.0,15.8,17.3,17.5
2022-11-04 15:00:00,11.9,18.3,11.5,12.8,20.4,19.7,23.1,15.9,17.4,18.1
2022-11-04 16:00:00,12.1,18.2,11.6,12.3,19.3,18.1,20.7,15.1,16.6,17.5
2022-11-04 17:00:00,12.2,18.2,11.2,12.4,20.3,19.1,21.1,15.2,16.8,16.9
2022-11-04 18:00:00,13.3,19.8,12.2,13.2,20.9,19.6,23.6,16.1,17.4,17.8
2022-11-04 19:00:00,13.9,20.7,12.9,14.3,21.3,19.5,24.6,15.7,18.4,19.0
2022-11-04 20:00:00,14.2,20.9,15.1,16.1,22.7,20.7,28.9,16.7,19.3,20.1
2022-11-04 21:00:00,15.3,22.8,16.1,17.2,23.1,21.4,26.2,18.0,21.3,21.9
2022-11-04 22:00:00,14.9,23.3,14.0,15.6,21.1,19.1,22.8,16.0,20.0,20.8
2022-11-04 23:00:00,14.7,21.8,14.6,15.2,21.0,18.6,21.3,16.3,21.0,21.3
2022-11-05 00:00:00,14.5,21.0,13.8,15.2,21.1,19.4,20.4,16.7,20.3,20.6
2022-11-05 01:00:00,13.1,19.5,12.2,13.6,20.1,18.0,19.4,15.4,18.1,19.4
2022-11-05 02:00:00,12.7,19.2,12.4,14.0,20.0,18.0,19.6,16.0,19.0,20.1
2022-11-05 03:00:00,12.5,18.6,11.7,12.9,19.3,17.3,18.6,15.6,18.1,19.2
2022-11-05 04:00:00,9.80,14.7,9.39,10.7,14.9,13.6,14.3,11.6,13.8,14.8
2022-11-05 05:00:00,7.39,11.0,6.90,7.97,11.5,10.4,11.3,8.89,10.6,11.3
2022-11-05 06:00:00,6.10,9.27,5.98,6.74,9.60,8.75,9.61,7.19,9.26,9.90
2022-11-05 07:00:00,5.31,8.29,4.98,5.88,8.71,7.82,8.51,6.52,7.83,8.49
2022-11-05 08:00:00,4.39,7.06,4.24,4.76,7.52,6.73,8.26,5.56,6.41,6.97
2022-11-05 09:00:00,3.77,6.60,3.67,4.42,6.82,5.91,6.80,4.92,5.90,6.61
2022-11-05 10:00:00,3.54,6.00,3.35,3.95,6.29,5.76,6.16,4.70,5.49,6.21
2022-11-05 11:00:00,3.19,5.44,3.19,3.78,5.83,5.51,7.00,4.77,4.97,5.71
2022-11-05 12:00:00,3.03,5.45,3.12,3.47,6.15,6.61,7.77,4.94,5.25,5.74
2022-11-05 13:00:00,3.00,5.10,3.29,3.74,6.28,6.98,8.68,4.82,5.17,5.72
2022-11-05 14:00:00,2.93,5.30,3.52,3.99,6.20,7.18,9.41,4.78,6.14,7.05
2022-11-05 15:00:00,2.38,4.24,2.36,2.91,5.66,5.46,7.14,3.95,4.34,5.18
2022-11-05 16:00:00,1.92,3.55,1.65,2.12,4.52,4.90,6.10,2.73,3.15,3.73
2022-11-05 17:00:00,1.26,2.66,0.908,1.39,3.33,3.50,4.87,2.13,1.80,2.04
2022-11-05 18:00:00,0.936,2.19,0.803,1.14,3.44,4.12,5.94,2.11,2.85,3.56
2022-11-05 19:00:00,0.936,2.05,1.11,1.55,4.06,3.55,4.31,3.39,2.23,2.82
2022-11-05 20:00:00,0.975,2.11,1.44,1.83,4.65,3.68,3.97,3.52,1.33,1.88
2022-11-05 21:00:00,1.46,2.67,1.08,1.87,4.36,3.57,4.04,3.39,2.30,2.34
2022-11-05 22:00:00,1.19,2.47,1.08,1.55,3.71,3.34,3.86,2.58,2.32,2.71
2022-11-05 23:00:00,0.715,1.27,0.645,0.785,1.89,1.71,2.80,1.02,1.37,2.23
2022-11-06 00:00:00,0.325,0.883,0.211,0.646,1.23,1.24,1.21,0.567,0.833,0.933
2022-11-06 01:00:00,0.904,1.82,0.869,1.10,1.75,1.49,2.28,1.36,1.74,1.83
2022-11-06 01:00:00,2.28,3.79,2.07,2.62,3.46,3.02,4.39,2.77,3.71,3.56
2022-11-06 02:00:00,3.20,4.47,2.87,3.39,4.55,3.89,5.04,3.16,4.34,4.25
2022-11-06 03:00:00,3.41,5.54,3.28,3.73,5.10,4.27,5.25,3.78,4.81,4.82
2022-11-06 04:00:00,3.20,5.16,2.96,3.56,4.42,3.63,4.59,2.94,4.62,4.92
2022-11-06 05:00:00,1.74,2.74,1.30,1.60,2.21,1.69,2.29,1.28,2.28,2.11
2022-11-06 06:00:00,0.117,0.567,0.0263,0.279,0.350,0.133,0.417,0.0167,0.533,0.300
2022-11-06 07:00:00,0,0.117,0,0.0267,0.150,0,0.183,0.0167,0.617,0.183
2022-11-06 08:00:00,0.0130,0.200,0.0263,0.127,0.233,0.150,0.667,0.0167,0.483,0.483
2022-11-06 09:00:00,0,0.0333,0,0.0253,0,0,0.100,0,0.233,0.133
2022-11-06 10:00:00,0,0,0,0,0,0,0.150,0,0.350,0
2022-11-06 11:00:00,0,0.0167,0,0,0,0,0.0500,0,0,0
2022-11-06 12:00:00,0,0.117,0.0263,0.0380,0.100,0.167,0.450,0.0333,0.167,0.183
2022-11-06 13:00:00,0.0390,0.900,0.0527,0.190,1.04,1.35,2.38,0.483,0.583,0.900
2022-11-06 14:00:00,0.975,2.04,0.698,1.10,2.37,2.79,3.97,1.32,1.48,1.97
2022-11-06 15:00:00,2.21,3.63,1.43,2.17,3.33,3.73,5.08,2.76,3.22,3.77
2022-11-06 16:00:00,2.88,4.75,2.26,2.70,4.47,4.61,5.94,3.29,4.04,4.48
2022-11-06 17:00:00,1.71,3.06,2.11,2.54,2.12,2.38,3.51,1.38,1.87,2.43
2022-11-06 18:00:00,2.27,2.74,1.95,1.97,1.89,1.90,2.44,1.29,1.40,1.64
2022-11-06 19:00:00,1.59,2.75,2.29,2.20,2.47,2.40,3.23,1.42,2.06,2.18
2022-11-06 20:00:00,1.75,3.18,2.02,1.99,2.35,2.26,3.17,1.38,2.08,2.27
2022-11-06 21:00:00,1.70,2.64,2.20,2.25,2.44,2.54,3.19,1.33,2.40,2.30
2022-11-06 22:00:00,1.47,2.35,2.00,2.04,2.63,2.46,3.13,1.66,2.42,2.31
2022-11-06 23:00:00,0.832,1.83,1.13,1.55,1.71,1.92,2.59,1.02,2.23,2.21
2022-11-07 00:00:00,1.73,3.01,2.18,2.69,2.71,2.49,3.25,1.62,3.50,3.68
2022-11-07 01:00:00,2.44,3.99,2.69,3.16,3.35,3.23,3.86,2.21,4.03,4.41
2022-11-07 02:00:00,1.91,3.10,2.34,2.99,3.59,3.27,4.06,2.68,4.04,4.19
2022-11-07 03:00:00,2.29,3.78,2.39,3.00,3.94,3.53,4.31,2.91,4.18,4.17
2022-11-07 04:00:00,2.50,3.99,2.31,3.11,4.11,3.26,4.24,2.62,3.98,3.98
2022-11-07 05:00:00,2.49,4.13,2.29,2.92,3.96,3.62,4.35,2.93,4.10,4.09
2022-11-07 06:00:00,1.79,3.22,1.81,2.39,3.12,2.75,3.55,2.13,3.32,3.48
2022-11-07 07:00:00,1.59,2.83,1.98,2.38,3.00,2.55,3.29,2.06,3.46,3.37
2022-11-07 08:00:00,2.33,3.73,2.07,2.68,3.43,3.25,4.02,2.26,3.79,3.48
2022-11-07 09:00:00,1.87,2.80,1.83,2.21,2.62,2.28,2.77,1.66,2.88,3.06
2022-11-07 10:00:00,0.585,1.28,0.777,0.998,1.03,0.967,1.20,0.333,1.07,1.30
2022-11-07 11:00:00,0.156,0.950,0.329,0.646,0.500,0.383,0.783,0,0.583,0.833
2022-11-07 12:00:00,0.156,1,0.290,0.621,0.367,0.233,0.950,0.183,0.717,0.800
2022-11-07 13:00:00,1.03,2.14,0.987,1.57,2.22,1.70,2.29,1.38,2.12,2.18
2022-11-07 14:00:00,1.62,2.92,1.59,2.13,2.88,2.50,3.07,1.86,2.47,3.13
2022-11-07 15:00:00,2.58,4.22,2.58,2.78,4.04,3.69,4.26,2.87,3.88,4.37
2022-11-07 16:00:00,2.47,3.98,2.43,2.80,3.75,3.67,4.15,2.66,3.89,4.26
2022-11-07 17:00:00,1.77,3.12,1.99,2.46,3.17,2.97,3.68,1.90,3.40,3.90
2022-11-07 18:00:00,1.70,2.58,1.65,2.22,2.23,1.92,2.56,1.32,2.61,2.84
2022-11-07 19:00:00,0.806,1.25,0.777,1.17,1.80,1.08,1.63,0.717,1.23,1.49
2022-11-07 20:00:00,1.38,1.75,1.48,1.80,2.63,1.30,2.49,1.58,1.48,1.81
2022-11-07 21:00:00,1.51,2.30,2.47,2.48,2.57,2.29,2.97,2.46,2.38,2.68
2022-11-07 22:00:00,1.50,2.06,1.98,2.35,1.95,1.76,2.17,1.50,2.14,2.80
2022-11-07 23:00:00,1.51,2.11,1.78,2.10,2.13,1.88,2.38,1.07,2.18,2.76
2022-11-08 00:00:00,1.61,2.29,1.43,2.15,2.51,2.11,2.36,1.27,2.31,2.75
2022-11-08 01:00:00,1.75,2.48,1.49,2.17,2.87,2.89,2.91,1.86,3.06,3.22
2022-11-08 02:00:00,1.07,1.56,1.17,1.50,1.87,1.72,1.61,1.24,2.00,2.42
2022-11-08 03:00:00,0.390,0.850,0.303,0.608,0.817,0.600,0.917,0.0167,0.683,1.13
2022-11-08 04:00:00,0.0130,0.217,0.0132,0.253,0.217,0.0667,1.64,0,0.183,0.567
2022-11-08 05:00:00,0.0390,0.383,0.0395,0.253,0.300,0.250,0.890,0,0.550,0.933
2022-11-08 06:00:00,0.0390,0.383,0,0.190,0.850,0.773,0.900,0,1.03,1.58
2022-11-08 07:00:00,0,0.583,0.0132,0.507,0.817,0.900,0.667,0.0500,1.94,1.75
2022-11-08 08:00:00,0.403,1.15,0.671,1.00,0.950,1.66,1.49,0.500,2.89,2.17
2022-11-08 09:00:00,0.624,0.983,0.632,1.05,1.66,1.93,1.50,1.14,3.64,3.04
2022-11-08 10:00:00,0.0130,0.483,0.0527,0.469,0.933,1.19,1.02,0.367,7.31,2.40
2022-11-08 11:00:00,0,0.0833,0,0.165,0.450,0.283,0.885,0.217,3.45,1.81
2022-11-08 12:00:00,0,0,0.0132,0.215,0.350,0.0333,0.150,0.0333,2.69,1.51
2022-11-08 13:00:00,0,0.0667,0.0132,0.342,0.367,0.367,0.350,0.0500,4.26,2.23
2022-11-08 14:00:00,0,0.0833,0.0395,0.291,0.983,0.511,0.733,0.133,5.65,2.52
2022-11-08 15:00:00,0,0.0500,0.0132,0.0380,1.13,1.12,1.22,0.450,3.55,2.27
2022-11-08 16:00:00,0.117,0.233,0.203,0.402,1.86,1.69,2.68,1.16,9.90,3.70
2022-11-08 17:00:00,0.780,1,0.224,0.671,2.60,2.68,3.75,1.71,4.32,5.33
2022-11-08 18:00:00,1.34,2.17,0.721,2.18,2.55,1.95,2.06,1.57,5.44,6.40
2022-11-08 19:00:00,1.96,2.77,5.75,6.75,2.95,2.24,2.41,1.85,4.36,6.20
2022-11-08 20:00:00,2.89,4.03,6.71,8.29,4.12,3.47,3.06,2.67,5.67,7.64
2022-11-08 21:00:00,2.84,3.13,3.85,4.88,3.56,3.11,2.56,2.18,5.51,7.14
2022-11-08 22:00:00,1.64,2.66,0.948,1.66,3.54,3.09,1.78,2.71,2.81,3.80
2022-11-08 23:00:00,3.33,3.46,1.34,2.11,3.41,3.37,2.29,2.01,2.04,2.88
2022-11-09 00:00:00,0.312,0.183,0.0132,0.0887,3.16,2.63,2.79,1.95,1.07,1.81
2022-11-09 01:00:00,0,0,0.0132,0,0.533,0.133,0.500,0.0167,0.683,1.25
2022-11-09 02:00:00,0,0,0,0,0.0167,0,0.0167,0,0.600,0.950
2022-11-09 03:00:00,0,0,0,0,0,0,0.0167,0,0.667,0.783
2022-11-09 04:00:00,0,0,0,0,0,0,0.0500,0,0.750,0.883
2022-11-09 05:00:00,0,0,0,0,0.0500,0,0.0833,0,0.700,0.950
2022-11-09 06:00:00,0,0,0,0,0.0167,0,0.200,0,0.717,1.05
2022-11-09 07:00:00,0.0260,0,0.0134,0.0887,0.367,0.513,0.417,0.0167,0.967,1.20
2022-11-09 08:00:00,0.585,0.567,0.246,0.595,1.13,1.15,1.05,0.450,1.51,2.20
2022-11-09 09:00:00,0.728,0.950,0.321,0.747,1.18,1.37,1.34,0.933,1.51,2.23
2022-11-09 10:00:00,0.416,0.733,0.158,0.684,1.52,1.03,1.20,0.827,1.69,2.30
2022-11-09 11:00:00,0.195,1.02,0.211,0.798,2.13,1.57,2.12,1.39,2.54,2.16
2022-11-09 12:00:00,0.520,1,0.619,0.823,2.69,1.96,3.05,1.87,3.17,2.62
2022-11-09 13:00:00,0.715,1.89,1.02,1.42,4.33,3.17,4.61,3.48,3.67,3.11
2022-11-09 14:00:00,1.99,3.53,1.97,2.36,5.21,4.94,5.27,3.93,3.46,4.01
2022-11-09 15:00:00,2.95,4.70,2.75,3.30,5.58,5.76,7.33,4.07,4.38,4.97
2022-11-09 16:00:00,3.77,5.84,3.67,4.19,8.57,7.04,8.25,7.36,10.6,7.87
2022-11-09 17:00:00,4.54,6.84,3.95,4.95,8.77,7.25,9.68,6.67,8.65,9.55
2022-11-09 18:00:00,3.93,7.09,4.22,5.42,8.39,6.60,7.79,6.77,6.97,8.08
2022-11-09 19:00:00,4.94,8.28,8.19,9.31,7.84,6.47,7.46,6.16,6.99,8.45
2022-11-09 20:00:00,6.60,10.6,7.58,9.14,10.5,8.84,9.37,8.53,7.71,10.4
2022-11-09 21:00:00,6.20,8.63,4.63,5.29,9.53,8.87,7.28,7.50,9.94,8.15
2022-11-09 22:00:00,4.98,7.79,4.40,5.73,8.41,8.37,10.0,5.78,8.40,8.47
2022-11-09 23:00:00,4.64,6.81,7.00,7.21,5.30,4.70,5.95,3.34,4.17,4.63
2022-11-10 00:00:00,5.76,8.63,7.59,9.01,5.67,4.72,5.80,4.03,5.67,5.89
2022-11-10 01:00:00,6.39,9.34,6.86,8.24,5.16,4.21,5.17,3.58,5.87,6.35
2022-11-10 02:00:00,4.24,6.71,4.36,4.83,5.24,4.18,5.05,3.65,5.61,5.98
2022-11-10 03:00:00,2.49,4.27,2.06,2.58,3.26,2.54,3.32,2.01,3.24,3.43
2022-11-10 04:00:00,1.72,3.15,1.57,2.14,3.00,2.54,3.03,1.92,2.45,3.05
2022-11-10 05:00:00,2.32,3.93,1.98,2.50,3.82,3.07,3.73,2.51,3.10,3.41
2022-11-10 06:00:00,2.57,4.53,2.35,2.88,3.89,3.22,4.12,2.70,3.58,4.13
2022-11-10 07:00:00,2.58,5.58,2.52,2.95,4.13,3.54,4.63,2.88,3.88,4.19
2022-11-10 08:00:00,3.52,6.39,3.79,3.90,5.56,4.52,5.70,3.72,4.77,5.29
2022-11-10 09:00:00,4.09,6.54,3.88,4.48,5.93,5.16,6.46,4.32,5.59,5.77
2022-11-10 10:00:00,4.87,7.51,4.60,5.08,7.27,6.39,8.12,5.43,6.86,7.60
2022-11-10 11:00:00,5.47,9.11,5.16,6.05,8.76,8.03,10.0,6.77,8.05,8.15
2022-11-10 12:00:00,9.14,14.4,8.44,10.1,14.1,13.2,15.9,11.6,13.0,14.0
2022-11-10 13:00:00,11.0,17.8,10.5,12.0,18.2,16.7,19.3,15.1,16.0,16.0
2022-11-10 14:00:00,11.3,17.9,11.2,12.1,18.5,16.7,19.4,15.2,15.8,16.7
2022-11-10 15:00:00,12.0,18.9,10.3,11.4,17.5,16.6,18.8,14.2,15.3,16.3
2022-11-10 16:00:00,10.9,16.9,10.1,11.3,17.4,15.9,19.0,13.9,14.9,15.6
2022-11-10 17:00:00,9.87,15.4,8.93,10.0,15.5,14.0,17.6,12.4,13.5,13.9
2022-11-10 18:00:00,9.45,14.5,8.73,9.75,14.6,13.7,17.0,11.3,12.5,13.3
2022-11-10 19:00:00,10.5,17.5,11.0,11.6,15.3,14.0,17.4,12.1,13.8,14.9
2022-11-10 20:00:00,11.5,18.8,12.5,13.4,15.1,14.3,19.0,11.7,14.7,15.9
2022-11-10 21:00:00,10.0,16.4,12.1,12.5,12.2,11.5,14.9,9.50,12.5,14.1
2022-11-10 22:00:00,8.12,13.5,8.57,9.33,10.4,9.58,13.5,7.44,11.6,12.7
2022-11-10 23:00:00,4.09,6.97,4.10,4.68,6.04,5.22,6.44,4.51,6.22,6.94
2022-11-11 00:00:00,3.32,5.58,3.51,3.88,5.19,4.40,5.41,3.82,4.83,5.41
2022-11-11 01:00:00,3.35,5.73,3.34,3.91,5.38,4.45,5.30,3.97,4.93,5.51
2022-11-11 02:00:00,3.13,5.19,2.65,3.36,4.58,3.89,4.82,3.21,3.81,4.50
2022-11-11 03:00:00,2.55,4.33,1.99,2.49,3.57,2.89,3.48,2.26,3.02,3.59
2022-11-11 04:00:00,2.20,3.98,1.83,2.25,3.09,2.61,3.10,2.10,2.54,2.70
2022-11-11 05:00:00,1.77,3.55,1.84,2.24,3.00,2.56,2.98,2.05,2.72,3.23
2022-11-11 06:00:00,1.76,3.35,1.77,2.31,3.10,2.50,3.36,2.16,2.75,2.97
2022-11-11 07:00:00,2.96,5.31,2.93,3.47,3.83,3.93,4.65,2.88,4.46,3.93
2022-11-11 08:00:00,3.30,6.33,3.67,4.51,6.06,6.73,6.42,5.41,8.55,6.20
2022-11-11 09:00:00,4.16,8.14,4.63,6.17,10.3,9.09,9.65,8.31,12.5,10.8
2022-11-11 10:00:00,4.90,8.75,5.38,6.57,9.93,9.77,10.1,7.99,11.5,10.2
2022-11-11 11:00:00,4.70,8.20,4.36,5.18,10.2,8.38,10.3,9.45,11.5,11.9
2022-11-11 12:00:00,3.46,6.92,3.62,4.12,8.59,6.77,8.17,7.68,8.05,9.20
2022-11-11 13:00:00,4.42,7.99,5.04,5.73,9.53,8.12,8.68,7.46,11.8,11.0
2022-11-11 14:00:00,9.01,13.5,10.4,12.4,17.1,14.2,16.3,14.4,16.7,17.2
2022-11-11 15:00:00,8.72,12.2,8.00,9.50,14.8,12.6,13.2,11.3,15.3,14.9
2022-11-11 16:00:00,4.85,7.13,5.17,6.09,8.54,7.13,7.49,6.14,10.3,9.26
2022-11-11 17:00:00,5.36,8.02,6.12,7.13,9.94,8.65,9.09,7.45,13.1,11.5
2022-11-11 18:00:00,13.0,19.0,15.0,16.1,23.1,19.8,19.9,18.5,23.3,21.0
2022-11-11 19:00:00,15.5,22.0,17.6,19.1,26.1,21.4,21.4,21.7,24.0,23.6
2022-11-11 20:00:00,23.1,31.7,23.1,25.1,38.5,31.2,35.2,33.8,31.7,33.6
2022-11-11 21:00:00,26.2,36.3,26.5,28.5,40.7,32.5,37.6,35.3,35.2,37.3
2022-11-11 22:00:00,13.5,19.2,14.1,15.7,23.8,19.6,21.9,19.4,18.8,20.0
2022-11-11 23:00:00,8.79,11.8,8.68,9.74,15.1,12.7,14.1,11.9,11.9,12.2
2022-11-12 00:00:00,16.8,24.1,16.3,18.5,26.3,24.3,27.0,22.2,24.3,24.7
2022-11-12 01:00:00,21.6,30.6,21.0,23.4,30.9,28.8,32.2,26.8,29.5,29.6
2022-11-12 02:00:00,12.2,17.4,12.2,14.0,19.5,17.7,19.6,16.1,18.5,19.8
2022-11-12 03:00:00,7.09,10.4,7.43,8.68,11.1,10.1,11.5,9.08,11.1,11.9
2022-11-12 04:00:00,0.481,1.14,0.560,1.12,1.08,1.07,1.44,0.500,1.10,1.68
2022-11-12 05:00:00,0.0650,0.683,0.119,0.722,0.683,0.433,0.967,0.200,0.750,0.950
2022-11-12 06:00:00,0,0.133,0,0.127,0.0833,0.0333,0.367,0,0.267,0.533
2022-11-12 07:00:00,2.28,3.47,1.89,2.44,3.76,3.38,3.60,2.62,3.66,3.62
2022-11-12 08:00:00,4.23,5.90,3.57,4.68,6.32,5.57,6.21,4.63,5.64,5.85
2022-11-12 09:00:00,3.04,4.25,2.67,3.11,4.55,3.97,4.41,3.24,4.33,4.41
2022-11-12 10:00:00,2.20,3.66,1.85,2.34,3.56,3.17,3.68,2.38,3.48,3.21
2022-11-12 11:00:00,1.37,2.35,1.33,1.54,2.05,2.13,2.76,1.58,2.40,2.13
2022-11-12 12:00:00,0.169,0.300,0.250,0.588,0.200,0.183,0.300,0.117,0.300,0.267
2022-11-12 13:00:00,0,0.117,0.250,0.418,0,0.133,0.133,0,0.333,0.567
2022-11-12 14:00:00,0.0520,0.183,0.0527,0.561,0.117,0.217,0.283,0.0500,0.317,0.417
2022-11-12 15:00:00,0.117,0.483,0.351,0.838,0.267,0.367,0.717,0.0500,0.900,1.02
2022-11-12 16:00:00,0.234,0.650,0.876,1.32,0.917,0.800,1.05,0.583,0.817,1.02
2022-11-12 17:00:00,0.965,1.10,1.12,1.31,1.17,1.40,1.47,0.983,1.23,1.37
2022-11-12 18:00:00,1.99,2.40,2.05,2.60,2.65,2.41,2.90,2.31,3.04,3.38
2022-11-12 19:00:00,2.89,4.25,3.99,3.60,5.16,4.53,4.84,4.63,4.39,4.52
2022-11-12 20:00:00,4.07,5.67,4.11,4.54,6.52,6.34,6.57,5.67,5.65,5.64
2022-11-12 21:00:00,4.77,6.41,4.50,5.75,7.31,7.03,6.63,6.30,7.33,7.58
2022-11-12 22:00:00,4.82,6.48,4.15,5.57,7.27,7.25,7.44,6.70,7.23,6.94
2022-11-12 23:00:00,5.40,6.96,5.40,6.69,7.75,7.79,7.81,7.00,7.91,7.89
2022-11-13 00:00:00,1.62,2.24,2.78,3.74,2.35,2.24,2.02,1.65,3.26,3.06
2022-11-13 01:00:00,11.4,25.7,19.0,21.5,1.72,1.87,1.76,1.12,4.15,3.47
2022-11-13 02:00:00,1.22,1.88,1.18,2.00,1.52,2.70,1.78,1.17,2.31,2.60
2022-11-13 03:00:00,1.57,2.17,1.46,2.33,2.37,2.48,2.12,1.70,3.43,3.51
2022-11-13 04:00:00,1.50,2.24,1.55,2.43,2.88,3.22,2.62,2.48,3.76,4.15
2022-11-13 05:00:00,1.16,1.91,1.22,1.95,2.30,2.34,2.10,1.73,3.44,3.60
2022-11-13 06:00:00,0.0130,0.133,0.0527,0.608,0.217,0.167,0.167,0.0167,0.867,1.02
2022-11-13 07:00:00,0,0.150,0.0132,0.342,0.350,0.567,0.333,0.0333,0.967,0.858
2022-11-13 08:00:00,0.0520,0.450,0.0658,0.697,0.817,0.983,0.833,0.450,1.27,1.28
2022-11-13 09:00:00,0.0390,0.0833,0.0263,0.203,0.267,0.283,0.267,0.183,0.660,0.567
2022-11-13 10:00:00,0,0,0,0,0,0,0,0,0.0667,0.167
2022-11-13 11:00:00,0,0,0,0.187,0.117,0,0,0,0.350,0.633
2022-11-13 12:00:00,0,0,0,0.431,0.583,0.217,0.217,0.167,0.500,0.800
2022-11-13 13:00:00,0.169,0.350,0.369,0.893,1.02,0.600,0.600,0.533,0.550,0.997
2022-11-13 14:00:00,0.0130,0.0333,0.263,0.595,1.21,0.850,0.833,0.467,0.550,0.933
2022-11-13 15:00:00,0,0,0.145,0.342,0.617,0.167,0.167,0.133,0.183,0.500
2022-11-13 16:00:00,0.0390,0.183,0.0922,0.431,0.333,0.333,0.250,0.200,0.250,0.300
2022-11-13 17:00:00,0.130,0.233,0.237,0.741,1.02,0.450,0.433,0.100,1.01,1.26
2022-11-13 18:00:00,0.629,0.100,0.540,1.11,1.08,0.850,0.550,0.550,0.800,0.917
2022-11-13 19:00:00,0.741,0.467,0.671,1.36,1.23,1.57,1.11,0.893,0.900,1.07
2022-11-13 20:00:00,0.221,0.383,0.671,1.43,1.32,1.50,1.05,0.983,1.13,1.70
2022-11-13 21:00:00,0.533,0.950,1.09,1.71,0.983,1.17,0.967,0.900,1.07,1.90
2022-11-13 22:00:00,0.650,1,0.935,1.47,1.02,1.20,0.883,0.833,1.62,2.13
2022-11-13 23:00:00,0.351,0.700,0.829,0.925,0.800,1.05,0.750,0.300,1.25,1.89
2022-11-14 00:00:00,2.50,4.24,3.15,3.96,4.99,5.26,4.79,4.04,6.08,6.72
2022-11-14 01:00:00,2.43,3.59,1.88,2.69,3.47,4.15,3.09,3.08,3.79,4.01
2022-11-14 02:00:00,1.82,2.49,1.43,2.37,2.62,3.02,2.34,2.19,3.06,3.59
2022-11-14 03:00:00,0.0130,0.150,0.369,0.773,0.350,0.800,0.200,0,0.850,1
2022-11-14 04:00:00,0.546,0.983,0.540,0.811,1.03,1.10,0.833,0.700,0.783,1.25
2022-11-14 05:00:00,0.377,0.567,0.500,0.773,0.783,0.833,0.517,0.0667,0.750,1.07
2022-11-14 06:00:00,0.104,0.183,0.145,0.443,0.233,0.467,0.417,0.0333,0.633,1.05
2022-11-14 07:00:00,0.182,0.267,0.145,0.697,0.300,0.733,0.517,0.0667,1.12,1.18
2022-11-14 08:00:00,0.676,0.933,0.434,0.917,0.717,0.950,0.767,0.267,1.27,1.43
2022-11-14 09:00:00,0.891,1.13,1.54,1.92,1.22,1.55,1.41,0.933,2.56,2.79
2022-11-14 10:00:00,1.00,1.49,0.935,1.75,1.69,1.90,1.85,1.13,2.95,3.48
2022-11-14 11:00:00,0.572,0.900,0.908,1.40,1.38,1.46,1.15,0.833,2.31,2.33
2022-11-14 12:00:00,0.0910,0.517,0.382,0.975,1.21,0.567,0.783,0.679,1.24,1.33
2022-11-14 13:00:00,0.338,0.633,0.342,0.722,1.99,1.16,1.24,0.733,3.76,3.32
2022-11-14 14:00:00,0.117,0.217,0.184,0.785,1.54,0.867,1.17,0.350,1.70,1.53
2022-11-14 15:00:00,0.169,0.764,0.316,0.785,1.04,0.450,0.717,0.217,1.73,2.48
2022-11-14 16:00:00,0.143,0.417,0.513,1.02,0.450,0.709,0.883,0.100,1.69,1.76
2022-11-14 17:00:00,0.0910,0.717,0.764,1.37,0.977,1,0.833,0.367,1.69,1.84
2022-11-14 18:00:00,0.117,0.700,0.382,1.04,1.70,1.64,1.75,0.817,2.38,2.74
2022-11-14 19:00:00,0.559,1.29,1.07,1.45,2.70,2.82,2.30,2.06,5.25,4.49
2022-11-14 20:00:00,0.780,1.70,0.948,2.37,3.82,2.81,2.52,2.62,4.49,4.87
2022-11-14 21:00:00,1.27,1.97,2.19,2.56,4.43,4.03,3.04,3.39,5.13,4.27
2022-11-14 22:00:00,1.62,2.52,2.66,3.80,3.62,4.47,3.00,3.17,3.00,3.29
2022-11-14 23:00:00,2.43,3.71,2.86,3.51,4.06,4.63,3.65,3.45,3.72,3.82
2022-11-15 00:00:00,2.62,4.26,2.60,3.77,4.65,5.97,4.67,4.30,4.85,5.54
2022-11-15 01:00:00,2.78,4.20,2.38,3.37,4.63,5.70,4.68,3.88,3.99,5.41
2022-11-15 02:00:00,2.39,3.56,2.07,3.04,3.44,4.22,3.01,3.11,3.37,4.58
2022-11-15 03:00:00,2.10,3.14,2.21,3.00,3.51,3.91,2.99,3.06,4.54,4.60
2022-11-15 04:00:00,1.69,2.33,1.45,1.92,2.69,2.93,2.05,1.91,3.60,4.20
2022-11-15 05:00:00,0.754,0.933,0.750,0.963,1.32,1.75,1.08,0.983,3.13,3.56
2022-11-15 06:00:00,0.156,0.633,0.0263,0.519,1,1.25,0.550,0.617,2.98,2.48
2022-11-15 07:00:00,0.299,0.900,0.408,1.00,1.60,1.96,0.967,0.961,2.58,3.11
2022-11-15 08:00:00,2.27,3.64,2.19,3.35,5.04,5.09,4.05,3.86,6.32,6.85
2022-11-15 09:00:00,1.68,2.79,2.08,2.69,3.84,4.35,3.05,3.17,7.44,7.08
2022-11-15 10:00:00,2.28,3.75,3.06,6.41,4.79,6.64,4.11,4.32,8.63,9.06
2022-11-15 11:00:00,1.39,2.29,1.71,2.96,4.13,4.69,3.26,3.68,5.93,6.09
2022-11-15 12:00:00,0.858,1.48,1.38,2.93,3.11,3.29,2.29,2.57,6.44,5.86
2022-11-15 13:00:00,0.858,1.48,1.74,2.85,2.81,2.81,2.08,2.41,6.46,5.93
2022-11-15 14:00:00,1.02,1.74,1.56,2.70,2.84,2.96,1.96,2.34,6.64,5.87
2022-11-15 15:00:00,4.31,6.79,6.16,7.62,8.47,8.73,6.84,6.74,12.0,12.1
2022-11-15 16:00:00,4.06,5.88,4.78,6.29,8.31,8.26,6.59,6.64,10.9,11.0
2022-11-15 17:00:00,1.58,2.26,1.94,3.32,3.78,4.46,2.61,2.97,6.41,6.10
2022-11-15 18:00:00,1.40,1.53,1.14,2.17,2.65,3.39,1.78,1.88,4.25,3.99
2022-11-15 19:00:00,1.48,1.64,1.75,2.51,2.44,3.06,1.59,1.85,4.68,4.59
2022-11-15 20:00:00,1.69,2.21,2.04,3.28,3.64,3.71,2.27,2.61,4.51,4.59
2022-11-15 21:00:00,2.44,3.22,2.22,2.93,4.14,4.51,2.98,3.48,5.44,5.99
2022-11-15 22:00:00,4.28,6.98,5.75,6.22,8.63,8.29,6.93,6.73,10.6,10.6
2022-11-15 23:00:00,6.40,8.61,7.12,8.43,11.0,11.0,9.41,9.00,13.1,13.8
2022-11-16 00:00:00,2.83,4.32,3.46,3.95,5.46,6.48,4.69,4.60,8.26,8.18
2022-11-16 01:00:00,2.86,4.99,3.17,4.10,6.48,6.26,6.07,4.96,8.00,7.95
2022-11-16 02:00:00,2.92,4.87,3.28,4.23,6.57,6.11,5.57,4.85,7.60,7.83
2022-11-16 03:00:00,2.26,3.09,2.20,3.08,4.03,4.65,3.36,3.68,6.26,6.00
2022-11-16 04:00:00,1.43,2.09,1.77,2.59,3.28,3.58,2.83,2.58,6.02,4.96
2022-11-16 05:00:00,0.988,1.70,1.06,1.94,2.47,2.79,1.93,1.77,4.25,3.37
2022-11-16 06:00:00,0.793,1.20,0.777,1.50,2.07,2.47,1.48,1.50,4.17,3.32
2022-11-16 07:00:00,0.793,1.80,1.23,2.11,2.53,3.12,1.52,1.94,4.25,3.32
2022-11-16 08:00:00,1.14,3.08,2.10,2.80,3.20,3.59,2.35,2.56,4.87,4.11
2022-11-16 09:00:00,2.14,4.05,3.03,3.88,3.98,4.76,3.92,3.17,6.50,5.98
2022-11-16 10:00:00,3.08,5.02,3.77,5.43,6.61,6.65,6.65,4.98,9.54,8.23
2022-11-16 11:00:00,4.97,7.61,6.33,7.77,9.55,9.08,8.41,6.83,10.3,10.7
2022-11-16 12:00:00,8.82,12.8,9.69,11.6,14.6,14.0,14.0,11.5,15.7,15.7
2022-11-16 13:00:00,13.9,19.2,14.3,16.2,19.8,18.6,19.0,16.3,20.3,21.4
2022-11-16 14:00:00,8.88,12.1,9.57,10.9,13.4,12.9,12.3,10.5,14.9,15.9
2022-11-16 15:00:00,8.19,11.3,8.59,10.4,12.3,11.3,10.9,10.0,12.4,13.1
2022-11-16 16:00:00,6.29,8.86,6.95,8.55,10.2,9.45,9.11,7.79,10.4,10.7
2022-11-16 17:00:00,5.69,8.92,6.87,7.95,9.06,9.21,8.66,7.46,9.38,9.86
2022-11-16 18:00:00,5.26,8.38,6.58,7.31,10.7,10.1,9.77,8.79,11.2,11.7
2022-11-16 19:00:00,9.87,12.5,9.54,10.2,10.7,9.90,9.35,8.81,12.4,14.2
2022-11-16 20:00:00,12.7,18.3,13.6,13.8,19.2,19.2,18.4,16.0,21.3,25.2
2022-11-16 21:00:00,16.8,24.4,20.4,22.6,22.3,21.5,20.8,17.9,20.7,22.0
2022-11-16 22:00:00,11.1,15.2,16.1,18.9,17.9,17.8,17.3,14.7,19.7,21.3
2022-11-16 23:00:00,8.02,10.5,8.13,9.27,11.8,11.7,11.0,9.31,11.9,13.1
2022-11-17 00:00:00,6.23,8.99,6.92,7.84,9.62,9.72,9.03,7.23,9.26,10.4
2022-11-17 01:00:00,7.30,10.1,6.95,8.15,11.8,11.8,11.3,9.20,11.7,12.9
2022-11-17 02:00:00,8.50,11.7,8.10,9.69,13.8,13.7,13.1,10.7,13.9,14.6
2022-11-17 03:00:00,10.6,15.1,9.68,11.5,17.4,16.6,16.6,14.5,17.6,17.5
2022-11-17 04:00:00,15.0,20.4,15.4,17.2,23.9,22.6,22.3,20.1,23.4,23.1
2022-11-17 05:00:00,15.7,21.5,17.2,19.2,27.3,24.9,25.3,23.3,27.7,27.4
2022-11-17 06:00:00,4.26,5.45,5.09,5.87,6.25,6.18,4.86,5.32,7.71,8.02
2022-11-17 07:00:00,0.403,0.683,0.448,1.00,1.02,1.22,0.733,0.467,1.28,1.90
2022-11-17 08:00:00,0.0910,0.133,0.184,0.405,0.133,0.433,0.0667,0.0167,0.233,0.850
2022-11-17 09:00:00,0,0,0.329,0.172,0,0.117,0.0333,0,0,0.400
2022-11-17 10:00:00,0,0.100,0.0658,0.0380,0.0167,0.0167,0.122,0.0167,0,0.267
2022-11-17 11:00:00,0.273,0.650,0.158,0.456,0.100,0.333,0.183,0,0.0667,0.856
2022-11-17 12:00:00,0.416,1.40,0.237,0.595,0.0500,0.700,0.150,0.0167,0.833,1.35
2022-11-17 13:00:00,0.455,0.800,0.474,0.861,0.133,0.700,0.217,0.0167,0.750,1.37
2022-11-17 14:00:00,0.624,1.21,0.853,1.57,0.667,1.12,0.750,0.183,1,2.04
2022-11-17 15:00:00,0.954,1.46,1.03,1.82,1.18,1.63,1.35,0.917,1.58,2.62
2022-11-17 16:00:00,1.37,2.26,1.60,2.51,1.90,2.72,2.06,1.57,2.43,3.31
2022-11-17 17:00:00,2.44,3.28,4.13,4.51,3.68,4.50,3.87,3.13,4.56,6.06
2022-11-17 18:00:00,4.11,5.60,5.62,5.81,6.52,6.70,6.50,5.37,7.55,8.14
2022-11-17 19:00:00,2.94,4.00,2.74,2.70,4.51,5.08,4.34,4.18,4.27,4.68
2022-11-17 20:00:00,6.65,9.28,6.21,6.67,10.3,10.4,10.1,8.78,9.93,9.78
2022-11-17 21:00:00,12.2,18.2,12.0,13.8,19.1,18.4,18.2,16.1,19.0,19.4
2022-11-17 22:00:00,15.9,21.7,15.4,16.9,23.5,22.5,21.9,20.6,22.7,24.2
2022-11-17 23:00:00,19.4,27.0,19.7,21.5,30.3,28.0,27.3,26.8,29.0,30.6
2022-11-18 00:00:00,23.0,31.1,23.3,25.1,35.4,33.0,31.6,32.6,33.8,36.0
2022-11-18 01:00:00,18.1,24.6,18.4,19.8,27.9,26.0,24.1,24.6,27.4,28.5
2022-11-18 02:00:00,19.4,27.1,20.0,21.9,30.3,29.2,26.4,27.9,29.7,31.5
2022-11-18 03:00:00,18.8,25.9,19.5,21.2,29.5,28.1,24.9,26.4,28.4,30.7
2022-11-18 04:00:00,20.7,28.8,21.5,22.7,31.8,30.8,28.1,29.4,30.7,32.8
2022-11-18 05:00:00,21.2,29.6,22.5,23.6,33.3,30.9,28.6,29.4,31.3,33.7
2022-11-18 06:00:00,20.4,27.6,21.3,22.9,31.8,29.7,27.3,29.3,30.2,32.9
2022-11-18 07:00:00,19.7,26.8,20.1,21.9,30.5,28.3,25.9,27.7,29.1,31.8
2022-11-18 08:00:00,23.6,31.7,24.9,25.8,36.2,34.2,30.8,33.0,34.5,37.9
2022-11-18 09:00:00,22.4,29.6,23.3,24.6,34.3,31.7,29.6,32.0,32.4,35.9
2022-11-18 10:00:00,19.4,25.9,19.6,20.5,28.9,27.0,25.1,25.4,27.8,30.2
2022-11-18 10:44:07,15.8,21.1,15.2,16.5,23.9,22.4,20.6,20.8,22.1,24.1

