"Time","PM2_5 {DeviceID=""AirSENCE-0322068B40233"", name=""Pollutant""}","PM2_5 {DeviceID=""AirSENCE-032206C140232"", name=""Pollutant""}","PM2_5 {DeviceID=""AirSENCE-0322223F40230"", name=""Pollutant""}","PM2_5 {DeviceID=""AirSENCE-032223EF40231"", name=""Pollutant""}","PM2_5 {DeviceID=""AirSENCE-1021BFD040215"", name=""Pollutant""}","PM2_5 {DeviceID=""AirSENCE-1021C46E40217"", name=""Pollutant""}","PM2_5 {DeviceID=""AirSENCE-1021C53740216"", name=""Pollutant""}","PM2_5 {DeviceID=""AirSENCE-1021C65A40214"", name=""Pollutant""}","PM2_5 {DeviceID=""AirSENCE-1021C6C640218"", name=""Pollutant""}","PM2_5 {DeviceID=""AirSENCE-1021C73840220"", name=""Pollutant""}"
2022-10-09 11:00:00,1.71,3.75,1.74,2.10,3.12,2.85,4.01,2.31,2.82,3.37
2022-10-09 12:00:00,1.59,3.47,1.65,2.01,2.91,2.60,3.77,2.12,2.95,3.33
2022-10-09 13:00:00,1.12,2.52,1.24,1.67,2.14,1.94,2.79,1.51,2.27,2.41
2022-10-09 14:00:00,1.15,2.73,1.25,1.52,2.15,1.98,2.75,1.66,2.26,2.76
2022-10-09 15:00:00,2.27,5.09,2.20,2.67,4.78,5.43,8.72,3.65,4.15,4.97
2022-10-09 16:00:00,2.48,5.56,2.33,2.71,4.89,4.96,7.47,3.88,4.70,4.91
2022-10-09 17:00:00,2.27,4.49,2.22,2.60,3.04,3.02,4.22,2.34,3.41,3.74
2022-10-09 18:00:00,2.47,5.04,2.37,2.80,4.06,3.69,5.52,3.28,3.72,3.73
2022-10-09 19:00:00,1.88,3.97,2.55,2.97,3.24,2.94,4.10,2.77,3.17,3.77
2022-10-09 20:00:00,1.23,2.95,1.61,1.87,1.81,1.80,2.58,1.50,2.68,2.77
2022-10-09 21:00:00,1.38,3.04,2.49,2.77,2.73,2.41,3.20,2.07,2.20,2.64
2022-10-09 22:00:00,2.22,4.76,2.56,3.33,4.57,3.55,4.86,2.94,3.16,4.18
2022-10-09 23:00:00,2.42,4.99,2.69,3.24,4.04,4.26,5.27,3.20,3.68,4.33
2022-10-10 00:00:00,2.51,5.57,2.55,3.17,5.19,4.73,6.21,3.95,4.93,5.70
2022-10-10 01:00:00,2.22,4.94,2.32,2.66,4.68,4.24,5.76,3.46,4.66,4.96
2022-10-10 02:00:00,2.15,4.47,2.06,2.59,4.05,3.45,4.93,2.93,4.12,4.37
2022-10-10 03:00:00,1.99,4.14,1.81,2.17,3.46,3.22,4.27,2.50,3.76,3.96
2022-10-10 04:00:00,2.02,4.33,1.98,2.40,3.72,3.25,4.64,2.75,3.68,4.33
2022-10-10 05:00:00,1.98,4.60,1.96,2.34,3.41,3.09,4.30,2.52,3.25,3.61
2022-10-10 06:00:00,1.64,3.59,1.39,1.79,3.14,3.01,3.99,2.29,2.82,3.30
2022-10-10 07:00:00,1.75,4.02,1.70,2.06,2.94,2.52,3.73,1.88,3.30,3.40
2022-10-10 08:00:00,1.93,4.10,1.76,2.17,3.66,3.33,4.65,2.65,3.20,3.86
2022-10-10 09:00:00,1.92,4.18,1.47,1.80,3.41,3.27,4.48,2.51,3.41,3.82
2022-10-10 10:00:00,1.44,3.59,1.19,1.70,2.70,2.54,3.44,1.85,2.79,3.01
2022-10-10 11:00:00,0.807,1.96,0.667,1.01,1.91,1.44,2.13,0.980,1.97,2.08
2022-10-10 12:00:00,0.0275,0.833,0.271,0.548,0.925,0.579,0.877,0.252,0.779,0.702
2022-10-10 13:00:00,0.312,0.950,0.174,0.468,0.760,0.698,0.987,0.294,0.830,0.846
2022-10-10 14:00:00,0.735,1.83,1.02,1.32,1.52,1.35,1.82,1.11,1.75,1.73
2022-10-10 15:00:00,1.25,3.02,0.997,1.36,3.10,2.93,4.58,2.32,2.22,2.53
2022-10-10 16:00:00,1.09,2.73,0.976,1.23,2.55,2.70,3.70,1.84,2.00,2.13
2022-10-10 17:00:00,1.30,2.93,1.34,1.58,2.82,2.84,3.91,2.29,2.39,2.49
2022-10-10 18:00:00,1.38,3.01,1.41,1.80,3.46,2.85,4.10,2.92,3.81,3.03
2022-10-10 19:00:00,1.85,4.84,2.24,3.05,4.37,3.27,4.45,3.88,5.67,4.75
2022-10-10 20:00:00,3.74,8.54,4.36,5.53,9.17,8.17,13.0,8.54,7.32,7.19
2022-10-10 21:00:00,4.76,10.4,5.24,5.81,8.36,7.41,9.87,6.71,5.26,6.04
2022-10-10 22:00:00,3.45,6.51,4.36,5.07,5.29,5.20,6.48,4.06,4.78,5.44
2022-10-10 23:00:00,1.62,3.50,2.56,2.89,2.69,2.77,3.58,1.87,2.45,2.84
2022-10-11 00:00:00,1.79,3.26,1.51,2.18,2.53,2.43,3.27,1.78,2.68,3.13
2022-10-11 01:00:00,3.15,6.05,2.51,2.94,4.64,4.33,5.90,3.67,3.82,4.42
2022-10-11 02:00:00,4.32,7.25,3.01,3.49,5.12,5.12,6.42,4.20,2.43,2.60
2022-10-11 03:00:00,5.04,8.69,2.96,3.37,4.13,4.38,5.42,3.53,3.27,4.07
2022-10-11 04:00:00,3.40,7.71,2.70,3.34,3.20,3.23,4.26,2.53,3.79,4.66
2022-10-11 05:00:00,2.88,7.56,3.06,3.62,4.17,4.29,5.33,3.35,4.50,4.85
2022-10-11 06:00:00,3.20,8.80,3.60,4.12,5.23,5.17,6.92,4.42,5.10,5.47
2022-10-11 07:00:00,3.42,6.78,4.18,4.58,6.18,6.08,7.75,5.35,7.87,7.06
2022-10-11 08:00:00,4.24,8.37,6.56,7.21,8.17,7.84,9.53,6.89,7.57,8.83
2022-10-11 09:00:00,6.23,12.1,6.10,6.97,12.1,10.9,13.1,9.98,8.09,9.61
2022-10-11 10:00:00,5.75,10.9,4.73,5.38,9.61,8.90,11.1,7.97,8.27,9.75
2022-10-11 11:00:00,4.17,8.34,3.53,4.14,9.05,8.02,11.4,7.88,7.61,8.24
2022-10-11 12:00:00,5.64,12.6,5.63,6.33,10.7,10.9,15.3,9.45,9.94,10.2
2022-10-11 13:00:00,6.84,14.8,6.49,7.19,11.8,11.3,16.1,10.7,11.4,11.1
2022-10-11 14:00:00,6.38,15.1,6.70,7.27,12.5,11.4,14.4,11.2,10.9,11.1
2022-10-11 15:00:00,6.67,14.4,6.75,7.21,12.9,11.9,15.3,11.2,10.8,11.7
2022-10-11 16:00:00,7.24,14.4,6.98,7.52,13.9,12.0,15.5,12.3,12.1,12.5
2022-10-11 17:00:00,8.26,16.3,7.96,8.25,15.2,13.5,18.0,14.2,15.3,14.7
2022-10-11 18:00:00,8.89,17.5,8.63,8.89,15.5,13.8,19.5,14.9,14.9,15.9
2022-10-11 19:00:00,7.06,15.4,6.46,7.12,11.0,10.5,14.6,9.24,9.72,10.8
2022-10-11 20:00:00,5.63,12.5,5.27,5.84,7.83,7.33,10.2,6.64,6.77,7.92
2022-10-11 21:00:00,4.90,11.1,4.52,4.90,7.51,6.83,9.93,6.10,6.32,7.32
2022-10-11 22:00:00,5.20,11.5,4.88,5.49,8.30,7.72,10.8,6.76,7.78,8.77
2022-10-11 23:00:00,5.70,12.2,5.40,6.12,9.77,8.81,11.7,8.06,8.84,9.72
2022-10-12 00:00:00,6.63,14.0,6.01,6.73,11.2,10.2,13.6,9.43,10.1,11.1
2022-10-12 01:00:00,6.41,13.4,6.30,6.96,10.8,9.74,12.9,8.72,10.0,11.4
2022-10-12 02:00:00,5.40,11.2,5.12,5.58,9.06,8.20,10.7,7.38,8.00,9.36
2022-10-12 03:00:00,5.33,11.2,5.01,5.55,9.06,8.36,10.9,7.39,7.98,8.95
2022-10-12 04:00:00,5.59,11.9,5.29,5.87,9.31,8.47,11.3,7.68,8.41,9.44
2022-10-12 05:00:00,5.30,10.7,4.94,5.21,7.94,7.25,9.43,6.47,7.21,8.17
2022-10-12 06:00:00,4.38,9.41,4.18,4.57,7.28,6.61,8.87,5.83,6.32,7.14
2022-10-12 07:00:00,5.44,11.4,4.12,4.57,7.76,6.85,8.96,6.08,6.61,7.25
2022-10-12 08:00:00,6.91,13.4,4.56,5.27,8.06,7.64,10.6,6.37,6.73,7.57
2022-10-12 09:00:00,6.40,14.7,5.94,6.82,9.00,8.11,10.8,7.57,7.43,8.32
2022-10-12 10:00:00,5.32,10.9,4.76,5.35,8.55,7.71,10.5,7.41,7.00,7.97
2022-10-12 11:00:00,3.87,7.80,3.49,4.04,7.22,6.77,10.0,5.69,5.99,6.79
2022-10-12 12:00:00,4.27,8.73,3.88,4.46,7.61,7.29,10.5,6.20,6.74,7.41
2022-10-12 13:00:00,5.01,10.3,4.47,5.08,9.06,9.15,12.8,7.08,7.88,9.28
2022-10-12 14:00:00,5.49,11.4,5.24,5.72,9.76,9.32,12.6,8.18,8.60,9.62
2022-10-12 15:00:00,5.99,11.9,5.68,6.21,10.8,9.83,13.5,8.82,9.54,10.3
2022-10-12 16:00:00,7.19,14.6,6.78,7.66,12.7,11.9,15.7,10.6,11.0,12.7
2022-10-12 17:00:00,8.95,17.6,8.72,9.38,15.8,14.5,19.2,13.4,13.9,15.6
2022-10-12 18:00:00,9.43,19.0,9.55,10.5,17.4,16.0,20.3,15.4,15.5,16.8
2022-10-12 19:00:00,9.93,19.9,9.37,10.3,18.6,16.3,20.3,16.5,15.3,16.9
2022-10-12 20:00:00,10.4,21.7,10.9,12.1,19.4,17.2,21.7,17.5,16.3,17.8
2022-10-12 21:00:00,10.8,21.5,10.7,11.6,18.6,17.1,21.9,16.2,16.2,18.5
2022-10-12 22:00:00,10.6,20.9,9.97,10.7,18.0,16.3,22.3,15.3,15.8,17.5
2022-10-12 23:00:00,11.0,21.7,10.5,11.2,18.4,17.0,22.1,16.2,16.4,18.4
2022-10-13 00:00:00,9.71,19.2,9.15,10.0,16.2,14.8,19.0,13.9,14.4,15.9
2022-10-13 01:00:00,9.12,17.9,8.72,9.31,14.3,13.2,17.6,12.3,12.7,14.3
2022-10-13 02:00:00,9.03,18.0,8.69,9.19,14.4,13.2,17.6,12.3,13.0,14.6
2022-10-13 03:00:00,9.91,19.4,9.67,10.1,16.1,14.5,19.0,14.3,14.6,16.0
2022-10-13 04:00:00,9.89,19.4,9.66,10.2,16.3,14.4,19.0,14.4,14.4,15.9
2022-10-13 05:00:00,9.72,19.2,9.43,9.94,16.4,14.8,19.1,14.4,14.6,15.7
2022-10-13 06:00:00,8.06,15.9,7.81,8.48,14.1,12.3,16.1,12.1,12.3,13.6
2022-10-13 07:00:00,8.17,16.3,7.85,8.40,13.8,12.5,16.5,11.9,12.2,13.4
2022-10-13 08:00:00,8.56,16.8,7.86,8.32,13.9,12.5,16.4,12.1,11.8,13.0
2022-10-13 09:00:00,6.13,11.0,7.32,7.96,10.3,9.08,11.9,8.66,9.36,10.3
2022-10-13 10:00:00,0.536,1.33,0.884,1.01,0.975,0.841,1.09,0.364,1.02,1.15
2022-10-13 11:00:00,2.51,5.20,2.48,2.69,4.37,4.10,5.40,3.49,3.96,4.41
2022-10-13 12:00:00,3.97,8.26,4.03,4.32,6.53,6.32,8.56,5.41,6.62,7.25
2022-10-13 13:00:00,6.76,13.5,6.27,6.92,12.1,11.1,15.4,10.0,9.92,11.2
2022-10-13 14:00:00,7.29,15.8,7.26,7.96,14.0,12.8,17.2,11.6,11.5,12.7
2022-10-13 15:00:00,6.88,13.8,6.81,7.25,12.6,13.0,17.4,11.0,10.6,11.8
2022-10-13 16:00:00,3.50,7.24,3.29,3.50,7.31,7.76,10.0,5.55,5.41,5.95
2022-10-13 17:00:00,2.44,5.45,2.18,2.49,4.91,4.64,6.61,3.55,3.88,4.19
2022-10-13 18:00:00,1.90,4.30,1.67,1.86,2.66,2.74,4.10,2.09,2.52,2.89
2022-10-13 19:00:00,3.66,8.19,3.56,3.96,6.41,6.03,8.23,5.34,5.21,5.87
2022-10-13 20:00:00,5.70,12.0,5.73,6.21,9.62,9.26,12.4,7.96,8.07,9.24
2022-10-13 21:00:00,6.54,13.6,6.89,7.15,10.6,9.99,14.8,8.89,9.00,10.7
2022-10-13 22:00:00,6.70,14.1,6.22,6.59,10.4,9.56,13.7,8.60,8.75,9.89
2022-10-13 23:00:00,6.67,13.4,6.04,6.90,11.2,10.2,13.5,9.56,9.65,10.7
2022-10-14 00:00:00,7.76,15.1,7.66,8.31,12.5,11.7,15.5,11.1,11.3,12.6
2022-10-14 01:00:00,8.21,15.5,7.89,8.85,15.4,14.7,18.4,14.0,13.5,14.8
2022-10-14 02:00:00,8.05,14.9,7.66,8.22,13.5,12.4,16.1,11.7,11.6,12.9
2022-10-14 03:00:00,2.92,6.16,2.62,3.01,4.74,4.15,5.66,3.69,4.00,4.42
2022-10-14 04:00:00,2.25,4.81,2.03,2.48,3.92,3.56,4.67,3.04,3.47,3.85
2022-10-14 05:00:00,0.912,2.27,0.933,1.23,2.00,1.54,2.65,1.36,1.67,2.09
2022-10-14 06:00:00,2.19,4.62,2.20,2.59,4.21,3.94,5.12,3.24,3.89,4.08
2022-10-14 07:00:00,2.85,6.01,3.00,3.20,5.09,4.61,6.49,4.07,4.56,5.18
2022-10-14 08:00:00,3.95,8.34,3.65,4.33,7.38,7.02,8.90,6.01,6.27,6.68
2022-10-14 09:00:00,5.26,11.1,5.03,5.54,9.46,8.48,11.1,7.74,7.95,9.04
2022-10-14 10:00:00,4.04,8.11,4.10,4.42,7.52,6.74,8.87,6.26,6.86,7.79
2022-10-14 11:00:00,5.15,10.2,5.06,5.42,9.43,8.17,10.9,7.70,9.04,9.57
2022-10-14 12:00:00,5.57,10.8,5.25,5.82,9.25,8.47,11.3,7.83,8.07,9.21
2022-10-14 13:00:00,4.90,10.2,4.48,5.04,9.62,9.36,13.2,7.99,7.74,8.81
2022-10-14 14:00:00,4.33,9.36,4.25,4.70,9.47,8.78,12.1,7.81,7.48,8.04
2022-10-14 15:00:00,3.70,7.69,3.59,3.98,7.41,7.06,9.80,6.12,5.83,6.91
2022-10-14 16:00:00,4.11,7.82,3.71,4.16,8.15,7.32,9.82,6.76,6.54,7.40
2022-10-14 17:00:00,4.05,7.82,3.89,4.16,7.96,7.49,10.4,6.50,6.37,7.07
2022-10-14 18:00:00,3.97,7.91,3.61,4.12,8.64,7.22,9.70,7.27,6.29,7.09
2022-10-14 19:00:00,2.97,6.89,3.13,3.49,6.12,8.57,11.9,4.98,4.36,5.59
2022-10-14 20:00:00,5.24,11.6,5.48,5.51,10.0,8.68,11.1,9.89,8.92,8.86
2022-10-14 21:00:00,7.85,18.6,6.54,7.34,9.68,8.93,10.2,8.20,6.80,7.99
2022-10-14 22:00:00,6.10,12.2,5.55,6.34,10.0,8.31,11.1,8.59,6.95,8.18
2022-10-14 23:00:00,5.08,10.0,4.77,5.55,8.82,8.19,10.9,7.37,7.46,8.64
2022-10-15 00:00:00,4.95,9.72,4.63,5.38,8.62,7.96,10.5,6.98,7.42,8.49
2022-10-15 01:00:00,4.91,10.0,4.68,5.38,8.31,7.77,10.1,6.74,7.19,8.19
2022-10-15 02:00:00,3.90,8.14,3.56,4.05,6.78,6.07,8.04,5.15,5.99,6.66
2022-10-15 03:00:00,3.35,6.76,3.02,3.44,5.39,5.05,6.73,4.43,4.90,5.35
2022-10-15 04:00:00,2.87,6.07,2.44,3.09,4.58,4.10,5.73,3.58,4.55,4.95
2022-10-15 05:00:00,2.40,4.95,2.13,2.55,4.00,3.62,4.73,3.08,3.88,4.53
2022-10-15 06:00:00,1.71,3.83,1.69,2.02,3.09,2.94,3.79,2.27,3.02,3.49
2022-10-15 07:00:00,1.26,3.04,1.18,1.62,2.46,2.53,3.27,1.74,2.29,2.90
2022-10-15 08:00:00,1.08,2.39,0.909,1.29,2.27,1.81,2.80,1.37,1.93,2.26
2022-10-15 09:00:00,0.990,2.14,0.648,1.12,2.15,2.28,3.41,1.18,1.65,1.79
2022-10-15 10:00:00,0.953,2.29,0.918,1.04,1.94,1.86,2.78,1.12,1.55,1.77
2022-10-15 11:00:00,1.41,3.04,1.02,1.22,2.12,2.06,3.13,1.31,1.71,2.11
2022-10-15 12:00:00,2.19,4.94,2.21,2.49,4.16,3.72,5.52,3.07,3.59,3.74
2022-10-15 13:00:00,1.63,3.53,1.53,1.82,3.18,2.90,4.21,2.49,2.73,2.96
2022-10-15 14:00:00,1.31,2.97,1.21,1.46,2.77,2.50,3.23,2.01,2.14,2.50
2022-10-15 15:00:00,1.06,2.49,0.976,1.28,2.09,2.04,2.88,1.43,1.82,2.23
2022-10-15 16:00:00,1.15,2.54,0.992,1.22,2.29,2.07,2.90,1.46,1.89,2.33
2022-10-15 17:00:00,0.578,1.22,0.580,0.804,1.27,1.22,1.75,0.770,1.07,1.50
2022-10-15 18:00:00,2.24,4.87,2.09,2.41,3.73,3.66,5.01,2.88,3.38,4.01
2022-10-15 19:00:00,2.79,5.87,2.68,2.91,4.58,4.37,6.19,3.62,3.75,4.26
2022-10-15 20:00:00,3.17,6.72,2.70,2.81,5.88,5.16,7.32,4.48,4.15,4.70
2022-10-15 21:00:00,3.69,6.98,3.88,3.94,5.60,5.18,7.76,4.37,4.56,5.16
2022-10-15 22:00:00,5.43,9.09,4.23,4.04,6.21,5.76,7.90,4.99,5.00,5.97
2022-10-15 23:00:00,4.26,8.44,4.42,4.69,7.24,6.63,9.42,5.85,5.79,6.69
2022-10-16 00:00:00,3.92,7.53,3.89,4.30,6.64,6.07,8.18,5.45,5.93,6.81
2022-10-16 01:00:00,3.93,7.99,3.61,4.14,6.70,6.21,8.31,5.56,5.99,6.77
2022-10-16 02:00:00,4.31,8.51,3.87,4.54,7.27,6.77,8.97,6.03,6.61,7.25
2022-10-16 03:00:00,4.51,8.71,3.95,4.71,7.31,6.98,9.21,6.03,6.69,7.34
2022-10-16 04:00:00,4.86,9.32,4.31,5.26,7.74,6.88,8.98,6.22,7.50,8.27
2022-10-16 05:00:00,4.17,7.98,3.84,4.45,6.42,5.76,7.29,4.99,6.59,7.15
2022-10-16 06:00:00,4.35,8.34,3.88,4.49,7.41,6.72,8.46,5.83,6.96,7.73
2022-10-16 07:00:00,3.47,7.11,3.23,3.82,5.82,5.08,6.63,4.50,5.61,6.35
2022-10-16 08:00:00,2.83,5.96,2.77,3.26,4.62,4.07,5.55,3.47,4.60,5.25
2022-10-16 09:00:00,2.22,5.07,2.35,2.68,3.94,3.41,4.98,2.71,3.85,4.46
2022-10-16 10:00:00,1.99,4.68,2.13,2.44,4.06,3.69,5.40,2.95,3.65,4.50
2022-10-16 11:00:00,1.61,3.65,1.55,1.88,3.55,3.13,5.02,2.40,2.84,3.54
2022-10-16 12:00:00,1.66,4.15,1.55,2.00,3.41,3.61,5.92,2.61,3.33,3.45
2022-10-16 13:00:00,1.83,4.27,1.76,2.12,3.52,3.39,5.31,2.81,3.21,3.47
2022-10-16 14:00:00,1.80,4.64,1.99,2.15,3.74,3.63,4.90,2.77,3.37,3.67
2022-10-16 15:00:00,2.49,5.78,2.29,2.74,5.16,5.16,7.20,3.90,4.01,4.71
2022-10-16 16:00:00,2.63,5.89,2.34,2.77,5.26,5.71,8.12,4.05,4.16,5.09
2022-10-16 17:00:00,3.12,7.05,2.93,3.19,6.07,6.32,8.88,4.80,4.72,5.36
2022-10-16 18:00:00,5.20,9.55,3.98,5.27,8.34,7.74,11.6,6.85,7.36,8.28
2022-10-16 19:00:00,4.62,9.23,5.12,5.81,8.13,6.43,8.87,5.80,7.42,8.28
2022-10-16 20:00:00,1.48,3.76,2.16,2.65,3.51,2.16,3.17,1.68,2.06,2.43
2022-10-16 21:00:00,1.59,2.71,1.40,1.72,2.14,1.32,2.03,0.826,1.15,1.33
2022-10-16 22:00:00,0.789,2.03,0.871,1.31,2.81,2.30,3.04,1.61,2.10,2.51
2022-10-16 23:00:00,1.39,3.04,1.38,1.73,3.01,2.74,3.70,2.05,3.68,3.53
2022-10-17 00:00:00,1.63,3.38,1.64,2.02,3.39,3.17,3.92,2.43,3.54,3.65
2022-10-17 01:00:00,1.40,3.02,1.29,1.68,2.94,2.89,3.46,1.91,3.30,3.37
2022-10-17 02:00:00,1.48,3.32,1.47,1.82,3.12,2.91,3.64,2.26,3.76,3.75
2022-10-17 03:00:00,1.39,3.24,1.50,2.02,3.04,2.80,3.71,2.36,3.74,3.78
2022-10-17 04:00:00,1.81,4.18,1.70,2.15,3.38,3.21,4.75,2.60,3.82,4.07
2022-10-17 05:00:00,2.25,5.32,2.20,2.55,4.70,4.29,6.06,3.80,5.51,5.59
2022-10-17 06:00:00,3.36,7.76,3.09,3.65,6.86,6.22,8.43,5.59,6.96,7.30
2022-10-17 07:00:00,4.35,9.40,3.83,4.50,8.01,7.48,9.71,6.38,7.71,8.37
2022-10-17 08:00:00,5.21,10.7,4.82,5.61,8.92,8.02,10.8,7.17,8.20,8.58
2022-10-17 09:00:00,5.08,9.98,4.30,4.91,8.02,7.49,10.2,6.62,7.15,7.72
2022-10-17 10:00:00,4.41,8.66,3.82,4.30,7.38,6.58,9.05,5.82,6.77,7.18
2022-10-17 11:00:00,4.36,8.44,3.88,4.47,7.80,7.00,9.41,6.18,6.48,7.25
2022-10-17 12:00:00,5.73,10.9,5.06,5.81,10.2,9.52,13.3,8.53,8.58,9.59
2022-10-17 13:00:00,7.04,13.6,6.21,7.15,11.8,11.5,15.8,10.3,10.3,11.6
2022-10-17 14:00:00,5.71,11.0,4.84,5.59,9.60,9.43,13.7,8.07,8.21,9.11
2022-10-17 15:00:00,2.66,5.43,2.45,2.75,5.55,5.63,8.62,4.65,4.21,4.69
2022-10-17 16:00:00,2.03,4.25,1.71,1.95,3.82,3.75,5.05,2.91,2.93,3.33
2022-10-17 17:00:00,1.34,3.01,1.07,1.21,2.93,2.76,3.82,1.88,1.62,2.22
2022-10-17 18:00:00,0.853,1.97,0.628,0.716,1.72,2.06,3.11,0.896,0.888,1.10
2022-10-17 19:00:00,1.47,3.27,0.999,1.21,2.50,2.76,4.15,1.37,1.50,2.09
2022-10-17 20:00:00,0.976,2.10,0.551,0.883,2.07,2.49,4.74,1.03,0.944,1.26
2022-10-17 21:00:00,0.248,0.633,0.0193,0.159,0.717,1.07,2.68,0.0840,0.0973,0.258
2022-10-17 22:00:00,0,0,0,0,0.165,0.263,0.491,0.0140,0,0
2022-10-17 23:00:00,0,0,0,0,0.0253,0.0132,0.172,0,0,0
2022-10-18 00:00:00,0.00917,0.0333,0,0.0177,0.253,0.184,0.188,0,0,0
2022-10-18 01:00:00,0,0,0,0.0265,0.633,0.395,0.674,0.154,0.450,0.516
2022-10-18 02:00:00,0,0,0,0,0.359,0.347,0.235,0.126,0.475,0.688
2022-10-18 03:00:00,0.0733,0.300,0.184,0.247,0.608,0.579,0.705,0.238,0.633,0.745
2022-10-18 04:00:00,0.614,1.33,0.657,1.09,1.47,1.50,1.69,0.931,1.65,1.69
2022-10-18 05:00:00,3.91,7.32,3.56,4.56,7.99,7.81,8.53,7.24,7.15,8.18
2022-10-18 06:00:00,8.08,15.0,7.33,9.27,15.4,14.9,16.0,15.0,13.8,15.2
2022-10-18 07:00:00,11.7,20.7,10.2,12.2,20.4,20.0,21.8,20.4,19.0,21.1
2022-10-18 08:00:00,13.5,23.8,13.7,14.4,22.5,21.9,24.0,23.0,21.3,23.6
2022-10-18 09:00:00,7.14,12.5,7.11,8.24,12.3,12.1,12.7,12.0,12.3,13.1
2022-10-18 10:00:00,6.92,12.6,6.41,7.59,12.4,12.2,14.2,11.4,12.5,13.1
2022-10-18 11:00:00,5.92,10.9,5.23,6.00,9.94,9.10,11.1,8.71,9.05,10.1
2022-10-18 12:00:00,2.35,5.04,1.79,2.13,3.90,3.41,4.90,3.02,3.59,4.17
2022-10-18 13:00:00,0.211,0.717,0.135,0.124,0.589,0.781,1.87,0.350,0.243,0.301
2022-10-18 14:00:00,0.0550,0.550,0.0564,0.00883,0.0887,0.0527,0.533,0,0.0122,0
2022-10-18 15:00:00,0.308,0.933,0.257,0.268,0.912,1.30,1.75,0.392,0.389,0.631
2022-10-18 16:00:00,0.238,0.433,0.445,0.491,0.329,0.171,0.830,0.168,0.110,0.158
2022-10-18 17:00:00,1.30,2.68,1.18,1.45,2.53,2.35,3.29,2.09,2.02,2.36
2022-10-18 18:00:00,2.53,5.04,2.14,2.64,4.73,4.72,6.09,3.88,3.71,4.26
2022-10-18 19:00:00,3.58,6.53,3.31,3.98,6.08,5.82,7.61,5.26,5.14,5.85
2022-10-18 20:00:00,3.49,6.49,2.79,3.34,6.32,6.37,8.50,5.47,5.05,5.78
2022-10-18 21:00:00,3.46,6.12,3.10,3.81,6.63,7.18,8.72,5.81,5.52,6.47
2022-10-18 22:00:00,3.61,6.60,3.33,4.03,6.73,6.97,8.02,5.87,5.87,6.40
2022-10-18 23:00:00,4.40,8.09,3.90,4.78,7.24,7.38,8.85,6.59,6.90,8.13
2022-10-19 00:00:00,4.08,7.52,3.86,4.64,7.16,6.93,8.48,6.25,6.70,7.39
2022-10-19 01:00:00,6.50,12.6,6.32,7.59,11.2,10.9,12.6,10.6,10.8,12.0
2022-10-19 02:00:00,7.71,14.6,6.94,8.50,12.8,12.3,14.7,12.1,11.5,12.8
2022-10-19 03:00:00,6.90,12.7,6.58,7.99,11.3,10.7,12.5,10.4,11.0,12.0
2022-10-19 04:00:00,7.03,12.3,7.01,8.52,11.2,10.5,11.9,10.3,11.3,12.4
2022-10-19 05:00:00,7.37,13.3,7.36,8.98,12.9,12.6,14.2,12.3,12.6,13.9
2022-10-19 06:00:00,10.1,18.4,9.55,11.4,18.0,16.9,19.2,17.0,16.3,17.8
2022-10-19 07:00:00,10.6,19.1,9.69,11.6,17.7,16.6,19.5,16.9,15.9,17.4
2022-10-19 08:00:00,10.8,19.7,10.1,11.6,17.6,16.7,19.2,17.4,16.2,17.7
2022-10-19 09:00:00,9.54,17.2,9.13,10.6,17.3,15.8,19.0,16.5,16.2,17.4
2022-10-19 10:00:00,11.3,20.2,10.2,11.6,18.4,17.6,20.2,17.0,17.0,18.1
2022-10-19 11:00:00,8.62,15.6,9.14,10.1,14.1,13.2,15.7,12.2,14.8,15.9
2022-10-19 12:00:00,6.41,11.9,5.29,6.06,9.78,9.10,11.5,8.09,8.86,9.29
2022-10-19 13:00:00,5.64,11.3,7.55,5.87,9.50,9.05,12.3,8.13,8.83,9.98
2022-10-19 14:00:00,5.77,11.2,5.21,5.95,10.1,9.63,14.4,8.59,8.76,9.99
2022-10-19 15:00:00,4.27,8.44,3.90,4.41,9.06,7.60,10.3,7.21,6.37,7.24
2022-10-19 16:00:00,3.89,8.16,3.35,3.74,6.50,6.21,8.91,5.18,5.31,6.06
2022-10-19 17:00:00,2.62,5.29,2.36,2.62,4.15,4.15,5.87,3.31,3.67,4.04
2022-10-19 18:00:00,0.513,0.950,0.590,0.751,0.850,0.724,1.01,0.518,0.712,0.924
2022-10-19 19:00:00,0,0,0.0483,0.168,0,0,0,0,0.0487,0.0287
2022-10-19 20:00:00,0.00917,0,0,0.106,0,0,0,0,0.0973,0.143
2022-10-19 21:00:00,0.0214,0,0,0.0795,0,0,0.0157,0,0.183,0.301
2022-10-19 22:00:00,0.220,0.417,0.0773,0.124,0.393,0.310,0.329,0.182,0.158,0.186
2022-10-19 23:00:00,0.504,0.933,0.290,0.500,0.798,0.737,1.01,0.476,0.724,0.724
2022-10-20 00:00:00,0.156,0.233,0.135,0.194,0.203,0.197,0.266,0.126,0.371,0.344
2022-10-20 01:00:00,0.110,0.383,0.00967,0.327,0.532,0.513,0.627,0.112,0.608,0.502
2022-10-20 02:00:00,0.532,1,0.425,0.610,1.17,1.12,0.909,0.770,0.985,1.09
2022-10-20 03:00:00,0.174,0.650,0.106,0.327,0.709,0.540,0.595,0.154,0.523,0.702
2022-10-20 04:00:00,0,0.0167,0,0.0795,0.241,0.211,0.0783,0.0280,0.110,0.158
2022-10-20 05:00:00,0.422,0.817,0.126,0.548,0.773,0.764,0.924,0.420,0.791,0.846
2022-10-20 06:00:00,0.550,1,0.493,0.610,0.937,0.843,1.10,0.826,0.973,0.975
2022-10-20 07:00:00,0.973,1.79,0.812,1.20,1.91,1.85,2.02,1.50,1.96,2.21
2022-10-20 08:00:00,1.64,2.91,1.25,1.82,2.46,2.48,2.79,1.95,2.37,2.81
2022-10-20 09:00:00,1.75,3.02,1.36,1.87,2.92,3.06,3.82,2.64,2.57,2.80
2022-10-20 10:00:00,2.26,4.13,1.70,2.18,3.35,3.79,4.80,3.09,3.15,3.61
2022-10-20 11:00:00,3.07,5.86,2.41,3.13,4.92,4.95,5.87,3.93,4.66,5.18
2022-10-20 12:00:00,3.80,7.07,3.01,3.47,5.83,5.43,6.78,4.65,5.04,5.86
2022-10-20 13:00:00,2.50,5.02,2.04,2.43,4.36,4.00,4.84,3.48,3.54,4.00
2022-10-20 14:00:00,5.92,11.3,4.91,5.81,10.0,10.6,15.0,9.72,8.76,9.80
2022-10-20 15:00:00,6.77,12.4,5.71,6.69,10.2,9.83,13.8,8.95,9.95,11.0
2022-10-20 16:00:00,4.41,8.17,3.72,4.22,6.82,6.48,8.32,5.59,6.14,6.91
2022-10-20 17:00:00,6.34,11.4,5.28,6.25,9.94,9.54,12.1,8.41,9.08,9.99
2022-10-20 18:00:00,4.89,9.14,4.26,5.11,8.12,7.88,10.2,6.97,7.01,7.81
2022-10-20 19:00:00,5.75,10.5,4.74,5.61,9.20,8.85,10.5,7.94,7.82,8.87
2022-10-20 20:00:00,5.36,9.75,4.84,5.80,8.41,8.14,9.56,7.33,7.41,8.40
2022-10-20 21:00:00,6.79,13.4,6.44,8.15,10.5,10.4,13.8,9.56,10.3,11.7
2022-10-20 22:00:00,6.91,13.6,6.15,7.71,10.5,10.9,13.7,9.92,10.2,11.5
2022-10-20 23:00:00,9.80,18.3,9.17,10.8,16.8,16.4,19.1,15.9,15.8,17.1
2022-10-21 00:00:00,14.2,25.9,13.9,15.3,23.9,22.8,27.2,23.8,22.1,24.4
2022-10-21 01:00:00,15.7,28.6,16.4,17.2,25.3,24.4,29.1,25.6,24.2,26.8
2022-10-21 02:00:00,15.8,28.4,16.4,17.3,25.0,24.1,28.7,25.0,23.4,26.3
2022-10-21 03:00:00,15.0,27.0,14.8,16.3,23.7,22.7,26.8,23.8,22.5,25.4
2022-10-21 04:00:00,16.0,29.2,15.3,16.5,24.7,23.8,28.1,25.5,24.0,27.0
2022-10-21 05:00:00,14.7,26.5,14.8,16.1,22.3,20.8,24.0,21.4,20.8,23.1
2022-10-21 06:00:00,14.4,26.3,13.5,15.1,22.6,22.3,24.7,21.8,18.5,21.0
2022-10-21 07:00:00,11.1,21.4,9.86,11.7,14.1,13.0,14.8,12.7,12.7,14.0
2022-10-21 08:00:00,13.6,25.7,9.71,11.0,15.0,13.8,16.8,13.6,13.4,15.3
2022-10-21 09:00:00,13.0,26.3,10.6,12.1,18.9,18.3,21.1,17.5,15.7,17.6
2022-10-21 10:00:00,9.67,17.0,7.48,8.69,12.5,11.5,13.6,10.8,11.3,13.1
2022-10-21 11:00:00,2.72,5.89,2.29,2.80,5.38,5.14,7.36,4.26,4.07,4.84
2022-10-21 12:00:00,1.79,4.28,1.77,2.20,4.07,4.64,7.13,2.96,3.46,3.90
2022-10-21 13:00:00,2.05,4.38,2.02,2.25,4.68,5.43,8.03,3.35,3.50,3.71
2022-10-21 14:00:00,2.02,4.94,2.26,2.43,5.13,6.28,8.73,4.04,3.60,4.48
2022-10-21 15:00:00,3.49,7.61,3.27,3.75,7.05,7.02,9.81,5.63,5.60,6.52
2022-10-21 16:00:00,5.95,12.5,5.49,6.11,10.9,10.4,14.3,8.84,9.08,10.2
2022-10-21 17:00:00,8.66,17.7,7.90,8.49,15.6,15.0,20.9,12.8,12.9,14.3
2022-10-21 18:00:00,7.37,15.1,6.59,7.17,11.9,11.9,17.3,9.89,10.4,11.9
2022-10-21 19:00:00,6.15,12.6,5.36,5.88,10.3,9.69,15.2,8.12,8.72,10.0
2022-10-21 20:00:00,4.58,9.58,4.10,4.55,8.91,8.40,13.5,6.43,6.99,8.12
2022-10-21 21:00:00,3.97,8.26,3.20,3.72,8.14,8.29,15.0,5.65,5.91,7.09
2022-10-21 22:00:00,3.51,7.34,3.01,3.57,6.93,7.39,11.2,4.61,5.52,6.50
2022-10-21 23:00:00,3.00,6.65,2.68,3.16,5.63,5.16,7.12,3.93,4.79,5.69
2022-10-22 00:00:00,2.53,5.78,2.41,2.94,4.87,4.47,5.85,3.55,4.06,5.11
2022-10-22 01:00:00,2.80,5.88,2.34,2.93,4.82,4.35,6.02,3.44,4.16,4.96
2022-10-22 02:00:00,2.69,5.63,2.44,2.98,4.57,4.23,5.49,3.38,3.97,4.85
2022-10-22 03:00:00,2.83,6.22,2.58,3.16,5.15,4.67,6.22,3.99,4.29,5.07
2022-10-22 04:00:00,2.89,6.26,2.69,3.32,5.09,4.49,6.05,3.80,4.40,5.23
2022-10-22 05:00:00,2.91,6.21,2.82,3.40,4.84,4.44,6.20,3.54,4.47,5.16
2022-10-22 06:00:00,2.89,6.37,2.81,3.44,5.03,4.61,6.39,3.90,4.71,5.39
2022-10-22 07:00:00,3.09,6.78,2.84,3.43,5.28,4.74,6.54,3.90,4.84,5.61
2022-10-22 08:00:00,2.96,6.88,2.82,3.29,5.31,5.10,7.27,4.06,4.71,5.69
2022-10-22 09:00:00,3.51,8.08,3.06,3.54,5.70,5.27,7.52,4.36,5.03,5.90
2022-10-22 10:00:00,3.57,7.63,3.00,3.46,5.91,5.61,7.85,4.57,5.26,6.22
2022-10-22 11:00:00,3.72,7.89,3.11,3.65,6.55,6.32,8.78,5.44,5.43,6.67
2022-10-22 12:00:00,3.25,7.36,3.04,3.66,6.77,6.70,9.60,5.42,5.48,6.13
2022-10-22 13:00:00,3.77,8.62,3.50,4.07,7.26,7.27,10.0,5.93,5.74,6.50
2022-10-22 14:00:00,4.18,10.1,4.02,4.57,8.10,8.25,11.3,6.61,6.70,7.86
2022-10-22 15:00:00,5.13,11.3,4.50,5.11,8.94,9.23,13.4,7.27,7.70,9.13
2022-10-22 16:00:00,5.71,12.9,4.72,5.40,9.82,9.98,13.7,7.93,8.48,10.0
2022-10-22 17:00:00,5.74,12.5,5.38,5.89,10.5,10.2,13.9,8.79,9.32,10.7
2022-10-22 18:00:00,6.66,14.3,6.11,7.08,11.0,12.5,17.9,9.15,10.5,11.9
2022-10-22 19:00:00,9.34,20.1,10.3,12.3,14.7,14.1,19.7,12.2,13.7,15.6
2022-10-22 20:00:00,14.7,30.6,15.6,16.9,20.8,18.7,23.5,19.0,17.7,20.0
2022-10-22 21:00:00,16.8,33.4,17.2,17.9,19.2,17.3,22.7,17.0,17.4,20.5
2022-10-22 22:00:00,19.6,38.3,15.1,17.0,21.5,20.7,26.0,19.7,12.3,13.9
2022-10-22 23:00:00,17.9,33.9,19.7,20.0,27.7,26.7,34.3,27.6,15.7,18.5
2022-10-23 00:00:00,16.4,32.0,19.1,19.5,24.5,23.3,29.1,21.8,15.3,17.5
2022-10-23 01:00:00,15.8,31.0,11.1,14.9,16.3,15.2,19.9,13.1,14.9,16.9
2022-10-23 02:00:00,15.5,30.6,13.4,14.8,18.1,18.1,22.8,14.7,16.3,18.7
2022-10-23 03:00:00,14.3,28.5,13.3,14.7,20.3,21.5,26.6,18.5,14.5,17.1
2022-10-23 04:00:00,15.2,29.9,15.8,16.1,22.6,22.9,29.3,20.9,18.2,20.1
2022-10-23 05:00:00,15.9,30.8,16.1,16.5,23.8,24.0,30.2,22.8,19.1,21.0
2022-10-23 06:00:00,15.0,29.3,13.7,15.1,22.4,22.4,27.9,21.1,21.4,23.8
2022-10-23 07:00:00,14.1,27.8,13.1,14.3,21.9,21.0,25.6,19.4,21.6,24.0
2022-10-23 08:00:00,13.5,27.2,12.8,13.8,19.1,18.0,20.7,15.7,15.6,18.5
2022-10-23 09:00:00,12.6,24.0,11.5,12.6,16.2,15.3,18.9,13.3,13.2,15.2
2022-10-23 10:00:00,11.7,22.3,9.63,11.2,17.3,15.8,20.1,14.3,13.0,14.8
2022-10-23 11:00:00,9.08,17.7,8.17,9.19,15.8,14.5,19.0,13.8,14.1,15.7
2022-10-23 12:00:00,5.17,11.1,4.76,5.71,10.5,10.1,13.6,9.53,9.06,9.64
2022-10-23 13:00:00,4.77,10.1,4.49,5.40,9.52,8.48,11.4,8.14,8.10,8.76
2022-10-23 14:00:00,4.38,9.97,4.27,4.95,8.92,8.06,10.5,7.53,8.36,9.29
2022-10-23 15:00:00,4.52,9.49,4.33,4.97,8.98,7.60,9.82,7.65,7.55,8.64
2022-10-23 16:00:00,4.49,9.37,4.14,4.69,9.10,7.85,10.1,7.37,7.43,8.46
2022-10-23 17:00:00,4.62,9.13,4.37,5.11,8.87,7.59,10.1,7.05,7.86,8.63
2022-10-23 18:00:00,5.81,11.4,5.61,6.47,9.90,8.66,11.4,8.32,8.95,9.93
2022-10-23 19:00:00,7.43,14.5,9.59,10.4,13.0,11.5,14.6,10.4,12.5,13.1
2022-10-23 20:00:00,11.7,18.6,8.50,9.57,15.3,13.9,16.7,12.6,13.4,14.2
2022-10-23 21:00:00,11.4,21.7,11.2,12.1,17.9,16.7,20.7,15.3,16.0,17.0
2022-10-23 22:00:00,11.9,22.6,10.9,12.5,18.3,17.5,21.2,15.6,16.3,18.3
2022-10-23 23:00:00,10.7,21.2,9.97,11.4,17.7,17.4,20.6,15.2,15.8,17.3
2022-10-24 00:00:00,10.2,20.1,9.46,10.7,16.9,16.6,19.5,14.1,14.8,16.4
2022-10-24 01:00:00,9.95,19.2,9.02,10.3,16.3,15.1,18.7,13.5,14.5,15.7
2022-10-24 02:00:00,9.73,19.2,9.17,10.3,15.6,14.3,18.7,13.4,14.0,15.1
2022-10-24 03:00:00,9.84,20.1,9.42,10.3,16.2,15.5,19.0,13.9,13.8,15.6
2022-10-24 04:00:00,10.0,20.2,9.57,10.6,16.5,15.7,19.6,15.0,15.3,17.0
2022-10-24 05:00:00,9.90,19.4,9.17,10.2,16.0,15.2,19.2,14.2,16.1,17.5
2022-10-24 06:00:00,10.7,21.0,9.70,10.8,17.1,16.0,19.9,14.4,16.6,17.8
2022-10-24 07:00:00,12.4,24.7,11.1,12.6,18.9,18.3,22.7,16.7,18.0,19.2
2022-10-24 08:00:00,13.1,25.6,12.0,13.4,21.4,19.9,24.7,18.0,19.7,21.3
2022-10-24 09:00:00,13.7,26.3,13.3,14.7,23.0,21.6,28.1,21.2,22.0,25.1
2022-10-24 10:00:00,16.9,32.0,15.3,15.8,26.2,25.1,31.6,25.6,23.5,27.1
2022-10-24 11:00:00,15.9,30.8,14.7,15.7,25.9,25.0,31.9,25.1,23.2,26.4
2022-10-24 12:00:00,7.41,15.9,7.67,8.79,15.4,15.3,20.6,14.5,13.7,14.3
2022-10-24 13:00:00,3.52,7.28,3.41,3.98,7.80,7.50,9.90,6.88,7.01,6.78
2022-10-24 14:00:00,1.82,4.44,1.68,2.06,5.36,4.98,5.70,4.23,3.61,3.91
2022-10-24 15:00:00,1.55,3.56,1.23,1.61,4.00,3.58,4.18,3.17,3.16,3.35
2022-10-24 16:00:00,1.48,2.94,1.18,1.35,3.75,3.45,4.32,2.75,2.90,3.03
2022-10-24 17:00:00,1.05,2.08,0.754,1.02,2.55,2.50,3.30,1.94,2.35,2.42
2022-10-24 18:00:00,1.74,2.96,1.25,1.60,3.03,2.78,3.57,2.50,2.72,3.31
2022-10-24 19:00:00,2.44,4.71,2.29,2.43,4.53,3.83,4.88,3.59,4.19,4.65
2022-10-24 20:00:00,3.66,7.80,4.08,4.60,7.08,6.44,8.02,5.55,6.34,7.02
2022-10-24 21:00:00,4.99,9.73,4.97,5.51,7.54,7.42,8.20,5.96,6.07,7.17
2022-10-24 22:00:00,4.94,9.31,5.05,5.66,7.46,7.62,9.04,5.94,7.00,8.08
2022-10-24 23:00:00,4.91,9.83,4.26,4.72,6.64,6.88,8.00,5.39,6.48,7.26
2022-10-25 00:00:00,6.08,11.8,5.13,5.85,9.34,9.14,10.2,7.79,7.97,8.74
2022-10-25 01:00:00,6.57,13.0,6.02,7.01,11.3,10.7,13.0,9.69,8.99,9.39
2022-10-25 02:00:00,7.01,13.6,6.47,7.26,11.0,10.2,12.7,9.34,9.71,9.53
2022-10-25 03:00:00,5.90,11.3,5.58,6.37,9.46,8.59,11.1,7.89,8.94,9.15
2022-10-25 04:00:00,5.89,11.9,5.86,6.74,10.4,9.34,12.3,9.00,9.79,10.9
2022-10-25 05:00:00,6.72,13.0,6.23,6.95,11.1,9.96,12.9,9.41,10.4,11.4
2022-10-25 06:00:00,9.27,18.9,8.77,9.73,15.9,14.4,18.9,14.4,14.3,15.5
2022-10-25 07:00:00,12.5,25.1,13.2,13.5,21.4,20.3,26.1,20.8,18.0,18.7
2022-10-25 08:00:00,16.9,32.1,17.4,17.5,27.5,25.7,31.9,27.8,24.7,26.8
2022-10-25 09:00:00,14.9,28.2,14.9,15.3,25.1,22.9,29.3,25.0,22.4,24.9
2022-10-25 10:00:00,14.1,27.6,14.4,14.3,25.3,23.4,30.0,24.9,21.0,23.4
2022-10-25 11:00:00,15.1,29.5,14.6,14.7,25.4,23.5,29.9,25.0,23.2,25.9
2022-10-25 12:00:00,7.31,14.8,6.68,7.53,13.9,13.0,17.6,12.3,11.9,13.0
2022-10-25 13:00:00,6.05,12.2,5.68,6.60,12.3,11.0,14.6,10.6,10.7,11.3
2022-10-25 14:00:00,4.50,9.48,4.59,5.09,10.8,9.20,11.2,9.05,8.72,9.35
2022-10-25 15:00:00,4.98,10.4,4.62,5.25,11.5,9.71,12.2,9.50,9.30,10.2
2022-10-25 16:00:00,5.48,10.7,4.86,5.59,10.8,9.59,12.0,8.91,8.74,10.1
2022-10-25 17:00:00,6.97,13.4,5.75,6.66,12.5,10.9,14.0,10.4,11.0,12.6
2022-10-25 18:00:00,4.19,8.20,4.26,5.06,8.62,7.60,9.57,7.07,6.81,8.01
2022-10-25 19:00:00,3.48,6.92,3.67,4.89,6.45,6.22,6.68,5.26,5.31,6.17
2022-10-25 20:00:00,4.06,8.00,5.08,6.13,8.33,7.27,8.77,7.08,7.27,8.17
2022-10-25 21:00:00,3.80,7.03,3.64,4.37,6.70,6.44,6.69,5.25,5.29,6.11
2022-10-25 22:00:00,3.95,7.44,3.38,4.01,5.61,5.63,6.07,4.35,5.21,6.26
2022-10-25 23:00:00,3.38,6.47,3.20,3.71,5.37,5.39,5.91,4.35,5.13,5.73
2022-10-26 00:00:00,3.42,6.38,3.26,3.69,5.50,5.75,6.22,4.44,5.51,6.03
2022-10-26 01:00:00,4.18,8.65,3.72,4.42,7.50,7.51,8.67,6.29,6.94,7.72
2022-10-26 02:00:00,5.46,11.2,5.05,5.68,8.87,8.52,10.3,7.40,7.69,8.82
2022-10-26 03:00:00,5.83,11.8,5.16,5.89,8.22,8.01,9.88,6.63,7.34,8.35
2022-10-26 04:00:00,7.17,14.5,6.16,7.16,10.1,9.60,11.6,8.34,8.13,9.64
2022-10-26 05:00:00,7.24,14.0,6.71,7.31,11.1,10.4,13.1,9.39,7.47,8.88
2022-10-26 06:00:00,6.34,12.7,5.77,6.52,9.92,9.34,11.4,8.48,7.33,8.59
2022-10-26 07:00:00,5.73,11.1,4.67,5.43,7.03,7.06,7.83,5.73,5.57,6.73
2022-10-26 08:00:00,5.27,11.1,4.72,5.43,7.95,7.84,7.89,6.21,5.22,6.81
2022-10-26 09:00:00,5.29,10.2,4.35,5.21,6.79,7.00,7.19,5.18,5.57,6.87
2022-10-26 10:00:00,4.73,9.05,3.76,4.60,5.82,5.21,6.55,4.80,6.10,7.39
2022-10-26 11:00:00,2.29,4.34,1.91,2.44,5.34,4.13,5.47,4.58,4.43,5.20
2022-10-26 12:00:00,3.32,7.01,2.96,3.57,7.92,6.89,9.00,6.24,6.67,7.57
2022-10-26 13:00:00,7.80,15.9,7.22,7.69,12.8,12.6,17.1,10.9,10.9,12.5
2022-10-26 14:00:00,13.9,26.9,12.9,13.8,21.9,20.5,27.6,19.3,19.2,21.6
2022-10-26 15:00:00,11.3,21.4,10.8,11.1,17.9,16.5,22.1,15.7,16.1,18.2
2022-10-26 16:00:00,9.19,17.9,8.83,9.69,16.4,14.6,19.8,13.7,13.6,15.3
2022-10-26 17:00:00,12.1,23.6,11.6,12.2,20.1,18.5,24.8,17.6,16.8,19.1
2022-10-26 18:00:00,17.8,33.4,18.1,18.1,26.8,25.7,33.0,25.5,24.3,27.9
2022-10-26 19:00:00,14.6,27.1,16.7,16.9,22.1,21.2,26.7,21.4,20.1,23.0
2022-10-26 20:00:00,0.0642,0.117,0.386,0.595,0.422,0.189,0.274,0.223,0.110,0.127
2022-10-26 21:00:00,0,0,0,0.0471,0.0253,0,0,0,0,0
2022-10-26 22:00:00,0,0,0,0,0,0,0,0,0,0
2022-10-26 23:00:00,0,0,0,0,0,0,0,0,0,0
2022-10-27 00:00:00,0,0,0,0,0,0,0,0,0,0
2022-10-27 01:00:00,0,0,0,0,0,0,0,0,0,0
2022-10-27 02:00:00,0,0,0,0,0,0,0,0,0,0
2022-10-27 03:00:00,0,0,0,0,0,0,0,0,0,0
2022-10-27 04:00:00,0,0,0,0,0,0,0,0,0,0
2022-10-27 05:00:00,0,0,0,0,0,0,0,0,0,0
2022-10-27 06:00:00,0,0,0,0,0,0,0,0,0,0
2022-10-27 07:00:00,0,0,0,0.160,0,0,0,0,0,0.0143
2022-10-27 08:00:00,0,0,0,0.524,0,0.0132,0,0,0,0.0573
2022-10-27 09:00:00,0,0.0167,0.00967,0.0353,0,0.0263,0.0157,0,0.110,0.0860
2022-10-27 10:00:00,0,0.0167,0,0.0177,0.0486,0,0.0470,0,0.0122,0.0430
2022-10-27 11:00:00,0.0733,0.283,0.174,0.292,0.545,0.418,0.761,0.0560,0.577,0.631
2022-10-27 12:00:00,0,0.0167,0.0967,0.336,0.507,0.105,0.439,0.0980,0.353,0.502
2022-10-27 13:00:00,0,0.0500,0,0.124,0.962,0.184,0.674,0.0420,0.535,0.616
2022-10-27 14:00:00,0,0.0167,0,0.0618,0.805,0.0658,0.172,0.0700,0.462,0.506
2022-10-27 15:00:00,0.0550,0.200,0.0193,0.336,0.671,0.599,0.783,0.0420,0.827,0.899
2022-10-27 16:00:00,0.128,0.900,0.271,0.555,1.08,0.856,1.41,0.350,1.92,1.51
2022-10-27 17:00:00,0.137,0.900,0.416,0.565,1.28,1.41,2.10,0.490,1.69,1.61
2022-10-27 18:00:00,0.293,1.07,0.541,0.728,1.68,1.47,2.18,0.812,1.84,1.98
2022-10-27 19:00:00,0.710,2.12,1.28,1.53,3.61,3.56,4.29,2.13,2.57,2.67
2022-10-27 20:00:00,1.75,3.62,1.98,2.01,5.14,5.20,6.03,3.53,3.55,3.78
2022-10-27 21:00:00,2.29,4.13,2.27,2.94,5.51,4.90,5.37,3.73,4.56,4.77
2022-10-27 22:00:00,1.48,2.93,1.54,1.77,3.82,2.81,3.12,2.70,2.47,2.85
2022-10-27 23:00:00,1.34,2.91,1.55,1.79,2.53,2.42,2.64,1.81,2.86,2.68
2022-10-28 00:00:00,2.87,3.84,1.43,1.97,3.63,4.13,4.20,2.69,3.46,3.46
2022-10-28 01:00:00,4.32,4.56,1.58,2.18,2.97,3.50,3.67,2.27,3.30,3.82
2022-10-28 02:00:00,3.75,3.80,1.22,2.01,3.06,3.68,3.83,2.33,3.01,3.39
2022-10-28 03:00:00,1.15,2.12,1.01,1.57,2.50,2.75,2.88,1.82,2.36,2.84
2022-10-28 04:00:00,1.02,2.01,0.696,1.36,2.23,2.85,2.38,1.70,1.76,2.31
2022-10-28 05:00:00,0.559,1.70,0.580,1.07,2.21,2.68,2.63,1.71,1.79,1.77
2022-10-28 06:00:00,0.559,1.32,0.599,1.07,2.11,2.46,1.98,1.67,1.74,1.96
2022-10-28 07:00:00,1.01,2.15,0.725,1.46,2.25,2.81,2.70,1.71,1.96,2.56
2022-10-28 08:00:00,1.07,2.11,0.860,1.61,3.35,3.68,1.94,2.36,1.87,2.04
2022-10-28 09:00:00,1.16,1.98,0.957,1.73,2.97,2.84,2.66,1.95,2.33,2.50
2022-10-28 10:00:00,1.78,3.29,1.68,2.17,4.43,3.99,4.41,3.06,3.32,3.82
2022-10-28 11:00:00,0.329,0.967,0.0773,0.345,1.73,1.37,1.63,1.08,0.766,1.09
2022-10-28 12:00:00,0,0.0500,0,0.0795,1.14,1.10,1.46,0.686,0.329,0.645
2022-10-28 13:00:00,0.394,0.917,0.271,0.638,2.59,1.90,2.31,1.72,0.730,0.989
2022-10-28 14:00:00,0.486,1.05,0.222,0.610,1.95,1.67,2.12,1.00,0.742,1.22
2022-10-28 15:00:00,0.568,1.03,0.242,0.477,1.95,1.51,1.93,1.17,0.827,1.15
2022-10-28 16:00:00,0.128,0.183,0,0.200,0.969,0.807,0.987,0.434,0.304,0.473
2022-10-28 17:00:00,0.0642,0.0833,0.0677,0.345,0.919,0.803,0.830,0.224,0.316,0.702
2022-10-28 18:00:00,0.248,0.417,0.822,0.950,1.49,1.37,1.70,0.826,0.718,0.846
2022-10-28 19:00:00,0.550,1,1.25,1.82,2.52,1.78,1.72,1.36,1.80,2.12
2022-10-28 20:00:00,1.73,2.49,2.67,3.24,3.09,2.82,1.94,1.98,2.53,2.91
2022-10-28 21:00:00,1.74,3.45,2.79,3.41,5.80,5.91,2.97,3.91,1.94,2.39
2022-10-28 22:00:00,2.34,5.31,3.09,3.79,8.60,9.49,10.5,7.31,2.57,3.82
2022-10-28 23:00:00,3.23,7.11,3.26,3.57,13.6,14.6,18.0,13.0,2.03,3.44
2022-10-29 00:00:00,2.97,6.24,2.78,3.28,13.7,15.8,18.7,12.1,1.84,3.23
2022-10-29 01:00:00,5.48,11.2,4.43,5.66,14.4,14.7,18.1,13.1,4.93,9.73
2022-10-29 02:00:00,4.38,8.86,4.61,5.94,14.2,14.9,17.8,12.8,3.65,9.00
2022-10-29 03:00:00,4.85,10.1,4.10,5.49,11.4,12.6,13.8,10.9,8.25,9.88
2022-10-29 04:00:00,4.51,8.56,3.84,4.94,8.79,10.5,11.5,8.32,9.22,10.4
2022-10-29 05:00:00,4.89,9.83,4.50,5.69,8.88,9.49,11.1,8.36,8.97,9.67
2022-10-29 06:00:00,5.15,10.8,5.00,6.61,9.03,9.73,11.0,8.74,9.66,10.5
2022-10-29 07:00:00,5.77,12.3,6.14,7.66,10.1,10.8,12.3,9.62,10.6,11.3
2022-10-29 08:00:00,7.60,15.3,7.33,8.62,15.1,15.9,17.1,15.1,14.1,15.2
2022-10-29 09:00:00,9.09,17.8,10.5,10.5,10.3,10.9,12.3,10.2,13.7,14.4
2022-10-29 10:00:00,13.8,23.0,7.65,8.68,17.8,18.6,21.7,17.8,14.5,16.1
2022-10-29 11:00:00,12.9,25.3,10.9,12.1,23.6,22.0,28.2,21.8,20.3,22.5
2022-10-29 12:00:00,7.64,18.5,7.67,8.59,14.9,15.3,21.0,13.9,13.7,13.3
2022-10-29 13:00:00,5.45,12.0,5.49,6.10,10.8,10.7,14.9,9.76,9.01,9.14
2022-10-29 14:00:00,2.70,6.70,2.53,2.97,5.93,5.72,7.91,4.83,4.25,4.94
2022-10-29 15:00:00,2.03,4.88,2.08,2.09,4.65,4.54,6.51,3.49,3.53,4.44
2022-10-29 16:00:00,1.66,3.63,1.68,1.85,4.44,4.79,6.62,3.21,3.75,4.63
2022-10-29 17:00:00,1.86,4.34,2.14,2.32,3.07,3.45,6.89,2.32,2.70,3.13
2022-10-29 18:00:00,3.04,6.41,3.23,4.27,5.38,6.01,8.89,4.53,4.77,4.82
2022-10-29 19:00:00,5.17,10.6,6.14,6.78,10.1,8.63,11.4,8.49,7.44,8.25
2022-10-29 20:00:00,9.20,17.9,9.81,12.0,10.4,8.57,11.7,9.98,7.84,9.37
2022-10-29 21:00:00,10.1,20.1,9.32,11.7,14.2,12.5,17.6,11.3,8.89,10.3
2022-10-29 22:00:00,12.8,23.8,12.9,13.4,11.5,10.9,14.3,9.38,14.8,17.7
2022-10-29 23:00:00,10.0,20.4,10.3,11.4,8.78,8.75,10.5,6.89,7.69,9.49
2022-10-30 00:00:00,17.2,33.2,14.3,13.6,20.3,19.9,21.0,17.8,6.29,9.08
2022-10-30 01:00:00,18.1,35.2,21.2,18.5,24.0,24.1,29.4,23.3,10.4,16.9
2022-10-30 02:00:00,16.5,31.6,14.4,15.5,24.2,23.3,27.9,22.8,15.4,21.2
2022-10-30 03:00:00,16.3,31.1,14.6,15.7,24.0,24.0,29.8,23.7,22.0,24.7
2022-10-30 04:00:00,17.4,32.3,15.5,16.5,24.3,24.8,30.4,24.8,23.7,26.5
2022-10-30 05:00:00,15.5,29.0,12.6,14.3,20.6,21.0,24.1,19.3,22.8,25.1
2022-10-30 06:00:00,14.6,27.8,12.9,14.0,22.5,23.1,27.5,22.2,21.3,23.5
2022-10-30 07:00:00,14.6,28.3,13.8,15.2,23.0,23.1,27.5,22.7,23.1,24.6
2022-10-30 08:00:00,15.4,29.2,16.8,17.3,23.6,23.0,27.8,23.6,24.0,26.7
2022-10-30 09:00:00,14.3,23.8,12.0,13.3,22.2,19.7,23.0,21.5,17.8,19.8
2022-10-30 10:00:00,11.6,20.6,12.2,13.7,23.1,19.9,24.0,21.8,21.0,23.3
2022-10-30 11:00:00,14.8,27.6,15.5,16.1,25.4,23.1,29.0,25.2,23.5,26.3
2022-10-30 12:00:00,15.3,32.6,16.4,16.4,28.0,26.8,34.8,29.0,25.6,25.9
2022-10-30 13:00:00,15.6,31.7,15.5,16.0,24.5,23.9,31.5,24.8,23.3,24.0
2022-10-30 14:00:00,16.6,32.8,16.9,17.0,25.2,24.0,31.0,25.5,24.9,27.8
2022-10-30 15:00:00,9.35,18.4,8.29,8.96,16.5,14.9,19.1,15.0,12.9,14.7
2022-10-30 16:00:00,4.21,8.76,4.52,5.13,10.6,9.16,11.9,9.01,8.92,9.80
2022-10-30 17:00:00,5.52,11.2,4.84,5.71,8.50,7.97,10.8,7.12,7.11,8.20
2022-10-30 18:00:00,4.75,10.3,4.48,4.99,11.8,9.73,12.6,9.97,10.1,9.90
2022-10-30 19:00:00,9.04,18.8,9.46,10.2,15.7,13.2,17.5,13.8,15.3,16.2
2022-10-30 20:00:00,16.7,33.3,17.1,17.6,24.6,22.7,29.2,23.9,23.9,27.5
2022-10-30 21:00:00,17.8,33.8,18.1,18.4,19.1,17.6,21.9,16.3,17.5,21.0
2022-10-30 22:00:00,19.8,38.0,17.7,18.1,22.1,21.7,25.9,19.8,13.2,16.9
2022-10-30 23:00:00,22.0,41.0,19.9,19.9,32.3,32.4,40.8,32.7,25.3,29.4
2022-10-31 00:00:00,22.8,43.2,19.1,19.2,32.8,33.0,40.7,32.8,28.9,32.7
2022-10-31 01:00:00,20.6,39.1,18.4,18.6,30.9,31.3,39.2,31.4,27.8,30.5
2022-10-31 02:00:00,19.1,35.8,17.9,17.9,29.4,28.1,35.3,28.5,25.7,28.3
2022-10-31 03:00:00,19.5,36.9,19.2,19.4,28.8,28.2,35.4,28.5,26.0,28.8
2022-10-31 04:00:00,20.6,39.4,20.5,20.6,29.8,29.1,36.0,29.2,26.7,29.7
2022-10-31 05:00:00,20.7,38.5,20.1,20.2,28.8,27.9,34.2,27.8,24.6,28.4
2022-10-31 06:00:00,19.4,35.6,18.7,18.9,26.4,25.6,30.9,25.5,20.9,23.1
2022-10-31 07:00:00,16.9,31.7,16.9,17.3,24.1,22.9,28.7,22.1,21.4,24.1
2022-10-31 08:00:00,16.4,31.2,16.6,16.9,24.2,22.9,28.9,22.8,22.9,26.2
2022-10-31 09:00:00,16.1,30.8,15.7,16.3,21.3,19.7,25.5,18.9,20.1,23.1
2022-10-31 10:00:00,17.1,32.9,16.7,17.0,26.5,25.4,32.3,25.7,24.6,26.7
2022-10-31 11:00:00,18.6,35.6,18.4,18.5,28.8,27.1,34.5,28.4,28.1,30.9
2022-10-31 12:00:00,17.2,32.1,16.2,16.9,27.5,25.7,32.3,26.8,26.3,29.4
2022-10-31 13:00:00,17.9,34.0,15.2,16.1,26.4,24.9,31.4,24.7,23.6,26.4
2022-10-31 14:00:00,14.5,27.4,12.8,14.3,23.8,21.6,27.7,21.9,22.3,25.0
2022-10-31 15:00:00,11.1,21.8,10.4,11.7,19.7,17.5,23.4,17.0,19.3,20.9
2022-10-31 16:00:00,10.2,19.7,8.96,10.5,18.7,16.1,21.2,16.1,16.9,19.1
2022-10-31 17:00:00,10.0,19.3,8.67,9.84,18.2,15.3,20.2,15.3,15.5,17.6
2022-10-31 18:00:00,10.8,21.1,9.97,11.4,19.6,16.8,22.2,17.0,16.4,18.4
2022-10-31 19:00:00,12.1,24.1,14.4,14.5,19.5,17.3,22.6,17.0,18.1,19.7
2022-10-31 20:00:00,16.5,32.0,18.1,18.5,24.1,22.5,28.5,23.0,23.3,26.0
2022-10-31 21:00:00,19.4,36.9,21.8,21.1,30.1,28.5,35.1,29.5,27.3,31.1
2022-10-31 22:00:00,20.5,38.0,21.2,20.6,31.3,29.5,36.7,31.6,29.3,33.6
2022-10-31 23:00:00,21.2,39.3,21.1,20.6,31.3,29.7,37.2,32.2,28.0,31.8
2022-11-01 00:00:00,21.3,39.9,20.7,20.3,31.5,30.2,37.8,32.5,29.5,33.3
2022-11-01 01:00:00,20.2,37.8,20.9,20.3,31.1,29.2,36.3,32.0,27.9,31.5
2022-11-01 02:00:00,20.5,38.1,19.8,19.3,29.1,26.8,34.3,29.8,26.2,29.9
2022-11-01 03:00:00,20.7,38.1,19.5,19.1,28.8,26.5,33.8,29.5,26.7,30.0
2022-11-01 04:00:00,18.8,34.8,18.7,18.4,27.4,25.4,32.2,27.3,25.0,28.5
2022-11-01 05:00:00,17.4,32.0,17.1,16.9,26.5,24.4,31.1,26.0,23.5,26.4
2022-11-01 06:00:00,17.4,33.2,19.6,19.5,31.4,29.1,37.1,31.9,28.0,31.6
2022-11-01 07:00:00,19.8,36.9,20.6,20.3,31.5,29.5,37.4,32.3,29.8,33.5
2022-11-01 08:00:00,21.1,39.8,21.0,20.5,33.4,32.1,40.2,34.4,33.0,36.5
2022-11-01 09:00:00,24.6,45.8,25.4,25.3,38.1,36.0,46.0,39.5,36.6,40.9
2022-11-01 10:00:00,21.9,39.9,25.2,24.3,33.2,32.2,39.6,33.5,31.6,35.9
2022-11-01 11:00:00,11.0,20.9,10.8,12.1,17.3,15.8,20.6,14.9,16.8,18.8
2022-11-01 12:00:00,9.92,20.5,10.4,11.9,19.4,18.0,22.8,16.8,18.4,19.5
2022-11-01 13:00:00,9.95,21.5,10.9,12.1,19.3,17.3,22.2,16.8,17.5,17.7
2022-11-01 14:00:00,8.60,19.8,9.61,10.4,16.0,14.5,17.2,13.3,14.2,14.8
2022-11-01 15:00:00,8.40,17.9,8.17,9.26,14.2,13.9,17.0,11.9,13.0,15.5
2022-11-01 16:00:00,15.8,29.8,14.8,14.7,24.9,23.7,30.2,23.7,22.0,25.1
2022-11-01 17:00:00,16.7,31.9,15.7,14.9,25.7,25.4,32.2,25.7,22.9,25.7
2022-11-01 18:00:00,17.0,32.7,15.9,15.5,24.3,24.1,31.2,24.9,22.9,25.6
2022-11-01 19:00:00,16.8,30.6,18.7,18.0,23.7,23.2,29.6,22.9,23.8,27.1
2022-11-01 20:00:00,16.4,30.4,21.1,22.0,24.7,24.4,30.3,23.4,23.4,27.5
2022-11-01 21:00:00,17.4,32.8,21.2,21.1,26.2,25.4,32.4,25.9,25.2,28.8
2022-11-01 22:00:00,17.3,32.5,21.2,20.3,25.7,25.5,31.5,25.0,24.1,27.3
2022-11-01 23:00:00,17.6,33.4,19.2,19.1,27.2,27.1,33.4,27.0,24.6,28.6
2022-11-02 00:00:00,20.2,37.9,20.0,19.6,30.0,29.6,37.1,30.6,26.8,30.6
2022-11-02 01:00:00,20.3,38.6,20.1,20.1,27.0,26.4,33.4,26.8,27.3,31.6
2022-11-02 02:00:00,20.1,38.2,19.5,19.3,27.6,27.1,33.9,27.2,27.9,32.2
2022-11-02 03:00:00,19.6,36.9,20.1,19.7,28.2,28.4,35.2,28.1,27.8,32.1
2022-11-02 04:00:00,20.8,38.9,20.9,20.6,32.1,31.8,39.6,33.0,29.6,34.5
2022-11-02 05:00:00,20.6,38.4,21.5,20.7,31.4,32.3,40.3,32.9,30.4,35.8
2022-11-02 06:00:00,20.1,37.6,20.3,19.8,29.3,30.2,37.9,29.8,26.9,31.1
2022-11-02 07:00:00,21.0,39.4,20.5,20.0,30.1,30.9,38.5,30.6,29.1,33.3
2022-11-02 08:00:00,22.2,41.4,21.4,21.2,30.6,31.2,39.1,31.5,30.6,34.2
2022-11-02 09:00:00,22.6,42.6,22.3,21.8,33.8,34.7,43.3,35.3,31.2,35.0
2022-11-02 10:00:00,23.1,42.9,21.4,21.3,35.2,34.7,42.4,35.5,31.6,36.1
2022-11-02 11:00:00,23.0,43.6,22.7,22.3,34.8,34.4,42.5,35.4,33.4,37.5
2022-11-02 12:00:00,21.6,44.7,22.4,22.4,35.4,35.4,45.1,37.0,33.6,35.5
2022-11-02 13:00:00,19.6,38.9,19.0,19.1,31.6,30.7,39.3,32.8,29.7,31.0
2022-11-02 14:00:00,14.8,32.2,15.2,15.8,26.8,25.2,30.4,26.1,25.2,26.4
2022-11-02 15:00:00,20.2,39.3,19.6,19.2,32.4,30.6,36.8,33.0,29.6,33.6
2022-11-02 16:00:00,22.6,41.7,22.3,20.2,34.2,33.0,41.2,35.1,31.5,35.4
2022-11-02 17:00:00,20.9,39.3,21.8,19.6,32.8,31.5,39.8,33.4,31.7,35.2
2022-11-02 18:00:00,21.6,40.1,21.6,19.9,31.8,31.3,40.0,33.7,31.4,35.1
2022-11-02 19:00:00,24.5,45.1,24.5,23.4,38.1,35.8,45.0,39.5,34.6,38.6
2022-11-02 20:00:00,27.4,50.4,27.7,26.3,41.7,39.5,49.0,43.1,38.9,43.1
2022-11-02 21:00:00,27.4,49.6,27.4,26.1,43.6,39.8,49.8,45.1,39.4,43.3
2022-11-02 22:00:00,23.4,41.8,22.6,21.7,36.0,33.8,42.4,37.8,32.4,35.9
2022-11-02 23:00:00,22.2,39.8,21.3,20.6,33.7,31.7,39.7,35.0,30.6,33.8
2022-11-03 00:00:00,23.7,43.2,24.1,22.9,36.0,34.1,42.6,37.5,33.3,37.1
2022-11-03 01:00:00,23.8,43.4,24.9,23.7,36.1,34.5,43.0,37.9,34.0,38.1
2022-11-03 02:00:00,25.7,47.3,26.2,25.2,39.4,36.9,46.0,41.1,35.5,39.9
2022-11-03 03:00:00,25.3,46.5,26.2,25.0,40.0,37.3,46.8,42.0,36.6,41.5
2022-11-03 04:00:00,23.2,42.5,24.1,23.2,39.2,35.9,44.7,41.1,35.5,39.2
2022-11-03 05:00:00,27.1,49.1,27.6,26.2,43.6,39.0,49.9,45.4,38.7,42.1
2022-11-03 06:00:00,25.9,45.5,25.3,23.7,37.2,34.5,43.6,39.0,33.5,37.2
2022-11-03 07:00:00,22.4,39.4,21.9,21.0,33.5,31.0,39.2,35.3,30.6,33.0
2022-11-03 08:00:00,22.2,39.2,22.0,20.7,32.9,30.0,37.8,34.2,29.7,32.4
2022-11-03 09:00:00,22.6,39.8,21.7,20.8,33.5,31.0,39.1,35.1,30.1,33.4
2022-11-03 10:00:00,24.3,43.7,23.1,22.7,36.1,34.2,42.6,38.0,32.8,36.9
2022-11-03 11:00:00,26.0,47.3,25.6,25.0,39.9,37.7,47.2,41.8,35.8,40.2
2022-11-03 12:00:00,26.9,48.0,26.0,25.4,39.9,37.1,47.1,41.5,36.0,40.4
2022-11-03 13:00:00,21.8,38.7,20.0,20.0,32.5,30.2,38.7,33.2,28.8,32.1
2022-11-03 14:00:00,22.9,41.1,22.3,21.6,34.2,32.3,41.2,35.2,31.3,35.2
2022-11-03 15:00:00,25.7,45.9,25.2,24.6,38.1,35.9,45.7,39.6,35.3,39.6
2022-11-03 16:00:00,28.9,51.1,28.2,27.8,44.9,40.3,52.0,45.9,40.3,44.4
2022-11-03 17:00:00,29.8,52.9,28.8,27.8,45.6,41.2,53.0,46.2,40.6,44.4
2022-11-03 18:00:00,27.8,50.9,27.7,25.5,39.0,38.9,49.7,42.3,37.3,41.4
2022-11-03 19:00:00,28.2,52.2,28.7,27.4,41.7,40.1,52.1,42.9,37.6,42.6
2022-11-03 20:00:00,31.2,58.2,33.0,32.0,47.9,43.9,56.1,47.8,43.6,48.4
2022-11-03 21:00:00,33.2,59.8,31.3,30.9,49.8,44.9,59.3,51.2,43.9,48.0
2022-11-03 22:00:00,22.8,40.1,21.7,21.6,38.2,34.3,43.2,39.9,32.2,36.4
2022-11-03 23:00:00,21.9,38.7,20.6,20.8,34.3,31.7,40.2,36.6,31.0,35.2
2022-11-04 00:00:00,21.5,38.1,20.4,20.4,34.0,32.1,40.5,35.9,31.4,35.2
2022-11-04 01:00:00,21.3,39.5,21.5,21.2,37.9,35.3,43.7,39.7,34.0,37.4
2022-11-04 02:00:00,22.2,40.5,22.4,21.8,36.1,33.3,42.3,37.6,34.5,38.5
2022-11-04 03:00:00,20.5,37.7,21.6,21.0,33.9,31.3,39.2,35.6,31.7,35.6
2022-11-04 04:00:00,20.5,37.1,20.1,19.7,32.2,29.9,37.6,33.7,29.1,32.6
2022-11-04 05:00:00,18.0,32.6,17.3,17.2,29.8,27.4,33.4,30.3,26.4,29.8
2022-11-04 06:00:00,18.2,33.7,18.2,17.9,31.0,28.2,35.1,31.5,27.7,30.2
2022-11-04 07:00:00,17.4,32.4,18.5,18.5,30.7,28.3,35.4,31.3,29.4,32.8
2022-11-04 08:00:00,17.4,32.9,19.0,18.2,28.7,27.1,34.4,29.5,29.8,32.1
2022-11-04 09:00:00,18.6,35.3,19.4,19.3,29.7,28.1,35.7,30.6,29.0,31.7
2022-11-04 10:00:00,19.8,36.8,18.9,19.3,30.9,30.0,37.4,31.4,28.6,31.5
2022-11-04 11:00:00,18.0,34.2,16.6,17.1,27.2,25.9,32.8,26.2,24.5,27.2
2022-11-04 12:00:00,9.01,20.3,8.86,10.1,17.7,16.7,22.7,15.6,15.5,15.7
2022-11-04 13:00:00,8.60,18.5,7.75,8.80,16.3,15.6,21.7,13.9,13.0,13.7
2022-11-04 14:00:00,7.91,17.3,7.28,8.18,14.7,15.1,19.1,12.4,12.2,13.6
2022-11-04 15:00:00,7.92,16.5,7.59,8.27,15.0,14.8,19.8,12.4,12.3,13.9
2022-11-04 16:00:00,8.05,16.4,7.51,7.95,14.2,13.6,18.1,11.8,11.8,13.6
2022-11-04 17:00:00,8.09,16.5,7.51,7.94,14.8,14.3,18.4,12.1,11.9,13.4
2022-11-04 18:00:00,8.81,17.9,8.13,8.58,15.5,14.7,20.8,12.7,12.4,14.1
2022-11-04 19:00:00,9.21,18.9,8.50,9.20,15.7,14.7,21.7,12.6,13.1,14.8
2022-11-04 20:00:00,9.47,19.0,10.0,10.5,16.6,15.6,25.4,13.2,13.7,15.6
2022-11-04 21:00:00,10.2,20.7,10.7,11.2,17.1,16.2,23.0,14.2,15.1,17.0
2022-11-04 22:00:00,9.98,21.0,9.34,10.1,15.6,14.5,20.0,12.8,14.3,16.2
2022-11-04 23:00:00,9.84,19.7,9.75,9.86,15.4,14.0,18.7,12.9,14.8,16.7
2022-11-05 00:00:00,9.55,19.1,9.25,9.85,15.6,14.8,18.0,13.2,14.4,16.3
2022-11-05 01:00:00,8.76,17.6,8.20,8.75,14.8,13.6,17.1,12.1,12.9,14.9
2022-11-05 02:00:00,8.50,17.3,8.22,9.07,14.7,13.5,17.3,12.6,13.4,15.6
2022-11-05 03:00:00,8.29,16.7,7.74,8.27,14.2,13.0,16.1,12.3,12.8,14.7
2022-11-05 04:00:00,6.50,13.3,6.26,6.82,11.0,10.3,12.5,9.02,9.80,11.5
2022-11-05 05:00:00,4.92,9.83,4.53,5.17,8.35,7.87,9.94,6.92,7.46,8.82
2022-11-05 06:00:00,4.08,8.28,3.95,4.28,6.97,6.53,8.27,5.64,6.56,7.45
2022-11-05 07:00:00,3.49,7.37,3.19,3.78,6.30,5.85,7.24,4.92,5.58,6.35
2022-11-05 08:00:00,2.87,6.28,2.62,3.05,5.39,5.01,6.93,4.02,4.55,5.11
2022-11-05 09:00:00,2.35,5.83,2.28,2.70,4.87,4.43,5.69,3.58,4.12,4.88
2022-11-05 10:00:00,2.26,5.16,2.05,2.49,4.27,4.11,5.11,3.33,3.75,4.56
2022-11-05 11:00:00,2.10,4.43,1.82,2.27,4.17,4.03,5.66,3.24,3.49,3.86
2022-11-05 12:00:00,1.95,4.26,1.70,2.18,4.28,4.72,6.17,3.29,3.56,4.08
2022-11-05 13:00:00,1.93,4.16,1.95,2.16,4.45,4.95,7.32,3.26,3.37,3.97
2022-11-05 14:00:00,1.85,4.27,2.05,2.39,4.41,5.08,7.60,3.32,4.27,5.01
2022-11-05 15:00:00,1.53,3.67,1.39,1.83,3.80,3.98,5.72,2.86,2.93,3.68
2022-11-05 16:00:00,1.16,2.98,0.999,1.27,3.28,3.60,4.94,1.85,2.14,2.54
2022-11-05 17:00:00,0.660,2.10,0.580,0.760,2.38,2.52,3.72,1.34,1.20,1.43
2022-11-05 18:00:00,0.513,1.57,0.570,0.539,2.36,2.98,4.85,1.42,1.95,2.42
2022-11-05 19:00:00,0.587,1.45,0.570,0.839,2.88,2.48,3.28,2.21,1.53,1.76
2022-11-05 20:00:00,0.559,1.48,0.822,1.02,3.27,2.65,3.22,2.40,0.961,1.24
2022-11-05 21:00:00,0.807,2.05,0.590,1.04,3.12,2.64,3.33,2.41,1.57,1.53
2022-11-05 22:00:00,0.651,1.77,0.590,0.945,2.55,2.43,3.01,1.62,1.61,1.98
2022-11-05 23:00:00,0.495,1.02,0.377,0.512,1.33,1.05,2.09,0.686,0.973,1.46
2022-11-06 00:00:00,0.0367,0.583,0.0193,0.345,0.722,0.829,0.830,0.168,0.475,0.774
2022-11-06 01:00:00,0.504,1.43,0.445,0.636,1.20,0.980,1.72,0.840,1.23,1.11
2022-11-06 01:00:00,1.40,3.23,1.29,1.60,2.52,2.26,3.43,1.95,2.54,2.60
2022-11-06 02:00:00,2.01,4.07,1.79,2.12,3.33,2.95,4.17,2.48,3.02,3.19
2022-11-06 03:00:00,2.21,5.03,2.20,2.36,3.69,3.23,4.56,2.83,3.42,3.68
2022-11-06 04:00:00,2.16,4.73,1.97,2.26,3.25,2.77,3.96,2.37,3.24,3.73
2022-11-06 05:00:00,1.14,2.47,0.826,1.000,1.60,1.31,1.97,0.895,1.52,1.60
2022-11-06 06:00:00,0.0275,0.267,0.00967,0.150,0.152,0.0658,0.251,0,0.316,0.158
2022-11-06 07:00:00,0,0.0167,0,0.00930,0.0633,0,0.0157,0,0.329,0.0143
2022-11-06 08:00:00,0,0.0333,0,0,0.0633,0.0658,0.345,0,0.280,0.0860
2022-11-06 09:00:00,0,0,0,0,0,0,0.0157,0,0.158,0.0430
2022-11-06 10:00:00,0,0,0,0,0,0,0.0157,0,0.134,0
2022-11-06 11:00:00,0,0,0,0,0,0,0.0157,0,0,0
2022-11-06 12:00:00,0,0.0333,0,0,0.0633,0.0790,0.282,0,0.0973,0.115
2022-11-06 13:00:00,0,0.750,0,0.0883,0.747,0.922,1.66,0.322,0.365,0.645
2022-11-06 14:00:00,0.550,1.79,0.435,0.654,1.64,2.00,3.46,0.938,1.01,1.43
2022-11-06 15:00:00,1.35,3.10,0.918,1.34,2.44,2.75,4.37,1.89,2.29,2.83
2022-11-06 16:00:00,1.89,4.11,1.35,1.70,3.21,3.48,4.99,2.51,2.81,3.46
2022-11-06 17:00:00,1.13,2.56,1.34,1.62,1.48,1.74,2.83,1.04,1.30,1.82
2022-11-06 18:00:00,1.46,2.39,1.23,1.21,1.40,1.42,1.92,0.882,0.998,1.16
2022-11-06 19:00:00,1.05,2.37,1.43,1.34,1.75,1.70,2.62,1.09,1.45,1.73
2022-11-06 20:00:00,1.14,2.65,1.30,1.24,1.68,1.61,2.56,0.938,1.45,1.68
2022-11-06 21:00:00,1.10,2.20,1.29,1.39,1.69,1.88,2.73,0.994,1.66,1.79
2022-11-06 22:00:00,0.935,1.97,1.16,1.29,1.91,1.71,2.69,1.05,1.69,1.74
2022-11-06 23:00:00,0.550,1.63,0.677,0.936,1.28,1.38,1.97,0.854,1.46,1.53
2022-11-07 00:00:00,1.16,2.56,1.38,1.64,1.92,1.84,2.77,1.20,2.45,2.68
2022-11-07 01:00:00,1.59,3.48,1.74,2.07,2.44,2.42,3.35,1.71,2.88,3.35
2022-11-07 02:00:00,1.18,2.78,1.44,1.87,2.53,2.44,3.48,1.91,2.85,3.13
2022-11-07 03:00:00,1.43,3.48,1.59,1.94,2.91,2.67,3.66,2.13,3.01,3.28
2022-11-07 04:00:00,1.64,3.47,1.44,1.97,2.91,2.47,3.71,1.96,2.77,3.08
2022-11-07 05:00:00,1.61,3.52,1.45,1.87,2.92,2.65,3.74,2.20,2.87,3.13
2022-11-07 06:00:00,1.21,2.82,1.24,1.55,2.28,2.13,2.94,1.53,2.34,2.64
2022-11-07 07:00:00,0.990,2.29,1.04,1.46,2.06,1.82,2.54,1.24,2.36,2.30
2022-11-07 08:00:00,1.42,3.08,1.38,1.71,2.49,2.32,3.16,1.68,2.58,2.55
2022-11-07 09:00:00,1.04,2.32,1.01,1.37,1.89,1.64,2.20,1.20,1.92,2.14
2022-11-07 10:00:00,0.266,0.900,0.387,0.512,0.595,0.711,0.909,0.112,0.706,0.874
2022-11-07 11:00:00,0,0.500,0.0290,0.300,0.273,0.184,0.345,0,0.341,0.473
2022-11-07 12:00:00,0.0550,0.600,0.0580,0.327,0.203,0.145,0.674,0.0700,0.450,0.487
2022-11-07 13:00:00,0.578,1.69,0.580,0.989,1.43,1.20,1.75,0.728,1.36,1.49
2022-11-07 14:00:00,1.04,2.26,0.860,1.25,1.95,1.85,2.44,1.14,1.66,2.10
2022-11-07 15:00:00,1.64,3.53,1.63,1.71,2.91,2.68,3.60,1.88,2.75,3.11
2022-11-07 16:00:00,1.56,3.14,1.46,1.68,2.63,2.67,3.31,1.72,2.70,3.17
2022-11-07 17:00:00,1.13,2.87,1.12,1.49,2.29,2.21,2.87,1.37,2.31,2.92
2022-11-07 18:00:00,1.09,1.94,1.03,1.31,1.53,1.39,2.04,0.882,1.79,2.01
2022-11-07 19:00:00,0.541,1.07,0.580,0.648,1.27,0.816,1.07,0.462,0.925,0.958
2022-11-07 20:00:00,0.770,1.20,0.815,1.07,1.80,0.935,1.95,1.11,0.961,1.43
2022-11-07 21:00:00,0.843,1.95,1.44,1.54,1.77,1.64,2.47,1.69,1.63,1.97
2022-11-07 22:00:00,0.953,1.73,1.22,1.44,1.42,1.29,1.91,0.954,1.47,1.99
2022-11-07 23:00:00,0.898,1.97,1.000,1.26,1.55,1.34,1.86,0.868,1.47,1.89
2022-11-08 00:00:00,1.02,1.95,0.657,1.22,1.77,1.55,1.91,0.924,1.59,1.84
2022-11-08 01:00:00,1.07,2.07,0.899,1.37,2.07,2.19,2.44,1.29,2.09,2.38
2022-11-08 02:00:00,0.715,1.35,0.628,0.844,1.27,1.24,1.36,0.910,1.34,1.69
2022-11-08 03:00:00,0.193,0.667,0.135,0.327,0.583,0.421,0.721,0.0140,0.438,0.874
2022-11-08 04:00:00,0,0.0500,0,0.0883,0.0633,0.0263,1.36,0,0.122,0.301
2022-11-08 05:00:00,0,0.0167,0,0.0707,0.203,0.0922,0.602,0,0.377,0.631
2022-11-08 06:00:00,0.00917,0.0500,0,0.0707,0.646,0.537,0.611,0,0.693,1.02
2022-11-08 07:00:00,0,0.467,0,0.283,0.557,0.632,0.517,0.0140,1.33,1.10
2022-11-08 08:00:00,0.147,0.983,0.329,0.548,0.735,1.12,1.13,0.224,1.98,1.55
2022-11-08 09:00:00,0.376,0.867,0.396,0.618,1.23,1.40,1.11,0.770,2.39,1.99
2022-11-08 10:00:00,0,0.233,0.00967,0.256,0.722,0.843,0.830,0.112,4.67,1.63
2022-11-08 11:00:00,0,0.0167,0,0.0795,0.253,0.171,0.584,0.0420,2.36,0.903
2022-11-08 12:00:00,0,0,0,0.124,0.127,0.0263,0.0157,0,1.67,0.874
2022-11-08 13:00:00,0,0,0,0.144,0.266,0.184,0.188,0,2.87,1.39
2022-11-08 14:00:00,0,0,0.0193,0.150,0.650,0.329,0.407,0.0280,3.81,1.66
2022-11-08 15:00:00,0,0,0,0,0.583,0.677,0.904,0.168,2.41,1.23
2022-11-08 16:00:00,0.0458,0.100,0.116,0.177,1.19,1.17,1.82,0.602,6.41,2.57
2022-11-08 17:00:00,0.458,0.917,0.0677,0.468,1.81,1.75,2.70,0.999,2.94,3.60
2022-11-08 18:00:00,0.834,1.77,0.342,1.45,1.74,1.42,1.49,0.863,3.63,4.24
2022-11-08 19:00:00,1.25,2.24,3.59,4.13,1.97,1.56,1.83,1.32,3.04,4.41
2022-11-08 20:00:00,1.82,3.25,4.20,5.35,2.92,2.53,2.55,1.92,3.98,5.66
2022-11-08 21:00:00,1.82,2.50,2.38,3.17,2.43,2.30,2.03,1.51,3.90,5.28
2022-11-08 22:00:00,1.06,1.92,0.580,1.01,2.52,2.25,1.50,1.95,1.96,2.77
2022-11-08 23:00:00,2.08,2.73,0.746,1.21,2.37,2.34,1.82,1.48,1.32,1.98
2022-11-09 00:00:00,0.183,0.0667,0,0.0177,2.22,1.98,2.23,1.38,0.706,1.20
2022-11-09 01:00:00,0,0,0,0,0.329,0.105,0.329,0,0.402,0.846
2022-11-09 02:00:00,0,0,0,0,0.0127,0,0,0,0.365,0.731
2022-11-09 03:00:00,0,0,0,0,0,0,0,0,0.402,0.616
2022-11-09 04:00:00,0,0,0,0,0,0,0,0,0.402,0.602
2022-11-09 05:00:00,0,0,0,0,0.0127,0,0,0,0.438,0.731
2022-11-09 06:00:00,0,0,0,0,0,0,0.0313,0,0.487,0.803
2022-11-09 07:00:00,0,0,0,0.0442,0.215,0.316,0.251,0,0.572,0.831
2022-11-09 08:00:00,0.275,0.367,0.0761,0.345,0.773,0.829,0.752,0.252,1.03,1.53
2022-11-09 09:00:00,0.486,0.833,0.0885,0.468,0.798,1.03,1.05,0.588,0.998,1.42
2022-11-09 10:00:00,0.147,0.417,0.0193,0.309,1.00,0.787,0.956,0.420,1.12,1.58
2022-11-09 11:00:00,0.0275,1,0.0483,0.433,1.42,1.08,1.60,1.06,1.71,1.63
2022-11-09 12:00:00,0.275,1,0.193,0.512,1.77,1.32,2.30,1.21,2.20,1.86
2022-11-09 13:00:00,0.468,1.43,0.528,0.782,2.98,2.25,3.55,2.31,2.53,2.02
2022-11-09 14:00:00,1.19,2.98,1.07,1.43,3.74,3.43,4.40,2.81,2.41,2.87
2022-11-09 15:00:00,1.80,4.02,1.66,1.91,4.01,4.06,6.07,2.92,3.07,3.65
2022-11-09 16:00:00,2.32,4.81,2.21,2.53,6.00,4.97,6.80,5.29,7.30,5.59
2022-11-09 17:00:00,2.84,6.04,2.57,3.10,6.33,5.40,7.95,4.93,6.06,7.00
2022-11-09 18:00:00,2.52,6.07,2.71,3.39,6.04,4.86,6.46,5.05,4.84,6.07
2022-11-09 19:00:00,3.17,7.23,5.28,5.86,5.67,4.68,6.29,4.60,4.82,6.28
2022-11-09 20:00:00,4.19,9.28,4.91,5.85,7.52,6.58,8.05,6.28,5.36,7.77
2022-11-09 21:00:00,3.98,7.11,2.99,3.41,6.75,6.62,6.19,5.61,7.01,6.03
2022-11-09 22:00:00,3.31,6.62,2.76,3.59,5.91,6.13,8.31,4.33,5.80,6.25
2022-11-09 23:00:00,3.03,6.05,4.59,4.57,3.85,3.47,5.08,2.51,2.96,3.44
2022-11-10 00:00:00,3.80,7.57,4.88,5.67,4.00,3.46,4.85,2.99,3.92,4.45
2022-11-10 01:00:00,4.10,8.11,4.36,5.19,3.77,3.16,4.31,2.59,4.10,4.75
2022-11-10 02:00:00,2.76,5.88,2.79,3.05,3.65,3.06,4.25,2.65,3.94,4.54
2022-11-10 03:00:00,1.60,3.72,1.23,1.57,2.24,1.93,2.72,1.40,2.30,2.49
2022-11-10 04:00:00,1.09,2.72,0.938,1.25,2.16,1.82,2.64,1.24,1.71,2.34
2022-11-10 05:00:00,1.46,3.26,1.19,1.60,2.61,2.29,3.13,1.72,2.11,2.51
2022-11-10 06:00:00,1.67,3.88,1.36,1.75,2.68,2.44,3.49,1.78,2.48,3.04
2022-11-10 07:00:00,1.62,4.45,1.62,1.83,3.03,2.65,3.76,2.11,2.72,2.93
2022-11-10 08:00:00,2.18,5.22,2.29,2.53,4.01,3.35,4.72,2.73,3.38,3.93
2022-11-10 09:00:00,2.57,5.33,2.37,2.81,4.18,3.86,5.35,3.25,3.92,4.43
2022-11-10 10:00:00,3.13,6.52,2.82,3.19,5.29,4.78,6.92,3.96,4.85,5.76
2022-11-10 11:00:00,3.55,7.95,3.27,3.90,6.35,6.06,8.51,4.98,5.63,6.16
2022-11-10 12:00:00,5.94,12.6,5.45,6.43,10.1,9.75,13.4,8.82,9.26,10.4
2022-11-10 13:00:00,7.21,15.7,6.94,7.76,13.2,12.7,16.7,11.5,11.3,12.5
2022-11-10 14:00:00,7.45,15.8,7.29,7.78,13.4,12.5,16.8,11.7,11.1,12.8
2022-11-10 15:00:00,7.85,16.9,6.71,7.37,12.8,12.4,16.2,10.8,10.7,12.4
2022-11-10 16:00:00,7.16,15.0,6.63,7.24,12.6,12.0,16.3,10.6,10.5,12.0
2022-11-10 17:00:00,6.46,13.5,5.85,6.47,11.2,10.5,14.9,9.35,9.48,10.7
2022-11-10 18:00:00,6.19,12.9,5.58,6.24,10.7,10.2,14.5,8.55,8.80,10.2
2022-11-10 19:00:00,6.86,15.0,7.03,7.37,11.1,10.6,14.9,9.06,9.71,11.3
2022-11-10 20:00:00,7.51,16.1,8.21,8.54,11.0,10.6,16.2,8.87,10.3,12.1
2022-11-10 21:00:00,6.57,14.4,7.80,7.98,8.82,8.59,12.8,7.21,8.73,10.6
2022-11-10 22:00:00,5.29,11.8,5.59,5.92,7.40,7.17,11.4,5.62,8.24,9.64
2022-11-10 23:00:00,2.63,5.88,2.58,2.79,4.31,3.89,5.41,3.07,4.35,5.06
2022-11-11 00:00:00,2.18,4.66,2.03,2.34,3.61,3.26,4.24,2.54,3.34,3.93
2022-11-11 01:00:00,2.20,4.75,1.92,2.37,3.69,3.26,4.20,2.67,3.40,4.20
2022-11-11 02:00:00,1.95,4.31,1.58,1.95,3.14,2.82,3.89,2.25,2.61,3.05
2022-11-11 03:00:00,1.62,3.73,1.19,1.55,2.37,2.06,2.68,1.60,2.10,2.51
2022-11-11 04:00:00,1.30,3.17,1.07,1.32,2.12,1.69,2.46,1.23,1.74,1.94
2022-11-11 05:00:00,1.07,2.81,1.06,1.18,1.96,1.72,2.35,1.13,1.82,2.10
2022-11-11 06:00:00,1.09,2.37,0.880,1.34,2.14,1.72,2.67,1.22,1.78,2.11
2022-11-11 07:00:00,1.71,4.16,1.67,2.13,2.53,2.79,3.48,1.75,2.98,2.60
2022-11-11 08:00:00,1.99,4.90,2.15,2.66,4.18,4.56,4.72,3.53,5.81,4.00
2022-11-11 09:00:00,2.58,6.53,2.78,3.74,7.00,6.44,7.46,5.80,8.72,7.68
2022-11-11 10:00:00,3.01,7.20,3.18,3.95,6.80,6.84,7.83,5.30,7.72,7.06
2022-11-11 11:00:00,2.83,6.20,2.45,3.04,7.04,6.01,7.64,6.08,7.96,8.57
2022-11-11 12:00:00,2.08,5.25,2.11,2.45,5.80,4.75,6.42,4.86,5.55,6.48
2022-11-11 13:00:00,2.82,6.52,3.07,3.49,6.69,5.89,6.90,5.20,8.16,7.76
2022-11-11 14:00:00,5.82,11.9,6.64,7.66,12.4,10.6,13.9,11.0,11.7,12.8
2022-11-11 15:00:00,5.75,10.9,5.31,6.10,10.9,9.38,11.4,8.91,10.9,11.5
2022-11-11 16:00:00,3.22,6.24,3.36,3.91,6.23,5.36,6.66,4.71,7.20,7.14
2022-11-11 17:00:00,3.47,7.16,4.06,4.54,7.36,6.61,8.03,5.93,9.29,8.85
2022-11-11 18:00:00,8.47,16.9,9.52,10.1,16.9,14.6,17.2,14.6,16.3,15.5
2022-11-11 19:00:00,10.1,19.2,11.3,11.9,19.2,15.8,18.5,17.1,16.6,17.6
2022-11-11 20:00:00,14.7,27.4,14.7,15.2,25.7,22.8,28.9,25.4,21.5,24.3
2022-11-11 21:00:00,16.2,30.1,16.5,16.5,26.4,23.3,29.9,25.8,23.2,26.1
2022-11-11 22:00:00,8.63,16.4,8.76,9.64,17.0,14.3,18.5,14.8,13.0,14.5
2022-11-11 23:00:00,5.74,10.6,5.68,6.22,11.1,9.50,12.2,9.16,8.45,9.32
2022-11-12 00:00:00,11.1,21.9,10.9,11.8,18.9,18.2,23.2,17.7,17.2,19.1
2022-11-12 01:00:00,14.3,27.6,13.8,14.9,22.4,21.8,27.7,21.0,20.8,22.9
2022-11-12 02:00:00,7.95,15.5,7.90,8.85,14.1,13.2,17.2,12.6,13.1,14.9
2022-11-12 03:00:00,4.59,8.91,4.73,5.31,7.99,7.53,9.74,6.87,7.74,8.61
2022-11-12 04:00:00,0.220,0.667,0.280,0.610,0.748,0.566,0.963,0.238,0.720,0.882
2022-11-12 05:00:00,0.0367,0.467,0.0290,0.406,0.519,0.316,0.736,0.0420,0.462,0.731
2022-11-12 06:00:00,0,0.0167,0,0.0530,0.0253,0.0263,0.0470,0,0.134,0.315
2022-11-12 07:00:00,1.55,3.11,1.31,1.62,2.75,2.54,3.15,2.04,2.62,2.85
2022-11-12 08:00:00,2.86,5.32,2.47,2.95,4.68,4.26,5.40,3.69,4.02,4.58
2022-11-12 09:00:00,1.96,3.65,1.73,1.97,3.36,3.00,3.85,2.53,3.05,3.35
2022-11-12 10:00:00,1.44,3.32,1.12,1.42,2.62,2.34,3.12,1.91,2.44,2.36
2022-11-12 11:00:00,0.779,2.10,0.783,0.928,1.44,1.62,2.31,1.10,1.68,1.48
2022-11-12 12:00:00,0.0917,0.183,0.126,0.337,0.152,0.132,0.251,0.0980,0.195,0.158
2022-11-12 13:00:00,0,0,0.0580,0.291,0,0.0395,0.110,0,0.219,0.301
2022-11-12 14:00:00,0.0367,0.150,0.0290,0.271,0.0887,0.171,0.172,0.0420,0.243,0.287
2022-11-12 15:00:00,0.0642,0.400,0.232,0.468,0.139,0.263,0.658,0.0420,0.596,0.788
2022-11-12 16:00:00,0.101,0.500,0.507,0.676,0.697,0.592,0.877,0.294,0.584,0.803
2022-11-12 17:00:00,0.504,1,0.665,0.846,0.861,1.06,1.16,0.700,0.869,0.903
2022-11-12 18:00:00,1.25,2.14,1.25,1.67,1.87,1.77,2.23,1.81,2.12,2.61
2022-11-12 19:00:00,1.94,3.70,2.65,2.34,3.80,3.44,4.08,3.68,3.11,3.40
2022-11-12 20:00:00,2.76,5.10,2.67,2.97,4.82,4.85,5.53,4.56,4.00,4.40
2022-11-12 21:00:00,3.15,5.81,2.96,3.77,5.42,5.37,5.71,5.08,5.25,6.04
2022-11-12 22:00:00,3.13,6.00,2.77,3.56,5.40,5.61,6.18,5.38,5.16,5.59
2022-11-12 23:00:00,3.50,6.14,3.50,4.34,5.70,5.94,6.36,5.52,5.64,6.03
2022-11-13 00:00:00,1.03,1.94,1.76,2.30,1.70,1.72,1.73,1.28,2.21,2.21
2022-11-13 01:00:00,7.03,21.4,11.6,13.4,1.28,1.40,1.54,0.840,2.96,2.66
2022-11-13 02:00:00,0.743,1.47,0.696,1.30,1.11,2.02,1.24,0.896,1.66,2.05
2022-11-13 03:00:00,1.09,1.98,1.02,1.60,1.67,1.88,1.82,1.32,2.41,2.69
2022-11-13 04:00:00,1.01,2.02,1.06,1.57,2.16,2.44,2.19,1.89,2.69,3.34
2022-11-13 05:00:00,0.724,1.58,0.851,1.32,1.70,1.80,1.67,1.39,2.45,2.96
2022-11-13 06:00:00,0,0.0500,0.0193,0.353,0.152,0.0527,0.0783,0,0.633,0.688
2022-11-13 07:00:00,0,0.0333,0,0.194,0.190,0.408,0.204,0.0140,0.657,0.616
2022-11-13 08:00:00,0.0183,0.167,0.0290,0.468,0.583,0.711,0.658,0.308,0.852,0.975
2022-11-13 09:00:00,0.00917,0.0167,0.00967,0.0618,0.203,0.224,0.157,0.140,0.421,0.459
2022-11-13 10:00:00,0,0,0,0,0,0,0,0,0.0122,0.0287
2022-11-13 11:00:00,0,0,0,0.0530,0.0633,0,0,0,0.195,0.215
2022-11-13 12:00:00,0,0,0,0.194,0.367,0.158,0.0470,0.0980,0.256,0.502
2022-11-13 13:00:00,0.0275,0.0500,0.126,0.468,0.747,0.448,0.439,0.308,0.377,0.659
2022-11-13 14:00:00,0,0,0.0580,0.265,0.880,0.579,0.548,0.322,0.353,0.702
2022-11-13 15:00:00,0,0,0.0483,0.159,0.329,0.0922,0.0157,0.0560,0.0973,0.229
2022-11-13 16:00:00,0.0183,0.0667,0.0290,0.283,0.253,0.211,0.235,0.0700,0.170,0.244
2022-11-13 17:00:00,0.0275,0.0833,0.00967,0.439,0.684,0.329,0.188,0.0280,0.711,0.986
2022-11-13 18:00:00,0.382,0,0.203,0.557,0.735,0.540,0.282,0.280,0.535,0.616
2022-11-13 19:00:00,0.409,0.200,0.300,0.703,0.798,1.10,0.799,0.658,0.620,0.760
2022-11-13 20:00:00,0.0275,0.100,0.232,0.742,0.773,0.987,0.815,0.770,0.767,1.06
2022-11-13 21:00:00,0.174,0.650,0.619,0.910,0.722,0.843,0.595,0.728,0.779,1.26
2022-11-13 22:00:00,0.238,0.867,0.541,0.751,0.747,0.777,0.533,0.504,1.08,1.29
2022-11-13 23:00:00,0.0367,0.0667,0.348,0.530,0.507,0.764,0.235,0.112,0.730,1.28
2022-11-14 00:00:00,1.61,3.62,1.79,2.56,3.52,4.02,4.07,3.13,4.35,5.22
2022-11-14 01:00:00,1.53,2.85,0.988,1.63,2.41,3.08,2.53,2.24,2.67,3.07
2022-11-14 02:00:00,1.10,2.08,0.851,1.42,1.88,2.24,1.85,1.62,2.16,2.71
2022-11-14 03:00:00,0,0.0167,0.155,0.398,0.139,0.540,0.0157,0,0.572,0.817
2022-11-14 04:00:00,0.238,0.783,0.174,0.521,0.697,0.829,0.423,0.546,0.548,0.860
2022-11-14 05:00:00,0.193,0.400,0.126,0.530,0.443,0.685,0.0940,0,0.438,0.774
2022-11-14 06:00:00,0.0275,0,0,0.177,0.101,0.290,0.0627,0,0.414,0.788
2022-11-14 07:00:00,0.0550,0.0500,0.0290,0.362,0.139,0.566,0.141,0.0280,0.693,0.803
2022-11-14 08:00:00,0.257,0.667,0.203,0.521,0.456,0.750,0.486,0.0140,0.840,1.02
2022-11-14 09:00:00,0.550,0.933,0.638,1.07,0.823,1.04,0.934,0.602,1.80,1.86
2022-11-14 10:00:00,0.587,1.07,0.570,1.00,1.15,1.34,1.14,0.882,1.93,2.33
2022-11-14 11:00:00,0.348,0.517,0.329,0.733,0.925,0.916,0.783,0.476,1.47,1.33
2022-11-14 12:00:00,0.00917,0.0333,0.0967,0.505,0.700,0.290,0.188,0.420,0.681,0.745
2022-11-14 13:00:00,0.0642,0.350,0.0773,0.424,1.36,0.856,0.849,0.406,2.51,1.91
2022-11-14 14:00:00,0.0275,0.0500,0.0387,0.486,1.13,0.619,0.548,0.140,1.03,0.960
2022-11-14 15:00:00,0.0642,0.411,0.0193,0.521,0.760,0.197,0.360,0.0700,1.14,1.37
2022-11-14 16:00:00,0.0367,0.183,0.135,0.583,0.241,0.408,0.533,0,1.03,1.15
2022-11-14 17:00:00,0,0.250,0.329,0.698,0.621,0.658,0.674,0.182,1.08,1.13
2022-11-14 18:00:00,0.0550,0.350,0.135,0.703,1.20,1.17,1.16,0.448,1.58,1.80
2022-11-14 19:00:00,0.303,0.983,0.607,0.770,1.92,1.93,1.76,1.24,3.57,3.04
2022-11-14 20:00:00,0.486,1.25,0.561,1.41,2.66,2.00,1.97,1.92,3.04,3.32
2022-11-14 21:00:00,0.770,1.46,1.15,1.60,3.08,2.82,2.33,2.53,3.44,2.99
2022-11-14 22:00:00,0.935,2.02,1.36,2.21,2.61,3.24,2.19,2.14,2.07,2.15
2022-11-14 23:00:00,1.41,2.81,1.58,2.07,2.85,3.52,2.81,2.38,2.59,2.68
2022-11-15 00:00:00,1.55,3.08,1.51,2.20,3.32,4.29,3.48,3.09,3.33,3.80
2022-11-15 01:00:00,1.65,3.17,1.30,2.04,3.16,4.12,3.42,2.82,2.69,3.61
2022-11-15 02:00:00,1.55,2.96,1.18,1.79,2.35,3.06,2.42,2.31,2.33,3.16
2022-11-15 03:00:00,1.17,2.50,1.21,1.71,2.48,2.92,2.35,2.05,3.17,3.23
2022-11-15 04:00:00,1.05,1.78,0.783,1.21,1.76,2.08,1.41,1.29,2.42,2.95
2022-11-15 05:00:00,0.458,0.833,0.358,0.627,0.874,1.11,0.768,0.756,2.09,2.46
2022-11-15 06:00:00,0.0367,0.0833,0,0.292,0.747,0.914,0.266,0.112,1.98,1.73
2022-11-15 07:00:00,0.110,0.600,0.174,0.561,0.981,1.38,0.517,0.644,1.80,2.14
2022-11-15 08:00:00,1.36,2.48,1.25,1.92,3.36,3.77,2.66,2.71,4.33,4.95
2022-11-15 09:00:00,0.886,1.94,1.03,1.62,2.54,3.06,2.20,2.18,4.94,5.01
2022-11-15 10:00:00,1.47,2.68,1.71,3.64,3.36,4.78,2.85,2.98,5.86,6.33
2022-11-15 11:00:00,0.802,1.68,0.909,1.73,2.82,3.22,2.32,2.21,4.06,4.26
2022-11-15 12:00:00,0.550,1.02,0.696,1.71,2.04,2.38,1.51,1.83,4.54,4.22
2022-11-15 13:00:00,0.513,1.17,0.851,1.76,1.87,1.96,1.57,1.55,4.41,4.16
2022-11-15 14:00:00,0.559,1.35,0.788,1.52,2.02,2.18,1.42,1.60,4.61,4.24
2022-11-15 15:00:00,2.77,5.55,3.82,4.73,6.18,6.62,5.77,5.16,8.44,9.36
2022-11-15 16:00:00,2.63,4.84,2.91,3.89,5.78,6.16,5.61,5.08,7.61,8.33
2022-11-15 17:00:00,0.980,1.65,1.08,1.96,2.71,3.31,2.15,2.18,4.52,4.41
2022-11-15 18:00:00,0.746,1.05,0.686,1.34,1.77,2.44,1.29,1.33,2.93,2.97
2022-11-15 19:00:00,0.871,1.22,0.884,1.49,1.70,2.20,1.17,1.22,3.26,3.45
2022-11-15 20:00:00,1.03,1.78,1.16,1.90,2.43,2.76,1.77,1.96,3.19,3.46
2022-11-15 21:00:00,1.50,2.63,1.37,1.82,2.86,3.32,2.52,2.64,3.82,4.32
2022-11-15 22:00:00,2.75,5.79,3.53,3.83,6.15,6.16,5.82,5.22,7.31,8.14
2022-11-15 23:00:00,3.83,7.45,4.59,5.27,7.86,8.24,7.67,6.90,9.20,10.4
2022-11-16 00:00:00,1.77,3.34,1.87,2.55,4.02,4.85,3.87,3.65,5.85,6.16
2022-11-16 01:00:00,1.90,3.74,1.94,2.57,4.64,4.75,4.36,3.83,5.53,6.04
2022-11-16 02:00:00,1.92,3.86,2.01,2.59,4.57,4.68,4.67,3.73,5.41,6.07
2022-11-16 03:00:00,1.38,2.68,1.30,1.92,2.94,3.40,2.77,2.68,4.38,4.73
2022-11-16 04:00:00,0.990,1.96,1.03,1.51,2.30,2.72,2.23,2.02,4.15,3.73
2022-11-16 05:00:00,0.559,1.08,0.648,1.22,1.60,2.09,1.61,1.33,2.98,2.58
2022-11-16 06:00:00,0.550,1,0.580,0.998,1.53,1.84,1.10,0.924,2.86,2.44
2022-11-16 07:00:00,0.523,1.28,0.691,1.21,1.67,2.30,1.14,1.13,2.97,2.47
2022-11-16 08:00:00,0.660,2.03,1.10,1.64,2.10,2.71,1.72,1.88,3.36,2.74
2022-11-16 09:00:00,1.25,3.04,1.71,2.38,2.73,3.56,2.81,2.41,4.42,4.29
2022-11-16 10:00:00,1.94,4.05,2.29,3.36,4.56,4.96,5.32,3.79,6.66,6.04
2022-11-16 11:00:00,3.05,6.55,3.76,4.85,7.00,6.89,7.36,5.23,7.31,8.14
2022-11-16 12:00:00,5.79,10.9,6.17,7.23,10.5,10.6,11.6,8.86,11.2,12.1
2022-11-16 13:00:00,9.06,16.5,9.13,10.4,14.4,14.1,16.0,12.6,14.4,16.5
2022-11-16 14:00:00,5.91,10.5,6.18,6.90,9.77,9.79,10.2,8.22,10.6,12.1
2022-11-16 15:00:00,5.33,10.1,5.63,6.59,9.07,8.75,9.27,7.85,8.87,10.0
2022-11-16 16:00:00,4.09,7.36,4.30,5.40,7.24,7.20,7.86,6.18,7.37,8.29
2022-11-16 17:00:00,3.64,7.64,4.22,5.11,6.51,6.98,7.51,5.89,6.67,7.67
2022-11-16 18:00:00,3.43,7.13,3.96,4.67,7.76,7.75,8.38,6.80,7.95,8.78
2022-11-16 19:00:00,6.18,10.6,6.02,6.64,7.66,7.51,8.06,6.85,8.79,10.9
2022-11-16 20:00:00,8.19,15.8,8.68,8.73,13.9,14.6,15.4,12.4,15.1,19.5
2022-11-16 21:00:00,11.0,21.3,13.0,14.3,16.2,16.2,17.5,14.0,14.7,17.0
2022-11-16 22:00:00,7.29,13.1,10.3,12.0,13.0,13.4,14.3,11.5,14.0,16.4
2022-11-16 23:00:00,5.10,9.45,5.27,5.85,8.60,8.79,9.14,7.27,8.54,10.1
2022-11-17 00:00:00,3.98,8.02,4.32,4.96,6.99,7.38,7.88,5.72,6.56,8.08
2022-11-17 01:00:00,4.88,9.07,4.48,5.27,8.73,9.07,9.40,7.24,8.25,10.00
2022-11-17 02:00:00,5.63,10.2,5.46,6.15,9.95,10.4,11.1,8.43,9.91,11.3
2022-11-17 03:00:00,7.02,12.8,6.24,7.15,12.7,12.7,14.2,11.5,12.5,13.8
2022-11-17 04:00:00,9.81,17.8,9.90,10.8,17.4,17.1,18.8,16.0,16.6,18.1
2022-11-17 05:00:00,10.3,18.9,11.4,12.3,19.9,19.0,21.4,18.4,19.7,21.5
2022-11-17 06:00:00,2.69,4.39,3.20,3.65,4.36,4.75,4.06,3.98,5.38,6.20
2022-11-17 07:00:00,0.147,0.300,0.213,0.645,0.709,0.928,0.439,0.322,0.925,1.31
2022-11-17 08:00:00,0.0183,0.0167,0.0290,0.186,0.0380,0.250,0,0,0.146,0.573
2022-11-17 09:00:00,0,0,0.0387,0.0442,0,0,0,0,0,0.129
2022-11-17 10:00:00,0,0,0,0.00883,0,0.0132,0.0313,0,0,0.0860
2022-11-17 11:00:00,0.00917,0.133,0.00967,0.133,0.0127,0.105,0,0,0.0243,0.229
2022-11-17 12:00:00,0.183,0.790,0.0193,0.238,0.0253,0.342,0.0157,0,0.499,0.774
2022-11-17 13:00:00,0.137,0.417,0.135,0.495,0.0507,0.474,0.0157,0,0.499,0.860
2022-11-17 14:00:00,0.339,0.800,0.474,0.728,0.355,0.803,0.392,0.0140,0.718,1.18
2022-11-17 15:00:00,0.513,1.15,0.541,1.02,0.795,1.03,0.862,0.532,0.973,1.61
2022-11-17 16:00:00,0.788,1.61,0.873,1.47,1.18,1.89,1.38,1.05,1.62,2.17
2022-11-17 17:00:00,1.46,2.76,2.30,2.72,2.64,3.14,2.80,2.19,3.24,4.29
2022-11-17 18:00:00,2.54,4.79,3.35,3.66,4.50,4.90,5.13,3.98,5.30,5.98
2022-11-17 19:00:00,1.87,3.45,1.45,1.71,3.22,3.74,3.62,3.03,2.94,3.50
2022-11-17 20:00:00,4.35,8.10,4.10,4.29,7.41,7.83,8.53,6.90,7.00,7.64
2022-11-17 21:00:00,7.92,15.6,7.76,8.85,13.9,14.0,15.3,12.7,13.4,15.0
2022-11-17 22:00:00,10.2,18.2,9.74,10.8,17.1,17.0,18.3,16.2,16.1,18.5
2022-11-17 23:00:00,12.4,22.5,12.2,13.4,21.8,21.1,22.5,21.2,20.4,22.9
2022-11-18 00:00:00,14.7,25.7,14.5,15.4,25.0,24.0,25.8,25.1,23.0,25.9
2022-11-18 01:00:00,11.4,20.2,11.0,12.3,20.0,19.3,19.4,19.2,19.1,21.1
2022-11-18 02:00:00,12.3,22.1,12.3,13.4,21.5,21.6,21.4,21.6,20.7,23.7
2022-11-18 03:00:00,11.9,20.9,11.8,12.9,21.0,20.9,20.0,20.5,19.7,22.8
2022-11-18 04:00:00,12.9,23.2,12.9,13.9,22.7,22.8,22.4,22.9,21.1,24.5
2022-11-18 05:00:00,13.2,23.7,13.3,14.4,23.9,22.9,22.6,23.0,21.6,24.6
2022-11-18 06:00:00,12.5,22.0,12.8,13.8,22.5,22.0,21.5,22.7,20.8,23.9
2022-11-18 07:00:00,12.2,21.4,12.2,13.2,21.7,21.1,20.5,21.3,20.2,23.2
2022-11-18 08:00:00,14.7,25.4,14.9,15.6,25.4,24.6,24.8,25.6,23.1,26.8
2022-11-18 09:00:00,14.0,23.9,14.2,14.8,24.2,23.0,23.9,24.4,22.1,25.3
2022-11-18 10:00:00,12.0,20.8,11.7,12.5,20.4,20.0,20.1,19.8,19.4,22.1
2022-11-18 10:47:16,9.86,17.4,9.18,10.1,16.9,16.7,16.3,15.7,15.4,18.0

