"Time","Temperature {DeviceID=""AirSENCE-0322068B40233"", name=""Pollutant""}","Temperature {DeviceID=""AirSENCE-032206C140232"", name=""Pollutant""}","Temperature {DeviceID=""AirSENCE-0322223F40230"", name=""Pollutant""}","Temperature {DeviceID=""AirSENCE-032223EF40231"", name=""Pollutant""}","Temperature {DeviceID=""AirSENCE-1021BFD040215"", name=""Pollutant""}","Temperature {DeviceID=""AirSENCE-1021C46E40217"", name=""Pollutant""}","Temperature {DeviceID=""AirSENCE-1021C53740216"", name=""Pollutant""}","Temperature {DeviceID=""AirSENCE-1021C65A40214"", name=""Pollutant""}","Temperature {DeviceID=""AirSENCE-1021C6C640218"", name=""Pollutant""}","Temperature {DeviceID=""AirSENCE-1021C73840220"", name=""Pollutant""}"
2022-10-09 12:00:00,16.0,14.4,15.7,15.9,15.0,14.0,13.9,14.3,14.0,14.9
2022-10-09 13:00:00,16.1,15.5,16.7,16.8,15.7,15.6,15.5,15.6,15.4,15.9
2022-10-09 14:00:00,16.9,16.5,17.4,17.0,16.2,16.2,16.1,16.2,15.9,16.3
2022-10-09 15:00:00,15.4,15.7,16.0,15.2,15.4,15.7,15.6,15.3,15.0,15.5
2022-10-09 16:00:00,15.4,15.3,15.6,15.0,15.4,15.6,15.5,15.1,15.1,15.6
2022-10-09 17:00:00,16.1,15.8,16.3,15.7,15.8,15.9,15.7,15.7,15.8,16.0
2022-10-09 18:00:00,16.5,16.1,16.5,15.8,16.1,16.3,16.0,16.1,16.0,16.2
2022-10-09 19:00:00,16.2,15.8,16.0,15.6,15.9,15.9,15.8,15.8,16.0,16.2
2022-10-09 20:00:00,15.7,15.4,15.6,15.3,15.5,15.4,15.3,15.3,15.6,15.9
2022-10-09 21:00:00,15.2,14.7,15.1,14.7,15.0,14.7,14.8,14.7,15.1,15.4
2022-10-09 22:00:00,14.2,14.0,14.3,14.0,14.4,14.1,14.0,13.9,14.4,14.7
2022-10-09 23:00:00,13.8,13.5,13.8,13.5,13.7,13.6,13.6,13.4,13.8,14.1
2022-10-10 00:00:00,12.9,12.5,12.5,12.1,12.8,12.8,12.8,12.5,13.1,13.4
2022-10-10 01:00:00,12.1,11.7,11.6,11.4,12.1,12.2,12.1,11.8,12.4,12.6
2022-10-10 02:00:00,11.8,11.5,11.4,11.3,11.9,12.0,11.9,11.6,12.1,12.4
2022-10-10 03:00:00,11.6,11.3,11.1,10.9,11.6,11.8,11.7,11.4,11.9,12.1
2022-10-10 04:00:00,11.3,11.0,10.8,10.5,11.3,11.5,11.4,11.1,11.7,11.9
2022-10-10 05:00:00,11.1,10.8,10.6,10.4,11.1,11.2,11.2,10.9,11.4,11.6
2022-10-10 06:00:00,11.2,10.9,11.0,10.8,11.4,11.3,11.3,11.0,11.5,11.7
2022-10-10 07:00:00,10.9,10.6,10.7,10.6,11.1,11.1,11.1,10.9,11.3,11.6
2022-10-10 08:00:00,10.6,10.3,10.4,10.2,10.7,10.8,10.8,10.5,10.8,11.2
2022-10-10 09:00:00,11.0,10.7,10.6,10.4,10.8,10.6,10.8,10.6,10.8,11.2
2022-10-10 10:00:00,12.0,11.6,11.3,11.1,11.8,11.2,11.5,11.4,11.3,11.7
2022-10-10 11:00:00,13.2,12.4,12.5,12.8,12.8,12.2,12.1,12.0,12.3,13.0
2022-10-10 12:00:00,17.6,14.1,14.8,15.3,15.9,13.8,12.9,14.3,13.4,17.0
2022-10-10 13:00:00,17.9,15.1,16.0,16.5,17.5,16.1,14.0,15.5,15.0,18.8
2022-10-10 14:00:00,17.2,14.5,15.1,15.6,16.0,15.8,15.8,15.0,15.6,17.2
2022-10-10 15:00:00,16.2,14.5,15.4,16.9,15.0,15.3,16.2,14.4,16.2,16.9
2022-10-10 16:00:00,14.7,14.9,15.3,18.0,15.0,14.9,14.9,14.3,14.7,15.5
2022-10-10 17:00:00,15.4,14.8,14.8,18.2,17.9,15.6,14.7,14.7,14.7,16.0
2022-10-10 18:00:00,15.0,14.6,14.6,16.8,18.9,18.0,14.5,14.5,14.7,16.5
2022-10-10 19:00:00,13.9,13.2,13.5,13.8,15.4,14.8,14.3,14.0,14.0,15.1
2022-10-10 20:00:00,12.4,12.1,12.4,12.4,13.8,13.2,13.1,12.9,13.1,13.9
2022-10-10 21:00:00,11.6,11.3,11.9,11.8,13.3,12.8,12.8,12.5,13.2,13.7
2022-10-10 22:00:00,11.7,12.0,11.7,11.5,12.9,12.4,12.5,12.3,13.0,13.5
2022-10-10 23:00:00,11.6,11.4,10.8,10.8,12.0,11.6,11.6,11.4,12.1,12.3
2022-10-11 00:00:00,10.6,10.5,10.2,9.97,11.0,10.7,10.5,10.4,11.1,11.3
2022-10-11 01:00:00,10.1,9.81,9.48,9.40,10.2,9.74,9.70,9.54,10.3,10.8
2022-10-11 02:00:00,9.12,8.96,8.90,8.90,9.81,9.22,9.22,9.19,11.1,11.4
2022-10-11 03:00:00,8.77,8.48,8.89,8.88,9.63,9.28,9.16,8.95,10.5,10.8
2022-10-11 04:00:00,8.62,8.22,8.15,7.91,9.88,9.43,9.40,9.20,9.32,9.26
2022-10-11 05:00:00,8.12,7.72,8.24,8.08,9.93,9.38,9.46,9.26,9.15,9.54
2022-10-11 06:00:00,8.62,8.29,8.87,8.64,10.00,9.71,9.70,9.46,9.83,10.3
2022-10-11 07:00:00,8.09,7.79,8.61,8.40,9.80,9.45,9.56,9.25,10.2,10.4
2022-10-11 08:00:00,8.04,7.84,8.95,8.65,9.08,8.66,8.81,8.50,11.0,10.3
2022-10-11 09:00:00,9.02,9.07,10.7,10.3,9.77,9.87,10.00,9.56,11.5,11.2
2022-10-11 10:00:00,12.6,12.4,14.0,14.0,13.1,12.6,12.5,12.6,12.6,12.6
2022-10-11 11:00:00,15.1,14.9,16.3,16.5,15.2,15.6,14.4,14.5,14.7,15.0
2022-10-11 12:00:00,20.7,17.4,18.4,18.3,19.5,17.6,16.1,17.9,16.5,19.8
2022-10-11 13:00:00,22.5,19.3,20.1,20.5,22.2,20.5,18.4,19.8,19.0,22.6
2022-10-11 14:00:00,24.9,19.8,21.1,22.9,22.0,23.5,24.1,21.7,22.1,25.4
2022-10-11 15:00:00,23.9,21.1,22.4,24.8,21.7,22.8,24.0,21.4,23.8,25.0
2022-10-11 16:00:00,21.2,20.8,21.0,23.9,21.2,21.2,21.0,20.8,21.7,22.3
2022-10-11 17:00:00,20.8,19.8,19.7,22.7,22.1,20.2,19.7,19.7,20.0,21.3
2022-10-11 18:00:00,19.5,18.9,18.8,20.4,21.4,20.7,19.0,18.8,18.8,20.0
2022-10-11 19:00:00,19.0,18.6,18.8,19.1,20.1,19.9,19.5,19.4,19.4,19.9
2022-10-11 20:00:00,18.2,17.8,18.7,19.1,20.1,20.0,19.8,19.7,20.1,20.3
2022-10-11 21:00:00,17.6,17.1,18.5,19.0,20.0,19.9,19.7,19.6,20.1,20.3
2022-10-11 22:00:00,17.0,16.3,17.6,18.1,19.4,19.3,19.1,19.0,19.0,19.3
2022-10-11 23:00:00,17.1,16.7,16.9,17.1,18.1,18.0,17.9,17.7,17.7,18.1
2022-10-12 00:00:00,16.6,16.3,16.1,16.2,17.3,17.2,17.1,16.9,16.9,17.2
2022-10-12 01:00:00,16.3,16.0,15.6,15.7,16.9,16.7,16.6,16.5,16.4,16.7
2022-10-12 02:00:00,16.3,15.9,15.6,15.7,16.6,16.5,16.4,16.3,16.3,16.5
2022-10-12 03:00:00,16.3,16.0,15.7,15.8,16.6,16.6,16.5,16.3,16.3,16.6
2022-10-12 04:00:00,16.3,15.9,15.8,15.7,16.6,16.7,16.6,16.4,16.3,16.6
2022-10-12 05:00:00,16.0,15.7,15.6,15.6,16.5,16.5,16.3,16.2,16.3,16.5
2022-10-12 06:00:00,16.1,15.8,15.8,15.9,16.7,16.7,16.6,16.4,16.5,16.7
2022-10-12 07:00:00,16.0,15.7,16.1,16.0,16.7,16.8,16.7,16.4,16.6,16.9
2022-10-12 08:00:00,15.7,15.5,16.1,15.9,16.9,17.0,16.9,16.6,16.7,17.1
2022-10-12 09:00:00,16.0,15.8,16.0,15.8,17.1,17.2,17.0,17.0,16.8,17.0
2022-10-12 10:00:00,17.5,17.4,18.0,17.4,17.9,18.1,18.0,17.7,17.3,17.6
2022-10-12 11:00:00,18.1,18.4,18.6,18.0,18.4,18.9,18.7,18.1,17.7,18.0
2022-10-12 12:00:00,17.9,18.2,18.2,17.6,18.2,18.8,18.8,18.0,17.6,17.9
2022-10-12 13:00:00,18.7,18.9,18.8,18.2,18.7,19.2,19.3,18.4,18.3,18.8
2022-10-12 14:00:00,20.0,20.0,20.0,19.4,19.7,20.5,20.5,19.5,19.1,19.9
2022-10-12 15:00:00,20.0,20.2,20.2,19.6,20.2,20.9,20.8,20.1,19.7,20.2
2022-10-12 16:00:00,20.2,20.4,20.3,19.7,20.1,20.7,20.7,20.0,19.8,20.2
2022-10-12 17:00:00,20.6,20.5,20.6,20.2,20.6,21.0,20.9,20.4,20.4,20.7
2022-10-12 18:00:00,20.2,19.9,20.1,19.8,20.6,20.8,20.7,20.5,20.4,20.7
2022-10-12 19:00:00,19.9,19.7,19.9,19.7,20.7,20.8,20.7,20.7,20.6,20.8
2022-10-12 20:00:00,19.5,19.2,19.5,19.3,20.4,20.4,20.3,20.3,20.4,20.5
2022-10-12 21:00:00,19.8,19.6,19.7,19.6,20.7,20.7,20.6,20.6,20.7,20.8
2022-10-12 22:00:00,20.5,20.2,20.2,20.1,20.7,20.8,20.6,20.5,20.7,20.8
2022-10-12 23:00:00,20.2,19.9,19.9,19.8,20.4,20.5,20.3,20.2,20.4,20.6
2022-10-13 00:00:00,19.7,19.6,19.6,19.3,20.2,20.3,20.1,19.9,20.2,20.3
2022-10-13 01:00:00,17.9,17.9,17.6,17.6,18.4,18.4,18.0,18.0,18.3,18.2
2022-10-13 02:00:00,17.1,17.1,16.9,16.8,17.6,17.6,17.2,17.2,17.4,17.4
2022-10-13 03:00:00,16.3,16.2,16.1,15.8,16.4,16.6,16.4,16.1,16.2,16.4
2022-10-13 04:00:00,16.3,16.3,16.1,15.9,16.4,16.6,16.5,16.2,16.3,16.5
2022-10-13 05:00:00,16.2,16.2,16.1,15.8,16.3,16.5,16.4,16.1,16.3,16.4
2022-10-13 06:00:00,16.1,16.0,15.9,15.6,16.2,16.5,16.4,16.0,16.2,16.2
2022-10-13 07:00:00,16.1,16.0,15.8,15.6,16.2,16.4,16.3,16.0,16.1,16.2
2022-10-13 08:00:00,16.1,16.0,15.9,15.5,16.1,16.3,16.1,15.9,15.9,16.1
2022-10-13 09:00:00,15.8,15.4,15.6,15.3,15.5,15.6,15.4,15.3,15.6,15.8
2022-10-13 10:00:00,14.7,14.4,15.0,14.6,14.5,14.4,14.4,14.1,14.7,14.9
2022-10-13 11:00:00,14.4,14.2,14.3,13.9,14.1,14.1,13.9,13.8,14.0,14.2
2022-10-13 12:00:00,13.4,13.3,13.2,12.6,13.3,13.6,13.4,13.1,13.1,13.3
2022-10-13 13:00:00,13.4,13.4,13.2,12.6,13.6,14.0,13.9,13.4,13.0,13.3
2022-10-13 14:00:00,15.3,14.4,14.5,14.0,14.4,15.5,15.7,14.5,13.8,14.5
2022-10-13 15:00:00,15.4,15.0,15.2,14.7,14.9,15.8,16.0,14.8,14.4,15.2
2022-10-13 16:00:00,15.2,15.5,15.4,14.9,15.2,16.0,15.8,15.1,14.6,15.2
2022-10-13 17:00:00,15.3,15.3,15.3,15.4,15.5,15.7,15.3,14.9,14.3,15.0
2022-10-13 18:00:00,14.6,14.7,14.5,14.6,16.1,16.2,14.4,14.3,14.0,14.6
2022-10-13 19:00:00,13.9,13.7,13.7,13.2,14.3,14.5,13.8,13.7,13.8,14.0
2022-10-13 20:00:00,12.7,12.8,12.9,12.4,13.4,13.4,13.2,13.0,13.2,13.3
2022-10-13 21:00:00,12.0,11.9,12.2,11.9,13.0,12.9,12.9,12.5,12.7,13.0
2022-10-13 22:00:00,11.1,10.8,11.6,11.4,12.5,12.4,12.4,12.1,12.2,12.5
2022-10-13 23:00:00,10.6,10.4,11.0,10.8,11.7,11.6,11.6,11.3,11.7,11.9
2022-10-14 00:00:00,9.79,9.55,10.1,10.1,11.2,10.9,11.1,10.6,11.1,11.4
2022-10-14 01:00:00,8.60,8.17,9.29,8.98,10.0,9.51,9.63,9.36,10.1,10.5
2022-10-14 02:00:00,9.41,9.11,9.41,9.27,10.3,10.2,10.2,9.88,10.5,10.8
2022-10-14 03:00:00,10.8,10.6,10.6,10.5,11.3,11.4,11.3,11.0,11.2,11.4
2022-10-14 04:00:00,10.9,10.7,10.7,10.5,11.3,11.3,11.3,10.9,11.2,11.3
2022-10-14 05:00:00,10.5,10.1,10.3,10.1,10.9,10.8,10.8,10.5,10.7,10.9
2022-10-14 06:00:00,9.57,9.14,9.68,9.36,10.2,10.1,10.2,9.81,10.1,10.3
2022-10-14 07:00:00,9.02,8.75,9.45,9.03,9.93,9.78,9.90,9.56,9.83,10.1
2022-10-14 08:00:00,8.87,8.73,9.32,8.93,9.91,9.80,9.99,9.58,9.87,10.1
2022-10-14 09:00:00,10.4,10.4,10.3,9.89,10.7,10.7,10.8,10.5,10.4,10.8
2022-10-14 10:00:00,10.1,9.89,10.1,9.45,10.1,9.92,9.95,9.85,9.75,9.92
2022-10-14 11:00:00,10.4,10.2,10.6,10.4,10.1,10.4,9.90,9.83,9.92,9.97
2022-10-14 12:00:00,9.75,9.64,9.56,8.87,9.54,9.68,9.42,9.36,9.21,9.28
2022-10-14 13:00:00,12.5,12.0,12.2,11.4,12.5,12.7,12.3,12.0,11.3,12.1
2022-10-14 14:00:00,16.4,12.6,13.8,14.5,13.8,15.7,16.8,13.9,13.9,16.1
2022-10-14 15:00:00,15.6,13.4,14.7,16.2,13.6,14.7,16.3,13.4,15.0,15.7
2022-10-14 16:00:00,14.2,14.0,14.3,16.1,14.0,14.5,14.6,13.8,14.2,14.7
2022-10-14 17:00:00,14.4,13.7,14.0,15.7,15.7,14.9,14.5,14.0,14.1,14.9
2022-10-14 18:00:00,13.8,13.4,13.5,14.8,16.1,15.8,14.0,13.6,13.7,14.8
2022-10-14 19:00:00,13.3,12.9,13.0,13.3,14.5,14.4,14.0,13.6,13.8,14.4
2022-10-14 20:00:00,12.1,11.8,12.2,12.1,13.9,13.6,13.5,13.4,13.3,13.8
2022-10-14 21:00:00,11.2,10.8,11.6,11.3,13.4,13.1,13.1,13.0,12.9,13.1
2022-10-14 22:00:00,11.4,11.1,11.4,11.3,12.5,12.5,12.7,12.2,12.6,12.6
2022-10-14 23:00:00,12.0,11.5,11.7,11.6,12.6,12.6,12.5,12.2,12.3,12.3
2022-10-15 00:00:00,11.7,11.3,11.5,11.4,12.4,12.4,12.3,12.0,12.1,12.2
2022-10-15 01:00:00,11.5,11.2,11.5,11.4,12.4,12.3,12.3,12.1,12.2,12.3
2022-10-15 02:00:00,11.4,11.3,11.8,11.7,12.9,12.8,12.7,12.6,13.1,13.1
2022-10-15 03:00:00,11.9,11.9,12.2,12.1,13.2,13.1,13.0,13.0,13.4,13.5
2022-10-15 04:00:00,12.0,12.0,12.3,12.1,13.2,13.2,13.1,13.0,13.3,13.5
2022-10-15 05:00:00,12.1,12.0,12.3,12.0,13.1,13.1,13.1,12.9,13.0,13.3
2022-10-15 06:00:00,12.5,12.2,12.4,12.2,13.1,13.2,13.2,12.9,13.0,13.1
2022-10-15 07:00:00,12.8,12.6,12.7,12.5,13.4,13.4,13.4,13.1,13.3,13.4
2022-10-15 08:00:00,13.3,13.1,13.2,13.0,13.8,13.9,13.9,13.6,13.9,13.9
2022-10-15 09:00:00,14.1,13.9,14.0,13.8,14.6,14.7,14.5,14.5,14.7,14.6
2022-10-15 10:00:00,15.1,15.0,15.2,14.8,15.0,15.2,14.9,14.9,14.9,15.0
2022-10-15 11:00:00,14.0,13.7,13.8,12.9,13.5,13.6,13.2,13.2,13.1,13.1
2022-10-15 12:00:00,12.1,11.3,11.5,10.8,11.3,11.3,10.8,10.9,10.7,11.4
2022-10-15 13:00:00,13.4,11.9,13.0,12.4,12.7,12.1,11.3,11.4,11.8,12.8
2022-10-15 14:00:00,15.2,12.3,13.7,13.3,12.5,12.9,12.9,12.2,12.8,13.4
2022-10-15 15:00:00,14.3,13.0,14.5,14.2,12.8,12.7,12.6,12.5,13.4,13.3
2022-10-15 16:00:00,13.2,12.8,13.5,14.0,12.6,12.3,12.1,12.1,12.4,12.4
2022-10-15 17:00:00,13.0,12.3,12.9,13.2,12.6,11.9,11.8,11.6,12.1,12.2
2022-10-15 18:00:00,12.6,12.1,12.3,12.3,13.0,12.7,11.7,11.7,11.8,12.0
2022-10-15 19:00:00,12.0,11.5,11.8,11.2,11.8,11.7,11.5,11.4,11.6,11.6
2022-10-15 20:00:00,11.3,10.8,10.9,10.5,11.1,11.0,10.9,10.7,11.1,11.1
2022-10-15 21:00:00,10.2,10.1,10.2,9.83,10.7,10.6,10.4,10.3,10.6,10.7
2022-10-15 22:00:00,9.71,9.63,9.59,9.39,10.2,10.2,10.1,9.88,10.3,10.2
2022-10-15 23:00:00,9.60,9.61,9.48,9.25,10.1,10.1,9.92,9.82,10.00,10.1
2022-10-16 00:00:00,9.76,9.55,9.40,9.26,9.89,9.74,9.67,9.48,9.99,10.0
2022-10-16 01:00:00,10.1,9.79,9.67,9.45,10.0,9.95,9.84,9.70,10.1,10.0
2022-10-16 02:00:00,9.74,9.45,9.28,9.04,9.68,9.67,9.52,9.36,9.77,9.78
2022-10-16 03:00:00,8.63,8.24,8.82,8.55,9.43,9.38,9.29,9.08,9.51,9.57
2022-10-16 04:00:00,7.98,7.59,8.11,8.00,9.28,9.24,9.16,8.91,8.92,9.19
2022-10-16 05:00:00,8.73,8.53,8.47,8.18,9.25,9.24,9.13,8.93,8.80,9.11
2022-10-16 06:00:00,8.98,8.77,8.80,8.41,9.07,9.26,9.13,8.70,8.74,9.10
2022-10-16 07:00:00,9.28,8.99,8.98,8.54,9.31,9.45,9.39,9.03,8.93,9.27
2022-10-16 08:00:00,9.54,9.27,9.20,8.73,9.58,9.67,9.62,9.33,9.21,9.57
2022-10-16 09:00:00,9.96,9.77,9.74,9.25,9.99,10.1,10.1,9.77,9.66,10.0
2022-10-16 10:00:00,10.7,10.6,10.7,10.1,10.5,10.9,10.9,10.3,10.1,10.6
2022-10-16 11:00:00,11.9,11.9,12.1,11.3,11.6,12.2,12.1,11.5,11.1,11.7
2022-10-16 12:00:00,15.5,13.8,14.4,13.4,14.4,13.9,13.2,13.6,12.5,14.5
2022-10-16 13:00:00,16.8,15.3,15.9,14.9,16.9,16.4,14.7,14.9,14.5,17.0
2022-10-16 14:00:00,18.1,15.9,16.9,16.3,17.0,18.1,18.2,16.6,15.7,17.6
2022-10-16 15:00:00,16.1,16.1,16.3,15.2,16.0,16.8,16.4,15.8,14.9,15.7
2022-10-16 16:00:00,16.1,16.2,16.4,15.7,16.1,16.7,16.4,15.9,15.1,15.8
2022-10-16 17:00:00,15.7,15.6,16.0,15.3,15.9,16.2,16.0,15.6,15.1,15.7
2022-10-16 18:00:00,15.7,15.4,15.6,15.2,15.7,15.8,15.7,15.5,15.3,15.8
2022-10-16 19:00:00,15.2,14.7,15.0,14.7,15.2,14.9,14.9,14.7,15.1,15.5
2022-10-16 20:00:00,14.4,14.0,14.4,14.2,14.6,14.2,14.2,14.0,14.5,14.8
2022-10-16 21:00:00,14.0,13.7,14.1,13.8,14.4,14.0,14.0,13.7,14.2,14.5
2022-10-16 22:00:00,13.5,13.2,13.4,13.2,13.8,13.6,13.5,13.2,13.8,14.3
2022-10-16 23:00:00,12.6,12.2,12.4,12.4,13.0,13.1,12.8,12.6,13.1,13.3
2022-10-17 00:00:00,12.3,11.9,12.1,12.0,12.7,12.8,12.5,12.3,12.6,12.8
2022-10-17 01:00:00,12.1,11.5,11.7,11.6,12.3,12.5,12.1,11.9,12.3,12.4
2022-10-17 02:00:00,11.7,11.3,11.3,11.2,12.0,12.1,11.9,11.7,12.1,12.3
2022-10-17 03:00:00,11.4,11.0,11.1,11.0,11.9,11.9,11.6,11.4,11.8,12.0
2022-10-17 04:00:00,10.6,10.3,10.7,10.6,11.2,11.1,11.0,10.7,11.2,11.5
2022-10-17 05:00:00,10.6,10.2,10.7,10.6,11.2,11.2,11.2,10.8,11.2,11.5
2022-10-17 06:00:00,10.9,10.5,10.8,10.7,11.4,11.5,11.3,11.1,11.1,11.3
2022-10-17 07:00:00,10.9,10.6,10.8,10.5,11.4,11.5,11.5,11.1,11.0,11.2
2022-10-17 08:00:00,11.0,10.6,10.9,10.5,11.4,11.4,11.6,11.1,11.1,11.4
2022-10-17 09:00:00,11.2,10.8,11.0,10.3,11.0,11.1,10.8,10.7,10.6,10.9
2022-10-17 10:00:00,11.2,10.8,11.3,10.3,10.8,10.7,10.5,10.5,10.3,10.5
2022-10-17 11:00:00,10.9,11.2,11.6,10.4,11.2,11.6,11.4,11.1,10.2,10.6
2022-10-17 12:00:00,11.4,11.7,12.0,10.8,11.7,12.3,12.1,11.6,10.6,11.1
2022-10-17 13:00:00,11.5,11.9,12.1,10.9,11.8,12.4,12.2,11.7,10.7,11.1
2022-10-17 14:00:00,10.9,11.3,11.8,10.5,11.5,11.9,11.8,11.1,10.3,10.7
2022-10-17 15:00:00,9.88,10.4,10.6,9.47,10.4,10.7,10.7,10.1,9.47,9.81
2022-10-17 16:00:00,9.40,9.70,9.71,8.66,9.64,9.93,9.75,9.38,8.79,8.87
2022-10-17 17:00:00,8.53,8.84,8.75,8.02,9.00,9.14,8.83,8.51,7.97,8.14
2022-10-17 18:00:00,8.41,8.51,8.43,7.89,9.04,9.24,8.91,8.49,7.95,8.11
2022-10-17 19:00:00,8.19,8.10,8.04,7.42,8.73,8.78,8.55,8.19,7.89,8.13
2022-10-17 20:00:00,7.31,7.07,7.22,6.66,7.81,7.81,7.75,7.28,7.20,7.40
2022-10-17 21:00:00,6.90,6.68,6.84,6.38,7.40,7.36,7.32,6.91,6.90,6.94
2022-10-17 22:00:00,6.85,6.72,6.88,6.39,7.29,7.42,7.28,6.84,6.80,6.96
2022-10-17 23:00:00,6.63,6.53,6.65,6.14,6.97,7.18,7.17,6.50,6.53,6.88
2022-10-18 00:00:00,6.95,6.83,7.09,6.51,7.30,7.54,7.58,6.94,6.96,7.09
2022-10-18 01:00:00,7.26,6.91,7.12,6.79,7.62,7.84,7.92,7.32,7.31,7.58
2022-10-18 02:00:00,7.62,7.12,7.19,7.09,7.74,7.86,7.84,7.50,7.63,7.92
2022-10-18 03:00:00,7.62,7.17,7.01,6.92,7.41,7.49,7.47,7.26,7.63,8.13
2022-10-18 04:00:00,7.53,7.06,7.00,6.92,7.15,7.18,7.12,6.91,7.52,7.92
2022-10-18 05:00:00,6.92,6.45,6.70,6.32,6.53,6.37,6.22,6.10,6.65,6.75
2022-10-18 06:00:00,5.86,5.37,5.67,5.24,5.50,5.43,5.24,5.11,5.68,5.82
2022-10-18 07:00:00,5.19,4.65,5.32,4.91,5.02,4.61,4.68,4.45,5.09,5.26
2022-10-18 08:00:00,4.03,3.48,4.31,3.91,3.93,3.70,3.61,3.42,3.92,4.26
2022-10-18 09:00:00,4.16,3.70,5.06,4.49,4.12,4.18,3.86,3.71,4.25,4.46
2022-10-18 10:00:00,6.33,5.91,7.43,6.77,6.12,6.02,5.91,5.86,6.00,6.24
2022-10-18 11:00:00,8.36,8.09,8.80,7.68,7.85,8.00,7.82,7.86,7.08,7.56
2022-10-18 12:00:00,9.81,9.66,9.94,8.60,8.97,9.42,8.92,9.04,8.25,8.72
2022-10-18 13:00:00,11.2,10.6,11.0,9.69,9.98,10.4,9.52,9.93,9.10,9.57
2022-10-18 14:00:00,11.6,10.8,11.1,9.80,10.4,10.7,10.2,10.3,9.34,9.83
2022-10-18 15:00:00,8.54,8.85,8.82,7.66,8.69,9.03,8.70,8.43,7.70,7.96
2022-10-18 16:00:00,7.91,7.80,7.82,6.85,7.40,7.55,7.29,7.29,6.93,6.95
2022-10-18 17:00:00,7.55,7.45,7.31,6.36,6.99,7.42,6.90,7.02,6.57,6.45
2022-10-18 18:00:00,7.15,7.34,7.16,6.40,7.29,7.56,7.31,7.20,6.73,6.76
2022-10-18 19:00:00,7.38,7.34,7.13,6.52,7.44,7.64,7.35,7.31,6.96,6.87
2022-10-18 20:00:00,7.20,7.22,7.11,6.58,7.43,7.68,7.47,7.31,6.96,7.02
2022-10-18 21:00:00,6.47,6.51,6.42,5.92,6.82,7.09,6.84,6.61,6.37,6.53
2022-10-18 22:00:00,6.26,6.22,6.08,5.64,6.54,6.79,6.55,6.30,6.13,6.24
2022-10-18 23:00:00,6.44,6.36,6.06,5.65,6.53,6.72,6.47,6.34,6.04,6.19
2022-10-19 00:00:00,6.49,6.40,6.25,5.89,6.68,6.98,6.70,6.54,6.30,6.42
2022-10-19 01:00:00,6.42,6.31,6.35,5.82,6.66,6.91,6.71,6.46,6.22,6.41
2022-10-19 02:00:00,6.18,6.08,6.33,5.68,6.55,6.73,6.54,6.30,6.05,6.19
2022-10-19 03:00:00,6.46,6.23,6.20,5.78,6.60,6.69,6.51,6.40,6.09,6.31
2022-10-19 04:00:00,6.55,6.24,6.30,5.85,6.57,6.48,6.40,6.30,6.10,6.42
2022-10-19 05:00:00,6.33,6.15,6.34,5.81,6.52,6.24,6.32,6.17,6.13,6.43
2022-10-19 06:00:00,6.19,6.10,6.32,5.77,6.59,6.41,6.44,6.26,6.13,6.43
2022-10-19 07:00:00,6.23,6.17,6.45,5.88,6.69,6.64,6.63,6.46,6.24,6.60
2022-10-19 08:00:00,6.57,6.43,6.64,6.11,6.85,6.80,6.85,6.61,6.47,6.77
2022-10-19 09:00:00,7.02,6.79,7.04,6.39,7.13,6.99,7.17,6.91,6.71,7.11
2022-10-19 10:00:00,7.70,7.27,7.72,6.88,7.50,7.24,7.44,7.33,7.15,7.36
2022-10-19 11:00:00,8.43,8.04,8.69,7.67,8.12,8.08,8.03,8.03,7.71,7.94
2022-10-19 12:00:00,9.17,8.69,9.53,8.43,8.83,8.57,8.77,8.66,8.10,8.72
2022-10-19 13:00:00,9.61,9.77,10.4,8.93,9.51,9.94,9.60,9.58,8.41,9.08
2022-10-19 14:00:00,9.29,9.77,9.95,8.94,9.63,10.2,10.3,9.55,8.60,9.18
2022-10-19 15:00:00,10.1,10.0,10.4,10.1,9.92,10.5,12.0,9.80,9.82,10.2
2022-10-19 16:00:00,10.0,10.2,10.5,9.55,10.1,10.6,10.8,9.94,9.43,9.88
2022-10-19 17:00:00,9.83,9.78,10.2,9.13,9.52,9.87,9.49,9.36,9.12,9.37
2022-10-19 18:00:00,8.05,7.60,8.32,7.67,7.58,7.50,7.36,7.36,7.73,7.79
2022-10-19 19:00:00,7.19,6.74,7.46,7.21,6.88,6.70,6.61,6.55,7.01,7.22
2022-10-19 20:00:00,6.55,6.22,6.84,6.53,6.51,6.27,6.12,6.09,6.60,6.77
2022-10-19 21:00:00,6.34,6.04,6.49,6.01,6.34,6.14,5.99,5.99,6.36,6.33
2022-10-19 22:00:00,6.18,5.88,6.06,5.49,6.06,5.94,5.70,5.72,5.91,5.74
2022-10-19 23:00:00,5.73,5.40,5.59,4.98,5.48,5.55,5.13,5.21,5.34,5.23
2022-10-20 00:00:00,5.32,5.02,5.32,4.84,5.18,5.09,4.88,4.81,5.25,5.11
2022-10-20 01:00:00,5.52,5.24,5.31,4.93,5.44,5.36,5.17,5.14,5.46,5.26
2022-10-20 02:00:00,5.70,5.36,5.46,5.03,5.59,5.58,5.30,5.32,5.57,5.41
2022-10-20 03:00:00,5.65,5.35,5.53,5.10,5.57,5.46,5.24,5.22,5.52,5.39
2022-10-20 04:00:00,5.50,5.21,5.31,4.92,5.39,5.19,5.13,5.07,5.36,5.15
2022-10-20 05:00:00,5.55,5.23,5.19,4.82,5.39,5.43,5.13,5.16,5.32,5.11
2022-10-20 06:00:00,5.68,5.38,5.25,4.91,5.50,5.60,5.27,5.32,5.41,5.25
2022-10-20 07:00:00,5.82,5.47,5.33,4.88,5.46,5.56,5.24,5.28,5.34,5.16
2022-10-20 08:00:00,5.85,5.54,5.48,4.96,5.53,5.69,5.32,5.39,5.39,5.29
2022-10-20 09:00:00,6.22,5.87,5.85,5.30,5.81,6.01,5.66,5.69,5.75,5.63
2022-10-20 10:00:00,6.96,6.57,6.64,5.94,6.41,6.66,6.27,6.36,6.21,6.14
2022-10-20 11:00:00,7.57,7.28,7.48,6.60,7.02,7.22,6.80,6.90,6.80,6.71
2022-10-20 12:00:00,8.89,8.65,8.86,7.84,8.15,8.40,7.82,8.13,7.79,7.69
2022-10-20 13:00:00,8.80,8.46,8.98,7.79,8.01,8.16,7.68,7.85,7.73,7.67
2022-10-20 14:00:00,8.44,8.01,8.57,7.22,7.34,7.70,7.03,7.31,6.84,6.70
2022-10-20 15:00:00,7.78,7.41,8.32,7.02,7.11,7.21,6.93,6.94,6.94,6.82
2022-10-20 16:00:00,8.42,8.09,8.41,7.23,7.70,7.89,7.47,7.73,7.20,7.15
2022-10-20 17:00:00,8.12,7.87,8.02,6.92,7.49,7.84,7.41,7.49,7.05,7.10
2022-10-20 18:00:00,7.54,7.45,7.40,6.45,7.37,7.66,7.43,7.26,6.74,6.86
2022-10-20 19:00:00,7.46,7.03,7.08,6.32,6.98,7.17,6.74,6.82,6.64,6.59
2022-10-20 20:00:00,6.95,6.54,6.57,6.02,6.72,6.87,6.58,6.59,6.47,6.54
2022-10-20 21:00:00,6.27,5.94,5.93,5.50,6.34,6.40,6.31,6.05,6.06,6.20
2022-10-20 22:00:00,5.59,5.35,5.34,4.97,5.76,5.77,5.55,5.44,5.52,5.58
2022-10-20 23:00:00,5.22,4.85,4.81,4.46,5.21,5.21,5.00,4.86,5.14,5.06
2022-10-21 00:00:00,4.85,4.48,4.30,4.06,4.91,4.86,4.79,4.50,4.86,4.80
2022-10-21 01:00:00,4.51,4.21,3.83,3.59,4.74,4.74,4.64,4.36,4.63,4.64
2022-10-21 02:00:00,4.18,3.94,3.56,3.42,4.74,4.79,4.62,4.42,4.61,4.64
2022-10-21 03:00:00,3.83,3.56,3.51,3.36,4.66,4.70,4.63,4.30,4.44,4.57
2022-10-21 04:00:00,3.47,3.13,3.22,2.90,4.38,4.57,4.34,3.92,4.14,4.38
2022-10-21 05:00:00,3.80,3.40,3.18,2.79,4.65,4.86,4.83,4.42,4.71,4.86
2022-10-21 06:00:00,4.11,3.71,3.90,3.69,4.92,4.76,4.87,4.66,5.24,5.32
2022-10-21 07:00:00,4.38,4.03,4.62,4.35,6.14,6.11,6.20,6.00,6.20,6.24
2022-10-21 08:00:00,4.24,4.00,5.05,4.77,6.90,6.84,6.82,6.72,6.49,6.50
2022-10-21 09:00:00,4.89,4.70,6.20,5.76,6.84,6.84,6.86,6.67,6.88,6.77
2022-10-21 10:00:00,7.65,7.80,9.87,9.20,8.63,8.40,8.39,8.31,8.53,8.45
2022-10-21 11:00:00,10.9,10.7,12.5,11.5,10.5,10.4,10.1,10.1,10.3,10.5
2022-10-21 12:00:00,15.0,12.4,14.0,13.0,14.1,13.0,11.7,12.8,11.8,14.6
2022-10-21 13:00:00,15.2,14.1,15.1,14.2,15.4,14.8,14.1,13.8,13.7,15.9
2022-10-21 14:00:00,17.9,14.3,15.8,16.0,15.5,17.2,18.7,15.2,15.5,17.9
2022-10-21 15:00:00,16.6,15.2,16.9,17.4,15.2,16.2,17.7,14.9,16.2,17.0
2022-10-21 16:00:00,16.0,15.9,16.5,18.0,15.7,15.9,16.0,15.4,16.1,16.5
2022-10-21 17:00:00,17.2,16.7,16.5,17.7,16.9,16.6,16.2,16.0,16.3,17.0
2022-10-21 18:00:00,16.3,16.0,16.1,16.8,17.9,17.8,16.2,16.1,16.2,16.9
2022-10-21 19:00:00,15.3,15.0,15.1,15.1,16.1,15.9,15.6,15.4,15.4,15.6
2022-10-21 20:00:00,15.3,14.9,14.9,15.1,15.7,15.4,15.5,15.4,15.5,15.6
2022-10-21 21:00:00,15.0,14.6,14.6,14.7,15.4,15.2,15.3,15.1,15.2,15.3
2022-10-21 22:00:00,14.3,13.9,13.8,13.9,14.8,14.6,14.6,14.4,14.4,14.5
2022-10-21 23:00:00,13.9,13.6,13.4,13.6,14.3,14.2,14.2,14.0,14.1,14.1
2022-10-22 00:00:00,13.9,13.5,13.4,13.6,14.3,14.1,14.1,14.0,14.1,14.1
2022-10-22 01:00:00,13.7,13.3,13.2,13.2,14.1,14.0,14.0,13.9,13.8,13.8
2022-10-22 02:00:00,13.4,13.2,12.9,13.0,13.9,13.8,13.8,13.7,13.5,13.5
2022-10-22 03:00:00,13.4,13.2,13.0,13.0,13.9,14.0,13.8,13.8,13.8,13.7
2022-10-22 04:00:00,13.5,13.3,13.1,13.0,14.0,14.0,13.9,13.8,13.8,13.8
2022-10-22 05:00:00,13.2,13.0,13.0,12.9,13.8,13.9,13.7,13.7,13.7,13.6
2022-10-22 06:00:00,12.7,12.3,12.6,12.6,13.6,13.6,13.5,13.4,13.5,13.5
2022-10-22 07:00:00,12.3,12.0,12.0,12.0,13.2,13.1,13.1,12.9,12.6,12.5
2022-10-22 08:00:00,12.1,11.7,11.9,11.9,13.1,13.0,13.0,12.9,12.6,12.5
2022-10-22 09:00:00,12.3,12.1,12.6,12.4,13.2,13.2,13.1,13.0,12.9,12.9
2022-10-22 10:00:00,13.8,13.8,15.3,14.5,13.8,13.7,13.7,13.5,13.7,13.8
2022-10-22 11:00:00,15.9,15.5,17.1,16.0,15.1,14.9,14.7,14.7,15.0,15.2
2022-10-22 12:00:00,20.5,17.3,18.8,17.6,18.4,17.3,16.1,17.2,16.4,19.4
2022-10-22 13:00:00,20.8,19.0,19.9,19.2,20.2,19.4,18.3,18.4,18.3,21.1
2022-10-22 14:00:00,22.9,18.7,20.4,20.7,20.2,22.0,23.4,19.9,20.3,22.7
2022-10-22 15:00:00,20.8,19.2,20.9,21.8,19.5,20.3,22.0,19.1,21.1,21.5
2022-10-22 16:00:00,20.0,19.8,20.5,22.6,19.8,19.9,19.9,19.5,20.5,21.1
2022-10-22 17:00:00,20.9,20.4,20.1,22.5,21.4,20.2,20.0,19.9,20.4,21.4
2022-10-22 18:00:00,20.0,19.7,19.8,21.4,22.6,21.9,19.8,19.8,20.2,21.7
2022-10-22 19:00:00,18.4,17.8,18.4,18.6,20.3,19.9,19.1,19.2,19.6,20.3
2022-10-22 20:00:00,16.1,15.5,16.2,16.1,18.1,17.7,17.4,17.4,17.3,17.6
2022-10-22 21:00:00,14.9,14.3,14.8,14.8,16.3,16.1,15.9,15.9,15.8,15.8
2022-10-22 22:00:00,13.6,13.0,14.2,14.1,15.7,15.5,15.5,15.3,16.1,16.2
2022-10-22 23:00:00,12.5,12.0,13.5,13.2,14.3,13.7,13.8,13.6,16.9,16.7
2022-10-23 00:00:00,11.7,11.2,12.7,12.2,14.6,14.2,14.4,14.5,17.2,17.3
2022-10-23 01:00:00,11.7,11.3,13.9,13.4,17.1,16.7,17.0,17.2,17.1,17.2
2022-10-23 02:00:00,12.0,11.6,13.1,12.8,16.6,16.0,16.0,16.5,16.5,16.5
2022-10-23 03:00:00,12.0,11.6,12.8,12.4,14.7,13.6,14.1,14.0,15.9,15.7
2022-10-23 04:00:00,11.1,10.6,11.6,11.4,12.8,11.7,12.1,12.0,13.4,13.5
2022-10-23 05:00:00,10.3,9.79,10.8,10.7,11.8,10.9,11.3,11.1,12.4,12.6
2022-10-23 06:00:00,10.3,9.86,10.9,10.8,12.0,11.0,11.6,11.1,11.7,12.0
2022-10-23 07:00:00,10.3,10.1,11.0,10.8,12.0,11.3,11.9,11.3,10.9,11.2
2022-10-23 08:00:00,10.1,9.75,10.6,10.5,12.2,12.0,12.5,12.1,12.6,12.2
2022-10-23 09:00:00,10.7,10.5,11.4,11.3,13.0,12.8,13.0,12.7,13.2,13.1
2022-10-23 10:00:00,12.8,12.9,14.6,14.7,13.7,13.5,13.5,13.3,14.2,14.2
2022-10-23 11:00:00,15.9,15.1,17.1,17.5,15.4,15.2,14.9,14.9,15.4,15.6
2022-10-23 12:00:00,21.8,17.3,19.3,19.4,19.6,18.1,16.8,18.2,17.3,21.4
2022-10-23 13:00:00,22.0,19.0,20.1,20.8,21.1,19.8,18.8,19.2,18.9,22.5
2022-10-23 14:00:00,24.2,18.4,20.2,22.0,20.4,21.8,23.6,20.0,20.1,23.4
2022-10-23 15:00:00,20.8,18.3,20.4,23.4,19.0,19.7,21.4,18.6,20.4,20.9
2022-10-23 16:00:00,19.4,18.9,19.6,24.1,19.1,19.2,19.1,18.6,19.5,20.0
2022-10-23 17:00:00,20.9,19.7,19.7,24.2,20.5,19.5,19.2,19.0,19.6,20.5
2022-10-23 18:00:00,18.3,17.5,17.9,20.1,20.1,19.3,17.8,17.7,18.1,18.9
2022-10-23 19:00:00,15.8,15.2,15.8,16.3,16.6,16.4,15.9,15.6,16.2,16.4
2022-10-23 20:00:00,14.3,13.9,14.5,14.7,15.4,15.0,14.8,14.5,15.4,15.5
2022-10-23 21:00:00,13.3,13.0,13.6,13.8,14.5,14.2,13.9,13.7,14.8,14.9
2022-10-23 22:00:00,13.2,12.9,13.6,13.5,14.5,14.2,14.1,13.8,15.1,15.2
2022-10-23 23:00:00,13.4,13.2,13.9,13.7,14.7,14.3,14.4,14.1,15.3,15.4
2022-10-24 00:00:00,13.4,13.0,13.8,13.7,14.6,14.2,14.3,14.0,15.2,15.3
2022-10-24 01:00:00,12.9,12.7,13.5,13.3,14.3,13.9,14.1,13.7,15.0,15.0
2022-10-24 02:00:00,12.4,12.1,12.9,12.9,13.9,13.5,13.6,13.3,14.5,14.5
2022-10-24 03:00:00,11.3,10.8,12.0,12.1,13.4,12.8,13.3,12.8,14.0,13.6
2022-10-24 04:00:00,10.7,10.2,11.2,11.4,12.5,11.6,12.3,11.6,12.1,12.0
2022-10-24 05:00:00,10.3,10.0,10.8,10.6,11.9,11.1,11.7,11.0,10.7,11.1
2022-10-24 06:00:00,10.0,9.67,10.7,10.6,11.8,11.1,11.5,11.0,10.4,10.7
2022-10-24 07:00:00,9.68,9.29,10.5,10.5,11.5,10.6,11.2,10.6,10.4,10.6
2022-10-24 08:00:00,9.49,9.26,10.4,10.3,11.5,11.0,11.1,10.7,10.9,10.7
2022-10-24 09:00:00,9.85,9.72,10.8,10.8,11.4,11.1,11.0,10.7,11.8,11.6
2022-10-24 10:00:00,11.6,11.7,13.7,14.0,12.4,12.2,12.1,11.9,12.6,12.6
2022-10-24 11:00:00,14.9,14.1,16.4,16.3,14.3,14.1,13.8,13.8,14.1,14.5
2022-10-24 12:00:00,20.9,16.3,18.6,18.6,19.1,17.2,15.7,17.1,16.1,20.8
2022-10-24 13:00:00,20.5,18.2,19.3,19.8,20.6,19.2,17.9,18.4,18.7,22.6
2022-10-24 14:00:00,23.3,17.8,19.8,21.8,20.1,21.5,23.4,19.8,19.9,23.2
2022-10-24 15:00:00,20.4,18.1,20.3,22.9,18.8,19.6,21.1,18.3,21.1,21.1
2022-10-24 16:00:00,19.5,19.0,19.6,24.1,19.2,19.3,19.2,18.7,20.1,20.7
2022-10-24 17:00:00,20.5,19.4,19.2,23.5,20.2,19.1,18.9,18.6,19.1,20.4
2022-10-24 18:00:00,18.8,18.0,18.4,21.8,21.4,20.3,18.2,18.0,18.3,19.5
2022-10-24 19:00:00,17.2,16.7,17.3,18.0,18.4,18.0,17.3,17.1,17.6,17.8
2022-10-24 20:00:00,15.8,15.3,15.8,16.2,16.7,16.4,16.1,15.9,16.4,16.5
2022-10-24 21:00:00,14.8,14.4,14.8,15.1,16.0,15.7,15.5,15.2,15.8,15.8
2022-10-24 22:00:00,14.5,14.2,14.5,14.7,15.7,15.4,15.3,15.0,15.3,15.4
2022-10-24 23:00:00,14.3,13.9,14.1,14.2,15.3,15.1,14.9,14.7,15.0,15.0
2022-10-25 00:00:00,13.9,13.5,13.8,13.9,14.9,14.6,14.5,14.2,14.9,14.9
2022-10-25 01:00:00,13.2,12.8,13.4,13.3,14.4,14.0,13.9,13.7,15.0,15.0
2022-10-25 02:00:00,13.1,12.7,13.2,13.1,14.1,13.9,13.8,13.6,14.8,14.7
2022-10-25 03:00:00,13.2,12.9,13.3,13.2,14.0,13.8,13.8,13.6,14.5,14.4
2022-10-25 04:00:00,13.3,13.0,13.4,13.3,14.2,14.0,14.0,13.7,14.4,14.4
2022-10-25 05:00:00,13.2,12.9,13.1,13.1,14.0,13.8,13.9,13.5,14.0,14.0
2022-10-25 06:00:00,12.8,12.4,12.6,12.6,13.5,13.3,13.3,13.0,13.4,13.5
2022-10-25 07:00:00,12.2,11.8,12.1,12.2,13.1,12.7,12.7,12.5,12.9,13.2
2022-10-25 08:00:00,12.3,11.9,11.7,11.8,12.5,12.5,12.1,12.0,12.5,12.8
2022-10-25 09:00:00,12.5,12.0,11.8,12.0,12.3,12.4,12.0,11.9,12.5,12.9
2022-10-25 10:00:00,13.8,13.2,12.9,13.3,13.3,13.5,13.0,13.0,13.5,13.9
2022-10-25 11:00:00,16.1,15.1,15.8,16.2,15.3,15.5,14.9,15.0,14.9,15.3
2022-10-25 12:00:00,18.5,17.3,18.1,18.2,17.9,18.1,17.8,17.5,16.9,18.1
2022-10-25 13:00:00,18.6,17.9,18.5,18.2,18.3,18.7,18.5,17.9,17.3,18.5
2022-10-25 14:00:00,20.8,18.8,19.8,20.1,19.2,20.4,20.6,19.4,19.1,20.4
2022-10-25 15:00:00,20.6,19.5,20.4,21.1,19.6,20.4,20.6,19.6,20.0,20.8
2022-10-25 16:00:00,19.6,18.9,19.4,20.3,19.3,19.9,19.7,19.0,18.9,19.4
2022-10-25 17:00:00,18.9,18.1,18.5,19.0,18.5,18.9,18.5,18.3,18.1,18.4
2022-10-25 18:00:00,18.1,17.3,17.6,18.1,18.0,18.2,17.8,17.5,17.6,17.8
2022-10-25 19:00:00,17.3,16.7,17.0,17.1,17.5,17.6,17.3,17.1,17.1,17.2
2022-10-25 20:00:00,16.6,16.0,16.3,16.4,16.9,16.8,16.7,16.5,16.8,16.8
2022-10-25 21:00:00,16.6,16.1,16.3,16.4,17.1,17.1,17.0,16.7,17.0,17.0
2022-10-25 22:00:00,16.8,16.5,16.6,16.6,17.5,17.5,17.4,17.2,17.5,17.5
2022-10-25 23:00:00,16.5,16.4,16.5,16.5,17.4,17.4,17.2,17.0,17.4,17.4
2022-10-26 00:00:00,16.1,15.9,16.1,16.1,17.2,17.0,17.0,16.8,17.3,17.3
2022-10-26 01:00:00,15.1,14.8,15.1,15.0,16.7,16.4,16.4,16.3,16.5,16.6
2022-10-26 02:00:00,14.3,13.9,14.5,14.5,16.0,15.7,15.9,15.6,16.2,16.4
2022-10-26 03:00:00,13.8,13.4,14.2,14.1,15.7,15.2,15.5,15.2,15.7,15.9
2022-10-26 04:00:00,13.0,12.4,13.3,13.4,15.1,14.8,15.0,14.7,15.1,15.2
2022-10-26 05:00:00,12.9,12.5,13.1,13.0,14.3,14.1,14.1,13.9,15.3,15.4
2022-10-26 06:00:00,12.7,12.3,13.0,12.9,14.1,13.9,13.8,13.6,14.8,14.8
2022-10-26 07:00:00,12.7,12.4,12.8,12.8,14.0,13.9,13.9,13.6,14.0,14.0
2022-10-26 08:00:00,12.8,12.6,13.1,12.9,14.2,14.0,13.9,13.7,14.1,14.1
2022-10-26 09:00:00,13.1,12.9,13.5,13.4,14.3,14.3,14.0,13.9,14.3,14.3
2022-10-26 10:00:00,14.4,14.1,14.5,14.4,15.0,15.1,14.9,14.8,14.4,14.6
2022-10-26 11:00:00,15.6,15.0,15.4,15.1,15.6,15.8,15.7,15.6,15.0,15.6
2022-10-26 12:00:00,16.7,16.3,16.6,16.2,16.8,17.1,17.0,16.8,16.3,16.9
2022-10-26 13:00:00,16.0,16.1,16.0,15.5,16.2,16.5,16.1,16.0,15.6,15.8
2022-10-26 14:00:00,14.6,14.7,14.7,14.1,14.8,15.1,14.9,14.5,14.4,14.6
2022-10-26 15:00:00,14.4,14.3,14.3,13.8,14.4,14.7,14.5,14.2,14.1,14.2
2022-10-26 16:00:00,14.4,14.3,14.4,13.8,14.4,14.7,14.6,14.2,14.1,14.3
2022-10-26 17:00:00,14.4,14.3,14.3,13.7,14.4,14.6,14.5,14.2,14.0,14.2
2022-10-26 18:00:00,14.2,14.2,14.0,13.5,14.4,14.5,14.4,14.1,13.8,13.9
2022-10-26 19:00:00,14.2,14.0,13.9,13.4,14.1,14.0,13.9,13.9,13.6,13.7
2022-10-26 20:00:00,12.8,12.4,12.9,12.7,12.7,12.2,12.3,12.3,12.6,12.7
2022-10-26 21:00:00,12.5,12.2,12.4,12.2,12.4,12.0,12.0,12.0,12.5,12.6
2022-10-26 22:00:00,12.2,11.9,12.1,11.9,12.0,11.7,11.7,11.7,12.2,12.4
2022-10-26 23:00:00,11.7,11.4,11.8,11.4,11.6,11.0,11.3,11.2,11.6,11.7
2022-10-27 00:00:00,10.6,10.1,10.5,10.2,10.1,9.83,9.86,9.84,10.5,10.8
2022-10-27 01:00:00,9.53,9.11,9.45,9.10,9.06,8.94,8.90,8.90,9.60,9.76
2022-10-27 02:00:00,9.07,8.72,9.01,8.86,8.83,8.40,8.55,8.48,9.09,9.18
2022-10-27 03:00:00,8.35,8.05,8.26,8.05,8.20,7.82,7.87,7.81,8.50,8.58
2022-10-27 04:00:00,8.38,7.98,8.16,7.91,8.03,7.84,7.81,7.80,8.50,8.74
2022-10-27 05:00:00,7.49,7.12,7.41,7.19,7.44,7.08,7.08,6.97,7.85,8.06
2022-10-27 06:00:00,6.99,6.62,6.75,6.53,6.99,6.76,6.78,6.58,7.33,7.56
2022-10-27 07:00:00,6.11,5.83,6.09,5.92,6.54,6.38,6.36,6.05,6.95,7.23
2022-10-27 08:00:00,5.38,5.17,5.56,5.44,6.00,5.93,5.90,5.48,6.47,6.79
2022-10-27 09:00:00,5.49,5.25,5.97,5.87,5.95,5.85,5.77,5.38,6.44,6.76
2022-10-27 10:00:00,6.73,6.56,8.02,7.88,6.84,6.43,6.42,6.35,6.86,7.10
2022-10-27 11:00:00,8.63,8.00,8.95,8.72,8.28,8.09,7.92,7.96,7.85,8.31
2022-10-27 12:00:00,11.4,8.89,10.5,10.0,9.89,8.87,8.57,8.59,8.66,11.5
2022-10-27 13:00:00,11.8,9.85,10.4,10.4,10.8,9.69,9.79,9.73,10.3,12.1
2022-10-27 14:00:00,14.1,9.67,11.1,11.7,10.5,10.9,12.3,10.2,12.0,14.1
2022-10-27 15:00:00,11.9,9.99,11.8,13.2,10.3,10.2,11.6,9.70,12.8,12.5
2022-10-27 16:00:00,10.8,10.4,10.7,13.2,10.7,10.5,10.5,10.1,11.9,12.4
2022-10-27 17:00:00,12.2,11.2,10.6,13.1,11.9,10.8,10.8,10.4,11.4,12.6
2022-10-27 18:00:00,10.4,10.2,10.4,12.4,13.0,11.6,10.5,10.3,11.0,12.4
2022-10-27 19:00:00,9.49,9.20,9.91,10.3,10.7,10.2,9.95,9.57,10.7,11.1
2022-10-27 20:00:00,8.66,8.41,9.30,9.35,9.77,9.25,9.23,8.84,9.95,10.4
2022-10-27 21:00:00,7.78,7.45,8.35,8.39,9.19,8.61,8.60,8.28,9.35,9.68
2022-10-27 22:00:00,7.10,6.83,7.59,7.72,8.69,8.18,8.05,7.83,8.91,9.12
2022-10-27 23:00:00,6.60,6.36,7.09,7.29,8.11,7.85,7.77,7.37,8.60,8.64
2022-10-28 00:00:00,6.26,6.05,6.77,6.90,7.54,7.04,7.12,6.83,7.58,7.61
2022-10-28 01:00:00,5.60,5.36,6.19,6.24,7.04,6.55,6.58,6.35,7.11,7.06
2022-10-28 02:00:00,5.20,4.96,5.71,5.54,6.52,5.87,5.96,5.85,7.02,6.70
2022-10-28 03:00:00,4.76,4.48,5.35,5.16,6.06,5.32,5.49,5.37,6.90,6.41
2022-10-28 04:00:00,4.68,4.42,5.36,5.23,5.64,4.80,5.28,4.91,7.16,6.46
2022-10-28 05:00:00,4.53,4.27,5.10,5.12,5.28,4.23,4.52,4.33,6.75,6.29
2022-10-28 06:00:00,4.25,3.97,4.65,4.58,5.22,4.30,4.76,4.34,6.50,6.00
2022-10-28 07:00:00,4.21,4.09,4.69,4.42,4.82,4.16,4.32,4.16,6.40,5.96
2022-10-28 08:00:00,4.40,4.19,4.80,4.76,5.34,4.76,5.24,4.83,6.58,6.45
2022-10-28 09:00:00,5.40,4.81,5.31,5.48,6.23,6.12,5.81,5.70,6.69,6.47
2022-10-28 10:00:00,7.51,6.94,7.43,7.54,7.63,7.81,7.29,7.31,7.58,7.48
2022-10-28 11:00:00,10.3,9.54,10.7,10.5,9.85,9.85,9.62,9.66,9.41,9.91
2022-10-28 12:00:00,12.5,10.0,11.5,11.2,11.9,11.1,10.4,10.4,9.71,12.2
2022-10-28 13:00:00,10.8,9.60,10.8,10.9,11.1,11.2,10.6,10.2,9.72,10.8
2022-10-28 14:00:00,13.2,9.49,11.3,12.2,10.8,12.5,12.7,10.7,10.4,11.7
2022-10-28 15:00:00,11.6,9.57,11.9,13.8,10.3,11.2,12.0,10.0,11.2,10.9
2022-10-28 16:00:00,10.4,9.66,10.4,13.8,10.3,10.5,10.3,9.80,10.2,10.3
2022-10-28 17:00:00,11.2,9.84,10.1,14.4,10.8,10.0,9.77,9.55,9.74,10.4
2022-10-28 18:00:00,9.42,8.80,9.23,11.8,12.1,11.2,9.39,9.14,9.22,9.81
2022-10-28 19:00:00,8.71,8.03,8.48,9.14,9.65,9.51,8.87,8.53,8.85,8.90
2022-10-28 20:00:00,7.91,7.42,8.02,8.45,8.96,8.70,8.40,8.15,8.72,8.72
2022-10-28 21:00:00,7.24,6.96,7.85,8.19,8.75,8.42,8.27,8.01,8.72,8.64
2022-10-28 22:00:00,7.04,6.74,7.64,7.87,8.32,7.67,7.77,7.56,8.77,8.68
2022-10-28 23:00:00,6.25,5.74,7.32,7.48,7.10,6.35,6.49,6.43,8.81,8.55
2022-10-29 00:00:00,5.90,5.48,7.14,7.31,7.02,6.10,6.39,6.47,8.74,8.59
2022-10-29 01:00:00,5.46,4.87,6.28,6.20,6.56,6.00,6.03,5.98,8.27,7.59
2022-10-29 02:00:00,5.15,4.43,5.53,5.38,6.05,5.44,5.60,5.53,8.38,7.01
2022-10-29 03:00:00,4.73,4.13,5.12,5.08,5.44,4.80,4.88,4.84,6.93,6.68
2022-10-29 04:00:00,4.95,4.62,5.65,5.73,5.85,5.09,5.14,5.25,6.06,6.03
2022-10-29 05:00:00,4.54,4.04,5.05,5.27,5.55,4.92,4.93,4.97,5.47,5.57
2022-10-29 06:00:00,4.24,3.85,4.91,5.24,5.26,4.45,4.53,4.67,5.04,5.18
2022-10-29 07:00:00,4.88,4.66,5.19,5.37,5.53,4.92,4.92,5.03,5.37,5.44
2022-10-29 08:00:00,5.08,4.79,5.32,5.30,5.94,5.56,5.57,5.57,5.54,5.54
2022-10-29 09:00:00,5.23,4.86,5.75,5.54,5.79,5.46,5.48,5.39,5.82,5.92
2022-10-29 10:00:00,6.99,7.13,10.1,9.29,6.95,6.81,6.74,6.52,7.77,7.85
2022-10-29 11:00:00,10.7,10.3,12.9,12.1,9.75,9.60,9.54,9.63,10.1,10.7
2022-10-29 12:00:00,15.7,12.3,15.3,13.6,13.5,12.4,11.3,11.8,11.6,16.0
2022-10-29 13:00:00,15.6,14.1,16.8,14.9,15.9,14.4,13.6,13.8,13.7,17.1
2022-10-29 14:00:00,18.0,13.7,17.6,17.1,15.8,17.3,18.8,15.6,15.8,18.9
2022-10-29 15:00:00,16.2,14.4,18.2,19.2,14.9,15.7,17.8,14.6,17.5,17.2
2022-10-29 16:00:00,15.3,15.1,16.3,19.6,15.5,15.5,15.6,15.1,16.7,17.1
2022-10-29 17:00:00,16.6,16.0,15.7,19.5,16.5,15.5,15.4,15.2,15.8,17.3
2022-10-29 18:00:00,14.6,14.3,14.8,17.6,18.1,16.5,14.9,14.8,15.3,16.7
2022-10-29 19:00:00,12.9,12.6,13.0,13.5,14.9,14.2,13.6,13.6,13.8,14.3
2022-10-29 20:00:00,11.4,11.1,11.4,11.5,12.9,12.4,12.3,12.4,12.2,12.6
2022-10-29 21:00:00,10.4,9.91,10.2,10.3,12.1,11.5,11.5,11.5,11.3,11.8
2022-10-29 22:00:00,9.55,9.15,9.48,9.47,11.3,10.8,10.8,10.7,10.7,10.8
2022-10-29 23:00:00,9.35,8.91,9.17,9.28,11.2,10.8,10.8,10.6,10.7,10.8
2022-10-30 00:00:00,8.25,7.54,8.79,8.94,9.93,9.47,9.92,9.36,11.0,10.9
2022-10-30 01:00:00,7.74,7.18,8.20,8.31,8.76,8.08,8.29,8.12,10.8,10.3
2022-10-30 02:00:00,7.53,7.11,8.06,8.21,8.32,7.95,8.20,7.84,10.2,9.91
2022-10-30 03:00:00,7.13,6.93,7.83,7.84,7.92,7.28,7.33,7.27,8.92,8.71
2022-10-30 04:00:00,6.83,6.54,7.55,7.44,7.92,7.25,7.31,7.16,8.21,8.09
2022-10-30 05:00:00,6.41,6.05,7.13,7.26,8.17,7.37,7.88,7.41,7.25,7.49
2022-10-30 06:00:00,5.96,5.48,6.65,6.89,7.16,6.30,6.49,6.41,6.85,6.98
2022-10-30 07:00:00,5.66,5.10,6.20,6.34,6.55,5.76,5.91,5.95,7.47,7.01
2022-10-30 08:00:00,7.32,6.89,7.80,7.87,7.57,7.19,7.31,7.32,8.80,8.62
2022-10-30 09:00:00,7.78,7.28,7.76,7.81,7.96,8.11,7.86,7.79,7.86,7.87
2022-10-30 10:00:00,8.05,7.47,7.65,7.71,8.17,8.36,7.90,7.85,7.80,8.03
2022-10-30 11:00:00,8.96,8.13,8.03,8.31,8.94,9.03,8.68,8.60,8.72,9.16
2022-10-30 12:00:00,14.1,9.99,11.4,11.9,11.6,10.9,9.81,10.4,10.1,15.2
2022-10-30 13:00:00,16.1,13.4,15.5,15.2,15.4,13.9,12.8,13.4,13.7,17.9
2022-10-30 14:00:00,16.7,13.8,15.4,15.6,15.7,15.8,16.0,14.9,15.2,17.3
2022-10-30 15:00:00,15.9,14.6,17.0,18.2,15.4,15.8,16.8,14.9,17.1,17.1
2022-10-30 16:00:00,15.9,15.0,15.8,17.0,15.7,15.8,15.5,15.2,16.1,16.6
2022-10-30 17:00:00,16.0,15.3,15.5,16.7,16.0,15.8,15.5,15.2,15.2,16.2
2022-10-30 18:00:00,14.6,14.1,14.4,16.1,16.6,15.6,14.7,14.5,14.7,15.9
2022-10-30 19:00:00,12.4,12.0,12.4,12.5,13.7,13.2,13.0,12.8,13.0,13.5
2022-10-30 20:00:00,10.7,10.3,10.5,10.5,11.6,11.1,11.1,10.9,10.8,11.0
2022-10-30 21:00:00,10.6,10.1,10.3,10.4,11.6,11.4,11.2,11.1,10.9,11.0
2022-10-30 22:00:00,10.1,9.66,10.4,10.3,11.6,11.3,11.3,11.0,11.6,11.6
2022-10-30 23:00:00,9.20,8.75,9.67,9.41,10.2,9.80,9.91,9.70,10.7,10.9
2022-10-31 00:00:00,8.96,8.45,9.27,9.03,10.0,9.45,9.54,9.42,9.96,10.2
2022-10-31 01:00:00,9.23,8.70,9.46,9.37,10.2,9.61,9.76,9.61,10.0,10.3
2022-10-31 02:00:00,9.26,8.72,9.65,9.56,10.5,9.92,10.1,9.93,10.3,10.6
2022-10-31 03:00:00,9.11,8.57,9.43,9.51,10.3,9.87,9.91,9.81,10.1,10.5
2022-10-31 04:00:00,8.92,8.44,9.23,9.20,10.2,9.78,9.93,9.65,9.64,9.93
2022-10-31 05:00:00,9.26,8.91,9.36,9.35,10.4,10.1,10.1,9.89,10.2,10.3
2022-10-31 06:00:00,8.97,8.63,9.16,9.09,10.2,9.89,10.1,9.74,10.7,10.7
2022-10-31 07:00:00,9.66,9.40,9.71,9.64,10.7,10.6,10.6,10.4,10.8,10.9
2022-10-31 08:00:00,10.1,9.77,10.0,9.92,10.9,10.9,10.8,10.6,10.7,10.8
2022-10-31 09:00:00,10.4,10.1,10.3,10.1,11.0,11.0,10.9,10.7,10.7,10.8
2022-10-31 10:00:00,10.4,10.1,10.5,10.3,10.8,10.7,10.8,10.6,11.0,11.2
2022-10-31 11:00:00,11.0,10.7,10.9,10.8,11.3,11.3,11.3,11.0,10.9,11.3
2022-10-31 12:00:00,11.6,11.2,11.3,11.3,11.6,11.7,11.7,11.4,11.2,11.5
2022-10-31 13:00:00,12.4,11.9,12.1,12.1,12.2,12.5,12.2,12.2,11.7,11.9
2022-10-31 14:00:00,13.0,12.6,12.8,12.5,12.8,13.2,13.2,12.8,12.3,12.9
2022-10-31 15:00:00,12.7,12.3,12.6,12.4,12.7,13.1,13.1,12.6,12.2,12.6
2022-10-31 16:00:00,13.2,12.7,12.9,12.8,13.0,13.4,13.4,13.0,12.5,12.9
2022-10-31 17:00:00,13.1,12.5,12.8,12.7,12.9,13.2,13.1,12.9,12.5,12.8
2022-10-31 18:00:00,12.5,11.9,12.1,12.1,12.4,12.6,12.4,12.4,11.9,12.1
2022-10-31 19:00:00,11.9,11.4,11.5,11.5,11.9,12.0,11.8,11.7,11.6,11.7
2022-10-31 20:00:00,11.9,11.4,11.6,11.6,11.9,12.1,11.8,11.7,11.8,11.9
2022-10-31 21:00:00,11.9,11.5,11.6,11.6,12.2,12.4,11.9,11.8,12.2,12.5
2022-10-31 22:00:00,12.1,11.7,11.9,11.8,12.4,12.6,12.1,12.1,12.5,12.9
2022-10-31 23:00:00,12.4,12.0,12.2,12.0,12.6,12.7,12.6,12.4,12.7,13.0
2022-11-01 00:00:00,12.5,12.1,12.4,12.2,12.7,12.6,12.7,12.5,12.9,13.4
2022-11-01 01:00:00,12.6,12.3,12.5,12.3,12.9,12.9,12.9,12.7,13.2,13.6
2022-11-01 02:00:00,12.8,12.5,13.0,12.7,13.3,13.5,13.3,13.2,13.3,13.5
2022-11-01 03:00:00,13.0,12.7,13.1,12.8,13.3,13.4,13.3,13.1,13.1,13.4
2022-11-01 04:00:00,13.5,13.2,13.3,12.9,13.8,14.0,13.7,13.7,13.6,13.7
2022-11-01 05:00:00,14.0,13.7,13.6,13.4,14.0,14.2,13.9,14.0,14.0,14.2
2022-11-01 06:00:00,13.8,13.5,13.5,13.3,13.8,13.9,13.7,13.6,13.7,13.9
2022-11-01 07:00:00,13.8,13.6,13.7,13.4,13.9,13.9,13.9,13.7,14.1,14.3
2022-11-01 08:00:00,14.0,13.9,13.9,13.6,14.3,14.4,14.3,14.2,14.6,14.8
2022-11-01 09:00:00,14.5,14.5,14.5,14.3,14.8,15.0,14.8,14.7,15.0,15.3
2022-11-01 10:00:00,15.3,15.1,15.1,15.0,15.2,15.3,15.2,15.1,15.2,15.5
2022-11-01 11:00:00,15.8,15.3,15.7,15.4,15.6,15.6,15.4,15.2,15.6,15.9
2022-11-01 12:00:00,16.2,15.6,15.7,15.4,15.8,15.6,15.8,15.4,15.5,16.4
2022-11-01 13:00:00,18.9,16.8,18.3,17.9,18.2,17.0,17.2,16.8,17.4,19.5
2022-11-01 14:00:00,22.3,17.4,19.7,20.8,19.3,19.3,21.3,18.7,20.0,22.3
2022-11-01 15:00:00,20.5,18.6,21.0,23.1,19.0,19.2,20.7,18.7,21.9,21.0
2022-11-01 16:00:00,18.6,18.5,19.3,21.8,18.7,18.9,18.7,18.3,19.1,19.3
2022-11-01 17:00:00,18.0,17.8,18.0,20.2,18.3,17.9,17.7,17.4,17.5,18.7
2022-11-01 18:00:00,17.4,16.9,17.5,19.1,19.7,18.5,17.6,17.3,17.6,18.5
2022-11-01 19:00:00,17.0,16.6,16.3,16.5,17.8,17.7,17.4,17.2,17.4,17.7
2022-11-01 20:00:00,16.8,17.0,15.6,15.9,17.4,17.1,17.2,17.0,17.5,17.8
2022-11-01 21:00:00,15.8,15.9,15.2,15.4,16.3,16.0,16.1,16.0,16.6,17.0
2022-11-01 22:00:00,15.0,14.8,14.3,14.6,15.7,15.1,15.2,15.1,15.6,15.9
2022-11-01 23:00:00,14.2,13.9,13.6,13.8,14.7,14.1,14.3,14.0,15.0,15.2
2022-11-02 00:00:00,13.0,12.7,12.7,12.6,13.7,13.3,13.4,13.0,14.1,13.8
2022-11-02 01:00:00,11.6,11.1,11.7,11.6,13.6,13.1,13.2,12.9,12.8,12.6
2022-11-02 02:00:00,11.0,10.8,11.0,11.0,13.4,12.8,13.0,12.8,12.0,11.9
2022-11-02 03:00:00,10.8,10.7,10.2,10.2,13.0,12.3,12.5,12.3,11.6,11.5
2022-11-02 04:00:00,10.2,9.81,9.64,9.64,12.2,11.6,11.8,11.4,11.4,11.2
2022-11-02 05:00:00,11.0,11.1,9.52,9.69,12.1,11.3,11.4,11.2,12.0,11.7
2022-11-02 06:00:00,10.4,10.5,9.54,9.71,11.8,10.9,11.1,10.9,11.8,12.0
2022-11-02 07:00:00,9.85,9.74,9.69,9.64,11.2,10.6,10.7,10.4,11.1,11.2
2022-11-02 08:00:00,8.51,8.13,8.84,8.51,10.7,10.2,10.3,9.98,9.91,10.1
2022-11-02 09:00:00,8.90,8.69,9.82,9.46,10.4,10.1,10.4,9.96,10.2,10.3
2022-11-02 10:00:00,10.7,10.8,13.1,12.7,11.5,11.3,11.3,11.0,12.0,12.0
2022-11-02 11:00:00,13.3,12.1,14.2,14.3,12.3,12.1,12.0,12.1,12.5,13.1
2022-11-02 12:00:00,19.1,14.3,16.9,16.5,15.3,14.6,13.7,14.2,14.1,19.3
2022-11-02 13:00:00,18.3,15.7,17.7,17.3,17.7,16.4,15.7,16.1,15.8,19.7
2022-11-02 14:00:00,19.2,14.7,17.4,17.9,16.5,17.8,19.8,16.1,16.8,20.0
2022-11-02 15:00:00,15.7,14.1,16.4,18.2,14.7,15.2,17.2,14.1,16.5,16.4
2022-11-02 16:00:00,14.8,14.3,14.7,19.0,14.7,14.7,14.6,14.1,15.5,15.9
2022-11-02 17:00:00,15.9,14.7,14.5,19.0,15.1,14.6,14.4,14.2,14.6,15.9
2022-11-02 18:00:00,14.0,13.2,13.5,16.3,16.1,14.7,13.9,13.6,13.8,14.7
2022-11-02 19:00:00,11.0,10.6,10.8,11.2,12.8,12.4,11.9,11.8,11.2,11.5
2022-11-02 20:00:00,9.97,9.34,9.71,9.90,10.8,10.5,10.2,10.0,9.79,9.94
2022-11-02 21:00:00,9.68,9.11,9.47,9.71,10.0,9.91,9.62,9.37,9.38,9.80
2022-11-02 22:00:00,9.63,9.17,9.44,9.47,9.90,9.88,9.79,9.35,9.40,9.73
2022-11-02 23:00:00,9.74,9.23,9.47,9.65,9.89,9.91,9.69,9.46,9.40,9.76
2022-11-03 00:00:00,9.83,9.20,9.41,9.66,9.96,10.0,9.65,9.44,9.42,9.85
2022-11-03 01:00:00,9.64,9.00,8.94,8.92,9.71,9.61,9.51,9.28,9.59,9.95
2022-11-03 02:00:00,9.43,8.80,8.61,8.57,9.42,9.32,9.38,9.15,9.31,9.65
2022-11-03 03:00:00,9.30,8.71,8.61,8.76,9.23,9.20,9.22,8.95,9.21,9.61
2022-11-03 04:00:00,9.16,8.64,8.72,8.74,9.39,9.44,9.21,9.00,9.08,9.51
2022-11-03 05:00:00,9.31,8.95,9.16,9.04,9.50,9.31,9.40,9.09,9.12,9.50
2022-11-03 06:00:00,9.18,9.04,9.27,8.82,9.37,8.82,9.18,8.93,8.88,9.27
2022-11-03 07:00:00,9.05,8.91,9.23,8.86,9.26,8.89,9.14,8.85,8.93,9.33
2022-11-03 08:00:00,9.13,9.07,9.53,9.01,9.48,9.13,9.42,9.11,9.07,9.51
2022-11-03 09:00:00,9.41,9.04,9.59,8.82,9.33,9.02,9.25,8.95,8.92,9.28
2022-11-03 10:00:00,9.88,9.32,10.1,9.32,9.62,9.14,9.49,9.22,9.14,9.60
2022-11-03 11:00:00,11.1,10.7,11.1,10.2,10.5,10.4,10.5,10.3,9.89,10.4
2022-11-03 12:00:00,11.4,11.7,12.4,11.4,11.6,12.0,11.7,11.6,10.7,11.3
2022-11-03 13:00:00,10.6,11.2,11.9,10.6,11.2,11.7,11.5,11.2,10.0,10.5
2022-11-03 14:00:00,10.2,10.8,11.4,9.95,10.7,11.2,11.2,10.5,9.42,10.0
2022-11-03 15:00:00,10.5,11.1,11.2,10.2,10.9,11.2,11.3,10.6,9.73,10.3
2022-11-03 16:00:00,10.9,11.3,11.4,10.6,11.1,11.5,11.6,10.8,10.2,10.9
2022-11-03 17:00:00,11.4,11.5,11.9,11.9,11.9,12.0,12.2,11.3,11.2,11.9
2022-11-03 18:00:00,12.3,11.9,12.4,13.7,14.2,13.2,12.8,12.4,12.6,13.4
2022-11-03 19:00:00,12.2,11.8,11.8,11.9,13.0,12.8,12.7,12.3,12.3,12.6
2022-11-03 20:00:00,10.9,10.7,11.1,10.9,12.7,12.4,12.4,12.4,12.2,12.4
2022-11-03 21:00:00,10.3,10.1,10.7,10.4,11.6,11.2,11.3,11.0,11.3,11.5
2022-11-03 22:00:00,9.83,9.56,9.90,9.61,10.6,10.4,10.4,10.1,9.82,10.1
2022-11-03 23:00:00,9.85,9.53,9.78,9.52,10.2,10.2,10.3,9.71,9.66,9.81
2022-11-04 00:00:00,9.89,9.57,9.82,9.56,10.2,10.3,10.4,9.74,9.78,10.1
2022-11-04 01:00:00,10.0,9.63,9.84,9.61,10.4,10.4,10.3,9.98,9.82,10.1
2022-11-04 02:00:00,10.1,9.62,9.73,9.64,10.3,10.1,10.1,9.90,9.85,10.1
2022-11-04 03:00:00,9.78,9.32,9.50,9.38,9.96,9.97,9.62,9.46,9.50,9.83
2022-11-04 04:00:00,9.63,9.23,9.46,9.24,9.60,9.73,9.60,9.30,9.15,9.39
2022-11-04 05:00:00,9.64,9.18,9.31,9.20,9.64,9.82,9.56,9.37,9.20,9.37
2022-11-04 06:00:00,9.55,8.98,9.05,9.04,9.65,9.83,9.40,9.26,9.24,9.35
2022-11-04 07:00:00,9.33,8.77,8.88,8.88,9.56,9.67,9.14,9.01,9.18,9.35
2022-11-04 08:00:00,9.14,8.69,8.92,8.85,9.26,9.19,9.14,8.89,9.44,9.60
2022-11-04 09:00:00,9.11,8.72,9.09,8.89,9.16,8.97,9.02,8.73,10.1,10.0
2022-11-04 10:00:00,10.1,9.80,11.4,10.8,10.2,10.1,10.1,9.89,11.1,11.2
2022-11-04 11:00:00,13.7,12.9,15.2,14.4,13.1,13.2,13.1,13.1,13.3,13.6
2022-11-04 12:00:00,18.7,16.3,18.3,16.7,16.1,16.3,15.7,15.8,15.6,18.9
2022-11-04 13:00:00,19.4,18.3,19.8,18.1,18.4,18.6,18.1,17.9,17.3,19.4
2022-11-04 14:00:00,20.5,19.0,20.2,19.1,19.1,19.9,19.9,18.8,18.5,19.9
2022-11-04 15:00:00,19.4,19.2,19.9,19.0,19.0,19.6,19.3,18.8,18.7,19.3
2022-11-04 16:00:00,19.9,19.8,20.1,20.0,19.6,20.0,19.8,19.4,19.4,19.9
2022-11-04 17:00:00,20.7,20.5,20.5,21.5,20.4,20.4,20.1,20.0,20.1,20.8
2022-11-04 18:00:00,19.5,19.3,19.5,19.7,20.0,19.8,19.6,19.4,19.5,19.8
2022-11-04 19:00:00,18.7,18.5,18.5,18.3,19.2,19.0,19.0,18.9,18.7,18.9
2022-11-04 20:00:00,18.0,17.8,17.6,17.4,18.4,18.3,18.3,18.1,17.9,18.1
2022-11-04 21:00:00,17.5,17.2,16.9,16.7,17.9,17.7,17.8,17.6,17.5,17.7
2022-11-04 22:00:00,16.7,16.5,16.7,16.8,18.1,18.0,18.0,17.9,17.7,17.7
2022-11-04 23:00:00,17.1,17.0,16.8,16.9,18.1,18.0,18.0,17.9,17.6,17.7
2022-11-05 00:00:00,17.1,16.9,16.5,16.8,17.9,17.7,17.8,17.7,17.5,17.6
2022-11-05 01:00:00,17.3,17.1,17.0,17.4,18.0,17.7,17.8,17.8,17.9,17.9
2022-11-05 02:00:00,17.5,17.1,17.0,17.2,17.9,17.7,17.8,17.7,17.9,17.9
2022-11-05 03:00:00,16.8,16.5,16.5,16.6,17.3,17.1,17.2,17.0,17.3,17.3
2022-11-05 04:00:00,16.3,16.0,15.8,15.9,16.8,16.5,16.7,16.5,16.6,16.7
2022-11-05 05:00:00,16.3,16.0,15.7,16.0,16.7,16.5,16.6,16.5,16.6,16.6
2022-11-05 06:00:00,16.3,16.0,15.6,15.9,16.7,16.5,16.6,16.5,16.5,16.6
2022-11-05 07:00:00,16.3,16.0,15.8,16.0,16.6,16.4,16.5,16.4,16.6,16.6
2022-11-05 08:00:00,16.4,16.1,15.9,16.1,16.7,16.5,16.6,16.5,16.7,16.6
2022-11-05 09:00:00,16.5,16.3,16.3,16.4,17.0,16.8,16.8,16.7,16.9,16.9
2022-11-05 10:00:00,17.5,17.3,17.9,17.3,17.5,17.6,17.5,17.3,17.4,17.6
2022-11-05 11:00:00,18.8,18.6,19.2,18.3,18.4,18.5,18.5,18.1,18.2,18.6
2022-11-05 12:00:00,19.5,19.4,19.8,19.0,19.3,19.5,19.4,19.1,19.0,19.4
2022-11-05 13:00:00,20.9,20.7,21.3,20.4,20.7,21.0,20.8,20.5,20.2,21.1
2022-11-05 14:00:00,23.2,21.5,22.5,21.9,21.4,22.6,23.2,21.5,21.7,22.8
2022-11-05 15:00:00,23.3,22.3,23.4,23.4,22.2,23.0,23.9,22.1,23.0,23.1
2022-11-05 16:00:00,23.3,23.1,23.6,25.2,23.2,23.4,23.4,23.1,23.6,24.3
2022-11-05 17:00:00,23.9,23.6,23.5,24.9,23.3,23.4,23.3,23.1,23.3,24.0
2022-11-05 18:00:00,23.5,23.1,23.2,23.7,24.0,23.7,23.4,23.4,23.7,23.9
2022-11-05 19:00:00,23.4,23.2,23.2,23.3,24.0,23.8,23.7,23.8,24.3,24.2
2022-11-05 20:00:00,23.0,22.8,22.8,22.8,23.7,23.4,23.4,23.6,24.1,24.0
2022-11-05 21:00:00,22.5,22.3,22.3,22.3,23.3,23.0,22.9,23.1,23.7,23.5
2022-11-05 22:00:00,22.3,22.1,22.0,22.0,23.2,22.8,22.7,22.9,23.4,23.2
2022-11-05 23:00:00,21.7,21.5,21.5,21.3,21.8,21.7,21.6,21.4,21.6,21.7
2022-11-06 00:00:00,21.4,21.3,21.2,21.1,21.5,21.5,21.4,21.3,21.5,21.5
2022-11-06 01:00:00,19.9,19.6,19.4,19.1,19.5,19.6,19.3,19.3,19.2,19.5
2022-11-06 01:00:00,18.4,18.1,17.8,17.5,18.2,18.4,18.2,18.1,17.8,18.4
2022-11-06 02:00:00,18.0,17.9,17.5,17.4,18.2,18.3,18.1,18.0,18.0,18.4
2022-11-06 03:00:00,17.5,17.3,17.1,16.9,17.9,18.0,17.8,17.7,17.7,17.8
2022-11-06 04:00:00,16.5,16.3,16.1,16.0,17.2,17.2,17.0,16.9,16.7,16.7
2022-11-06 05:00:00,15.9,15.7,16.0,16.1,17.1,17.0,17.0,16.8,17.3,17.3
2022-11-06 06:00:00,16.3,16.2,15.9,16.0,16.7,16.6,16.4,16.3,16.9,16.9
2022-11-06 07:00:00,15.6,15.5,15.2,15.1,15.9,15.6,15.6,15.4,16.1,16.0
2022-11-06 08:00:00,15.2,15.0,15.0,14.8,15.4,15.1,15.0,14.9,15.5,15.5
2022-11-06 09:00:00,15.5,15.3,16.6,15.8,15.5,15.1,15.0,15.0,15.6,15.6
2022-11-06 10:00:00,16.4,15.8,17.1,16.1,15.8,15.5,15.3,15.4,15.7,16.0
2022-11-06 11:00:00,18.5,16.8,17.8,16.6,16.7,16.5,16.1,16.3,16.1,17.4
2022-11-06 12:00:00,19.4,18.4,19.3,17.9,17.9,18.1,17.5,17.7,17.2,18.3
2022-11-06 13:00:00,21.1,18.1,20.1,19.0,18.1,20.0,20.8,18.4,18.2,19.8
2022-11-06 14:00:00,19.4,18.1,20.0,19.3,18.1,19.1,20.4,17.9,18.4,18.6
2022-11-06 15:00:00,19.3,19.0,19.2,18.4,18.7,19.3,18.9,18.7,18.3,18.9
2022-11-06 16:00:00,19.3,18.9,18.8,18.1,18.7,19.1,18.8,18.6,18.3,18.7
2022-11-06 17:00:00,18.5,18.1,18.1,17.7,18.3,18.5,18.2,18.1,18.1,18.3
2022-11-06 18:00:00,17.6,17.2,17.3,16.9,17.5,17.5,17.3,17.2,17.4,17.5
2022-11-06 19:00:00,16.8,16.5,16.5,16.3,16.9,16.9,16.7,16.7,17.0,17.0
2022-11-06 20:00:00,16.4,16.1,15.9,15.7,16.4,16.4,16.1,16.1,16.5,16.4
2022-11-06 21:00:00,15.8,15.5,15.2,15.2,15.9,15.8,15.6,15.5,16.1,16.0
2022-11-06 22:00:00,15.5,15.3,14.7,14.6,15.4,15.4,15.3,15.1,15.6,15.5
2022-11-06 23:00:00,15.5,15.3,14.6,14.7,15.5,15.4,15.4,15.2,15.7,15.6
2022-11-07 00:00:00,14.5,14.4,13.9,13.8,15.1,14.9,14.8,14.7,14.7,14.7
2022-11-07 01:00:00,13.4,13.2,12.7,12.5,14.1,13.9,13.7,13.7,13.4,13.4
2022-11-07 02:00:00,13.8,13.6,12.3,12.3,13.7,13.6,13.4,13.3,13.5,13.3
2022-11-07 03:00:00,14.2,14.0,12.4,12.4,14.0,13.8,13.8,13.6,13.8,13.8
2022-11-07 04:00:00,14.0,13.8,13.0,13.0,14.1,13.7,13.8,13.7,14.3,14.2
2022-11-07 05:00:00,13.4,13.2,12.8,12.8,13.5,13.1,13.1,13.0,13.7,13.7
2022-11-07 06:00:00,12.6,12.4,12.2,12.1,12.8,12.2,12.4,12.2,12.9,13.0
2022-11-07 07:00:00,12.0,11.8,11.6,11.4,12.1,11.6,11.7,11.6,12.4,12.3
2022-11-07 08:00:00,11.6,11.4,11.5,11.2,11.7,11.3,11.3,11.1,11.9,11.7
2022-11-07 09:00:00,11.8,11.6,13.7,13.1,11.8,11.3,11.4,11.2,12.0,12.0
2022-11-07 10:00:00,13.4,12.3,15.3,14.4,12.2,11.5,11.8,11.7,12.3,12.7
2022-11-07 11:00:00,15.7,13.0,16.1,15.3,13.2,12.3,12.2,12.3,12.8,16.0
2022-11-07 12:00:00,15.6,13.7,16.8,16.0,14.9,13.3,13.3,13.2,14.2,16.1
2022-11-07 13:00:00,16.9,13.1,16.1,16.3,13.9,13.7,15.0,13.3,14.8,16.0
2022-11-07 14:00:00,14.9,13.2,15.8,17.7,13.4,13.0,14.1,12.9,15.1,14.2
2022-11-07 15:00:00,13.0,12.6,14.0,17.3,12.9,12.4,12.5,12.4,13.7,13.7
2022-11-07 16:00:00,12.9,12.0,12.7,15.6,12.1,11.3,11.5,11.4,12.1,12.8
2022-11-07 17:00:00,11.1,10.4,11.2,12.6,11.2,10.4,10.4,10.3,11.1,11.6
2022-11-07 18:00:00,10.0,9.46,10.1,10.2,9.76,9.40,9.35,9.31,10.2,10.3
2022-11-07 19:00:00,9.38,8.90,9.46,9.48,9.43,8.86,8.91,8.82,9.61,9.65
2022-11-07 20:00:00,8.94,8.46,9.04,8.98,9.20,8.52,8.67,8.57,9.17,9.23
2022-11-07 21:00:00,8.51,8.03,8.70,8.51,8.64,8.01,8.25,8.19,8.69,8.85
2022-11-07 22:00:00,7.85,7.40,8.03,7.86,7.93,7.38,7.53,7.42,8.06,8.34
2022-11-07 23:00:00,7.30,6.88,7.38,7.31,7.43,6.77,6.99,6.85,7.52,7.74
2022-11-08 00:00:00,6.89,6.48,6.81,6.90,7.00,6.48,6.58,6.45,7.11,7.20
2022-11-08 01:00:00,6.62,6.28,6.44,6.53,6.77,6.32,6.35,6.18,6.88,6.96
2022-11-08 02:00:00,6.57,6.27,6.42,6.53,6.66,6.30,6.22,6.12,6.90,6.95
2022-11-08 03:00:00,6.55,6.29,6.49,6.43,6.60,6.31,6.19,6.09,6.96,7.06
2022-11-08 04:00:00,6.60,6.38,6.68,6.70,6.80,6.55,6.49,6.34,7.21,7.43
2022-11-08 05:00:00,6.30,6.09,6.57,6.45,6.54,6.27,6.19,5.98,7.02,7.19
2022-11-08 06:00:00,5.84,5.68,6.18,5.97,6.05,5.75,5.67,5.42,6.70,6.81
2022-11-08 07:00:00,5.60,5.45,5.71,5.45,6.29,5.94,5.93,5.64,6.85,6.95
2022-11-08 08:00:00,5.28,5.10,5.51,5.51,5.89,5.91,5.77,5.40,6.54,6.50
2022-11-08 09:00:00,5.83,5.61,6.33,6.38,6.06,6.16,5.92,5.63,6.58,6.36
2022-11-08 10:00:00,7.59,6.27,6.91,6.89,6.56,6.45,6.15,6.20,6.68,6.69
2022-11-08 11:00:00,11.5,7.27,7.64,7.43,8.00,7.41,6.86,7.17,7.38,10.8
2022-11-08 12:00:00,11.4,8.59,9.29,9.23,10.7,9.22,8.88,8.88,9.62,11.7
2022-11-08 13:00:00,14.9,8.97,10.4,11.5,10.7,12.1,13.4,10.3,12.3,13.2
2022-11-08 14:00:00,12.0,9.40,10.7,12.8,9.97,10.7,12.4,9.44,13.1,11.2
2022-11-08 15:00:00,10.3,9.77,10.2,13.5,10.3,10.3,10.1,9.67,11.9,11.3
2022-11-08 16:00:00,11.3,10.0,10.2,14.3,10.6,10.3,10.2,9.88,10.6,11.8
2022-11-08 17:00:00,8.56,7.88,8.46,10.3,9.95,9.05,8.83,8.43,8.73,9.73
2022-11-08 18:00:00,7.70,6.99,7.46,7.97,8.34,7.98,7.85,7.47,7.95,8.25
2022-11-08 19:00:00,7.07,6.51,6.94,7.10,7.86,7.58,7.42,7.11,7.55,7.80
2022-11-08 20:00:00,6.67,6.24,6.55,6.74,7.56,7.37,7.15,6.96,7.21,7.37
2022-11-08 21:00:00,6.29,6.02,6.19,6.41,7.45,7.32,6.99,6.84,6.93,6.95
2022-11-08 22:00:00,6.06,5.82,6.18,6.40,7.26,7.05,7.10,6.68,7.05,7.05
2022-11-08 23:00:00,5.44,5.34,6.01,6.23,6.86,6.78,6.89,6.43,7.07,7.03
2022-11-09 00:00:00,5.94,5.76,6.14,6.22,6.29,6.03,6.14,5.73,6.99,7.04
2022-11-09 01:00:00,6.17,5.85,6.06,6.09,6.86,6.78,6.77,6.41,6.86,6.84
2022-11-09 02:00:00,6.41,6.10,6.24,6.25,7.08,7.04,6.96,6.63,6.98,6.98
2022-11-09 03:00:00,6.75,6.47,6.61,6.58,7.37,7.36,7.30,6.99,7.15,7.20
2022-11-09 04:00:00,6.26,5.96,6.17,6.06,6.95,6.84,6.82,6.45,6.71,6.82
2022-11-09 05:00:00,5.78,5.48,5.63,5.60,6.53,6.38,6.33,6.05,6.31,6.28
2022-11-09 06:00:00,5.53,5.24,5.45,5.38,6.32,6.17,6.13,5.84,6.08,6.03
2022-11-09 07:00:00,5.66,5.34,5.44,5.44,6.32,6.23,6.14,5.86,6.16,6.04
2022-11-09 08:00:00,6.04,5.66,5.92,5.93,6.58,6.55,6.48,6.20,6.49,6.37
2022-11-09 09:00:00,7.05,6.65,8.06,7.90,7.24,7.28,7.20,6.93,7.31,7.23
2022-11-09 10:00:00,9.11,7.94,9.72,9.61,8.28,8.20,8.11,8.13,8.14,8.45
2022-11-09 11:00:00,13.4,9.59,11.4,11.5,10.3,9.78,9.28,9.62,9.40,13.0
2022-11-09 12:00:00,13.4,11.0,13.2,13.2,13.4,11.5,11.3,11.3,11.4,14.7
2022-11-09 13:00:00,16.4,11.2,13.8,14.3,13.4,14.5,16.8,12.8,13.9,16.1
2022-11-09 14:00:00,14.1,12.0,14.1,15.7,12.8,13.6,15.7,12.4,14.8,13.9
2022-11-09 15:00:00,13.3,12.9,13.7,17.0,13.4,13.5,13.5,13.0,14.3,14.5
2022-11-09 16:00:00,14.0,12.7,12.9,16.9,13.4,13.2,13.1,13.0,13.7,15.3
2022-11-09 17:00:00,12.1,11.3,11.7,13.9,13.1,12.2,12.2,11.8,12.2,13.4
2022-11-09 18:00:00,10.5,9.86,10.2,10.6,11.3,10.8,10.9,10.6,10.7,10.7
2022-11-09 19:00:00,9.51,9.04,9.36,9.52,10.6,10.2,10.3,10.1,10.0,9.99
2022-11-09 20:00:00,9.34,8.87,9.10,9.33,10.5,10.1,10.2,10.0,9.85,9.90
2022-11-09 21:00:00,9.14,8.93,8.95,9.22,10.3,9.90,10.2,9.85,10.2,10.3
2022-11-09 22:00:00,9.12,8.92,8.93,8.90,11.1,10.7,11.0,10.9,11.1,11.2
2022-11-09 23:00:00,8.25,7.78,8.53,8.04,11.4,11.2,11.3,11.2,11.0,11.2
2022-11-10 00:00:00,7.58,7.18,8.28,7.92,11.6,11.6,11.6,11.3,11.2,11.3
2022-11-10 01:00:00,7.59,7.13,8.66,8.29,11.7,11.8,11.7,11.5,11.4,11.4
2022-11-10 02:00:00,9.14,8.66,10.5,10.6,12.3,12.3,12.2,12.2,11.9,11.8
2022-11-10 03:00:00,10.8,10.7,11.5,11.9,13.0,13.0,13.0,12.9,12.9,12.8
2022-11-10 04:00:00,12.1,11.8,11.9,12.3,13.2,13.2,13.2,13.1,13.1,13.1
2022-11-10 05:00:00,11.6,11.2,11.6,11.9,13.0,13.1,13.0,12.9,12.9,12.9
2022-11-10 06:00:00,11.8,11.4,12.0,12.2,13.3,13.4,13.3,13.2,13.2,13.2
2022-11-10 07:00:00,12.7,12.6,12.8,12.8,13.6,13.7,13.5,13.4,13.6,13.6
2022-11-10 08:00:00,13.2,13.1,13.0,12.8,13.6,13.7,13.6,13.5,13.5,13.5
2022-11-10 09:00:00,14.2,14.1,14.2,13.6,14.1,14.2,14.0,14.0,14.0,14.1
2022-11-10 10:00:00,16.6,16.1,17.3,15.7,15.2,15.2,14.9,15.2,15.0,15.5
2022-11-10 11:00:00,19.9,16.8,18.5,16.8,16.3,15.9,15.5,15.8,15.8,18.7
2022-11-10 12:00:00,19.5,18.2,19.6,18.0,18.8,17.6,17.4,17.4,17.2,19.1
2022-11-10 13:00:00,21.5,18.0,20.0,18.9,18.7,20.0,21.3,18.2,18.4,19.8
2022-11-10 14:00:00,19.6,18.2,19.9,20.1,18.2,18.9,20.5,17.9,19.2,18.9
2022-11-10 15:00:00,18.6,18.3,19.1,20.7,18.5,18.7,18.6,18.2,19.0,19.3
2022-11-10 16:00:00,18.7,18.3,18.7,19.6,18.6,18.8,18.6,18.3,18.4,19.2
2022-11-10 17:00:00,17.7,17.4,17.8,18.0,18.2,18.0,17.8,17.6,17.8,18.3
2022-11-10 18:00:00,17.1,16.7,16.9,16.8,17.5,17.3,17.3,17.1,17.3,17.4
2022-11-10 19:00:00,16.8,16.5,16.7,16.8,17.8,17.7,17.6,17.5,17.8,17.8
2022-11-10 20:00:00,16.3,16.1,15.9,15.8,17.6,17.5,17.4,17.3,16.9,17.0
2022-11-10 21:00:00,15.4,14.9,15.0,15.2,17.5,17.3,17.3,17.2,16.9,16.9
2022-11-10 22:00:00,15.3,15.0,14.9,15.4,17.3,17.2,17.2,17.1,16.7,16.8
2022-11-10 23:00:00,15.8,15.5,15.2,15.4,16.7,16.5,16.5,16.5,16.2,16.2
2022-11-11 00:00:00,15.6,15.4,15.1,15.3,16.6,16.5,16.5,16.4,15.9,15.9
2022-11-11 01:00:00,15.6,15.2,15.0,15.2,16.4,16.2,16.2,16.1,15.9,15.9
2022-11-11 02:00:00,15.2,14.9,14.6,14.8,15.8,15.7,15.7,15.6,15.4,15.5
2022-11-11 03:00:00,14.3,13.8,14.4,14.7,15.9,15.8,15.8,15.7,15.6,15.6
2022-11-11 04:00:00,13.8,13.3,14.1,14.5,15.8,15.7,15.8,15.7,15.5,15.6
2022-11-11 05:00:00,14.5,14.0,14.0,14.5,15.7,15.5,15.6,15.5,15.5,15.6
2022-11-11 06:00:00,14.7,14.3,14.2,14.5,15.4,15.2,15.3,15.1,15.4,15.4
2022-11-11 07:00:00,13.0,12.6,13.0,12.8,15.2,14.8,14.9,14.9,15.1,15.2
2022-11-11 08:00:00,12.6,12.4,12.8,12.5,14.9,14.5,14.8,14.5,14.8,14.8
2022-11-11 09:00:00,13.5,13.2,13.6,13.4,14.8,14.7,14.8,14.5,14.4,14.5
2022-11-11 10:00:00,14.7,14.4,14.6,14.4,16.0,15.9,15.8,15.7,15.4,15.6
2022-11-11 11:00:00,15.7,15.3,15.5,15.2,16.0,16.2,16.0,16.0,15.7,16.0
2022-11-11 12:00:00,15.6,15.2,15.3,15.0,15.7,15.8,15.7,15.6,15.2,15.6
2022-11-11 13:00:00,14.8,14.4,14.6,14.5,14.9,15.1,14.8,14.7,14.6,14.8
2022-11-11 14:00:00,14.3,13.8,14.0,14.0,14.2,14.4,14.2,14.1,14.1,14.2
2022-11-11 15:00:00,13.9,13.3,13.5,13.4,13.8,14.0,13.8,13.7,13.7,13.7
2022-11-11 16:00:00,13.8,13.2,13.2,13.2,13.7,13.9,13.7,13.5,13.8,13.7
2022-11-11 17:00:00,14.0,13.5,13.5,13.6,14.0,14.2,14.0,13.8,14.1,14.1
2022-11-11 18:00:00,14.3,13.9,14.0,13.9,14.4,14.6,14.4,14.2,14.5,14.6
2022-11-11 19:00:00,14.7,14.3,14.5,14.4,14.9,15.0,14.9,14.7,14.9,15.0
2022-11-11 20:00:00,15.0,14.6,14.9,14.6,15.2,15.0,14.9,14.8,15.0,15.2
2022-11-11 21:00:00,14.7,14.2,14.5,13.9,14.8,14.5,14.4,14.2,14.6,14.8
2022-11-11 22:00:00,14.3,13.9,14.1,13.5,14.4,14.3,14.1,13.9,14.3,14.6
2022-11-11 23:00:00,14.4,14.1,14.4,14.0,14.6,14.5,14.3,14.2,14.6,14.9
2022-11-12 00:00:00,14.3,13.9,14.3,13.8,14.2,13.9,13.9,13.8,14.3,14.7
2022-11-12 01:00:00,13.1,12.8,13.1,12.6,13.0,12.6,12.7,12.6,13.1,13.5
2022-11-12 02:00:00,12.3,12.0,12.2,11.7,12.2,11.8,12.0,11.9,12.5,12.8
2022-11-12 03:00:00,12.2,11.9,12.1,11.6,12.0,11.8,11.7,11.7,12.3,12.5
2022-11-12 04:00:00,11.7,11.5,11.6,11.2,11.5,11.2,11.2,11.2,11.7,11.9
2022-11-12 05:00:00,11.0,10.7,11.1,10.7,10.8,10.4,10.5,10.4,11.0,11.1
2022-11-12 06:00:00,10.1,9.83,10.2,9.82,10.0,9.39,9.63,9.55,10.1,10.2
2022-11-12 07:00:00,8.70,8.46,8.83,8.54,8.88,8.38,8.38,8.23,8.96,8.99
2022-11-12 08:00:00,8.13,7.93,8.22,7.86,8.32,8.04,7.89,7.76,8.39,8.22
2022-11-12 09:00:00,8.56,8.36,9.99,9.04,8.62,8.34,8.20,8.12,8.63,8.53
2022-11-12 10:00:00,9.61,9.11,10.8,9.67,9.31,8.88,8.81,8.82,9.10,9.31
2022-11-12 11:00:00,10.6,9.68,11.5,10.2,9.69,9.49,9.21,9.19,9.50,10.1
2022-11-12 12:00:00,10.4,9.85,11.6,10.8,10.2,9.84,9.60,9.61,9.89,10.2
2022-11-12 13:00:00,10.4,9.84,11.3,10.9,10.1,9.61,9.79,9.61,10.0,10.3
2022-11-12 14:00:00,9.65,9.22,10.5,9.99,9.46,9.17,9.04,8.98,9.45,9.55
2022-11-12 15:00:00,9.02,8.66,9.80,9.09,8.91,8.51,8.45,8.43,8.84,8.97
2022-11-12 16:00:00,8.45,7.99,8.98,8.68,8.28,7.77,7.90,7.87,8.18,8.34
2022-11-12 17:00:00,7.86,7.42,8.37,8.06,7.81,7.50,7.39,7.40,7.85,7.95
2022-11-12 18:00:00,6.95,6.47,7.46,7.08,6.75,6.34,6.44,6.31,6.89,6.94
2022-11-12 19:00:00,5.78,5.33,6.12,5.24,5.60,5.41,5.26,5.21,5.57,5.28
2022-11-12 20:00:00,5.14,4.78,5.44,4.57,5.12,4.98,4.69,4.72,4.90,4.57
2022-11-12 21:00:00,4.79,4.47,5.16,4.42,4.72,4.66,4.32,4.30,4.82,4.60
2022-11-12 22:00:00,4.81,4.52,5.18,4.35,4.89,4.69,4.41,4.43,4.74,4.54
2022-11-12 23:00:00,4.83,4.54,5.02,4.36,4.88,4.73,4.52,4.47,4.82,4.67
2022-11-13 00:00:00,4.79,4.53,5.02,4.69,4.90,4.76,4.51,4.44,5.09,4.99
2022-11-13 01:00:00,5.03,4.59,5.06,4.89,4.81,4.49,4.44,4.46,5.06,5.15
2022-11-13 02:00:00,4.81,4.45,4.82,4.73,4.64,4.25,4.33,4.33,4.74,4.76
2022-11-13 03:00:00,4.55,4.09,4.43,4.32,4.46,4.10,4.12,4.09,4.67,4.69
2022-11-13 04:00:00,4.23,3.86,4.04,4.10,4.20,4.04,3.91,3.89,4.43,4.56
2022-11-13 05:00:00,3.94,3.64,3.67,3.70,4.03,3.71,3.87,3.80,4.20,4.53
2022-11-13 06:00:00,3.83,3.43,3.59,3.58,3.87,3.54,3.67,3.63,3.99,4.25
2022-11-13 07:00:00,3.52,3.19,3.17,3.19,3.66,3.37,3.44,3.38,3.86,4.21
2022-11-13 08:00:00,3.24,3.00,2.90,2.73,3.37,3.21,3.33,3.14,3.47,3.82
2022-11-13 09:00:00,3.07,2.67,2.47,2.38,2.93,2.82,2.91,2.71,3.02,3.34
2022-11-13 10:00:00,3.29,2.91,2.62,2.37,3.16,2.99,3.13,2.95,3.09,3.43
2022-11-13 11:00:00,3.78,3.46,3.27,3.34,3.59,3.35,3.55,3.43,3.61,3.92
2022-11-13 12:00:00,4.51,4.03,3.90,3.90,4.01,3.93,3.70,3.74,4.13,4.36
2022-11-13 13:00:00,5.32,4.60,5.09,5.01,4.77,4.25,4.51,4.52,4.59,4.73
2022-11-13 14:00:00,5.71,4.85,5.55,5.77,4.98,4.61,4.71,4.71,5.05,5.28
2022-11-13 15:00:00,5.42,4.74,5.71,6.00,5.16,4.74,4.82,4.82,5.27,5.40
2022-11-13 16:00:00,5.37,4.76,5.23,5.09,4.76,4.62,4.39,4.46,5.01,5.13
2022-11-13 17:00:00,3.87,3.44,3.63,3.41,3.68,3.41,3.38,3.29,3.87,4.08
2022-11-13 18:00:00,3.06,2.50,3.22,3.16,2.92,2.40,2.42,2.43,3.13,3.12
2022-11-13 19:00:00,1.91,1.46,2.05,1.93,1.83,1.38,1.33,1.39,2.01,1.94
2022-11-13 20:00:00,1.40,0.981,1.48,1.35,1.46,0.923,1.01,1.01,1.57,1.51
2022-11-13 21:00:00,1.42,1.06,1.51,1.48,1.49,0.940,1.12,1.09,1.56,1.66
2022-11-13 22:00:00,1.47,1.16,1.51,1.45,1.54,1.27,1.16,1.14,1.73,1.75
2022-11-13 23:00:00,1.41,1.12,1.57,1.44,1.52,1.25,1.14,1.07,1.75,1.60
2022-11-14 00:00:00,1.02,0.812,1.20,0.970,1.26,0.953,0.879,0.794,1.50,1.22
2022-11-14 01:00:00,0.954,0.698,0.904,0.662,1.21,0.991,0.832,0.735,1.37,1.14
2022-11-14 02:00:00,1.23,0.886,1.13,1.01,1.39,1.14,1.01,0.928,1.59,1.64
2022-11-14 03:00:00,1.18,0.940,1.01,1.03,1.49,1.08,1.12,1.02,1.65,1.69
2022-11-14 04:00:00,0.574,0.368,0.659,0.721,0.975,0.646,0.616,0.444,1.26,1.29
2022-11-14 05:00:00,0.819,0.610,0.766,0.811,1.09,0.749,0.755,0.668,1.23,1.27
2022-11-14 06:00:00,1.47,1.12,1.46,1.50,1.53,1.11,1.24,1.16,1.63,1.64
2022-11-14 07:00:00,1.68,1.31,1.70,1.62,1.68,1.46,1.42,1.29,1.94,1.83
2022-11-14 08:00:00,1.51,1.11,1.63,1.43,1.55,1.24,1.29,1.10,1.89,1.82
2022-11-14 09:00:00,2.59,2.13,3.44,3.13,2.42,2.16,2.24,2.11,2.85,2.85
2022-11-14 10:00:00,4.04,3.25,4.01,3.85,3.45,3.06,3.21,3.20,3.69,3.82
2022-11-14 11:00:00,5.55,4.20,5.28,5.24,4.47,3.78,4.06,4.14,4.44,5.15
2022-11-14 12:00:00,5.53,4.33,5.20,5.44,5.38,4.37,4.85,4.72,4.86,5.30
2022-11-14 13:00:00,6.16,4.90,5.46,5.64,5.20,5.07,5.15,4.93,5.48,6.01
2022-11-14 14:00:00,5.47,4.86,5.02,5.28,5.29,4.92,5.15,4.97,5.33,5.42
2022-11-14 15:00:00,5.26,4.70,5.18,5.37,5.13,4.64,4.80,4.81,5.25,5.20
2022-11-14 16:00:00,5.15,4.61,5.15,5.44,4.95,4.65,4.68,4.69,5.10,5.00
2022-11-14 17:00:00,4.71,4.34,4.62,4.80,4.85,4.56,4.54,4.48,5.03,4.94
2022-11-14 18:00:00,4.28,3.94,4.22,4.40,4.78,4.58,4.54,4.35,4.81,5.08
2022-11-14 19:00:00,4.13,3.73,4.03,4.21,4.67,4.53,4.41,4.28,4.76,4.86
2022-11-14 20:00:00,3.82,3.36,3.73,3.94,4.45,4.16,4.04,4.00,4.33,4.64
2022-11-14 21:00:00,3.08,2.58,3.20,3.43,4.05,3.89,3.66,3.52,4.11,4.18
2022-11-14 22:00:00,2.17,1.83,2.51,2.69,3.40,3.19,3.01,2.78,3.65,3.60
2022-11-14 23:00:00,1.39,1.15,1.91,2.12,2.87,2.56,2.51,2.26,3.37,3.36
2022-11-15 00:00:00,1.04,0.788,1.40,1.28,2.40,2.16,2.08,1.76,3.00,2.94
2022-11-15 01:00:00,0.643,0.402,0.902,0.472,1.94,1.70,1.55,1.29,2.70,2.72
2022-11-15 02:00:00,0.306,-0.0298,0.441,0.250,1.60,1.35,1.21,0.921,2.33,2.32
2022-11-15 03:00:00,0.429,0.00850,0.216,0.265,1.30,1.22,1.01,0.765,2.05,1.96
2022-11-15 04:00:00,0.553,0.0822,0.160,0.274,1.27,1.41,0.941,0.833,1.72,1.47
2022-11-15 05:00:00,0.410,-0.102,0.0535,0.193,1.01,1.15,0.707,0.570,1.42,1.19
2022-11-15 06:00:00,0.0807,-0.430,-0.142,-0.0782,0.847,0.939,0.496,0.312,1.19,1.01
2022-11-15 07:00:00,0.119,-0.390,-0.268,-0.228,0.796,0.946,0.431,0.296,0.944,0.747
2022-11-15 08:00:00,0.637,0.0397,0.0747,0.190,1.04,1.33,0.770,0.707,1.18,0.957
2022-11-15 09:00:00,0.906,0.293,0.258,0.357,1.20,1.41,0.955,0.939,1.34,1.05
2022-11-15 10:00:00,1.29,0.661,0.536,0.746,1.58,1.89,1.33,1.36,1.63,1.42
2022-11-15 11:00:00,1.87,1.12,1.17,1.33,2.05,2.50,1.85,1.86,1.99,1.76
2022-11-15 12:00:00,1.58,0.747,0.661,0.853,1.74,2.06,1.53,1.51,1.78,1.47
2022-11-15 13:00:00,0.550,-0.229,-0.641,-0.649,0.646,0.799,0.494,0.482,0.741,0.290
2022-11-15 14:00:00,0.680,0.120,-0.192,-0.155,0.802,0.956,0.635,0.673,0.847,0.419
2022-11-15 15:00:00,1.29,0.634,0.577,0.543,1.44,1.71,1.22,1.22,1.56,1.30
2022-11-15 16:00:00,1.29,0.574,0.478,0.369,1.44,1.69,1.22,1.22,1.59,1.37
2022-11-15 17:00:00,1.70,1.10,1.17,1.05,1.88,2.11,1.72,1.69,2.15,1.89
2022-11-15 18:00:00,1.92,1.31,1.39,1.26,2.16,2.43,1.95,1.96,2.38,2.11
2022-11-15 19:00:00,1.85,1.28,1.40,1.31,2.14,2.42,1.93,1.95,2.40,2.09
2022-11-15 20:00:00,1.97,1.43,1.58,1.51,2.29,2.59,2.10,2.11,2.50,2.26
2022-11-15 21:00:00,1.77,1.18,1.26,1.13,2.05,2.31,1.87,1.87,2.24,1.95
2022-11-15 22:00:00,0.966,0.286,0.221,0.183,1.15,1.39,0.963,0.946,1.34,1.07
2022-11-15 23:00:00,0.658,0.0348,0.0477,0.0513,0.835,1.09,0.652,0.619,1.10,0.855
2022-11-16 00:00:00,0.510,-0.106,-0.152,-0.174,0.711,0.949,0.512,0.514,0.938,0.680
2022-11-16 01:00:00,0.397,-0.202,-0.382,-0.471,0.598,0.832,0.418,0.390,0.767,0.513
2022-11-16 02:00:00,0.151,-0.433,-0.555,-0.627,0.366,0.596,0.202,0.162,0.478,0.217
2022-11-16 03:00:00,0.151,-0.431,-0.660,-0.740,0.324,0.546,0.176,0.166,0.447,0.214
2022-11-16 04:00:00,0.155,-0.425,-0.609,-0.796,0.445,0.635,0.261,0.229,0.493,0.180
2022-11-16 05:00:00,-0.0688,-0.696,-0.778,-0.974,0.273,0.424,-0.00150,-0.0630,0.230,-0.211
2022-11-16 06:00:00,-0.134,-0.726,-0.823,-0.970,0.272,0.370,0.0297,-0.0293,0.198,-0.200
2022-11-16 07:00:00,0.115,-0.451,-0.455,-0.514,0.500,0.668,0.322,0.276,0.526,0.206
2022-11-16 08:00:00,0.329,-0.0935,-0.253,-0.281,0.703,0.920,0.475,0.457,0.662,0.188
2022-11-16 09:00:00,0.571,0.290,-0.0302,-0.252,0.740,1.06,0.829,0.637,0.981,0.583
2022-11-16 10:00:00,0.947,0.880,0.462,0.238,1.22,1.14,1.22,0.957,1.35,1.12
2022-11-16 11:00:00,1.50,1.21,0.936,0.925,1.63,1.33,1.51,1.45,1.67,1.68
2022-11-16 12:00:00,1.76,1.45,1.45,1.21,1.71,1.37,1.56,1.55,1.71,1.46
2022-11-16 13:00:00,2.03,1.69,1.79,1.61,1.88,1.55,1.76,1.82,1.93,1.79
2022-11-16 14:00:00,2.21,1.85,1.97,1.70,1.96,1.63,1.72,1.75,1.93,1.79
2022-11-16 15:00:00,2.51,2.26,2.50,2.29,2.36,2.16,2.11,2.19,2.34,2.27
2022-11-16 16:00:00,2.70,2.34,2.75,2.67,2.56,2.46,2.34,2.43,2.51,2.53
2022-11-16 17:00:00,2.27,1.90,2.46,2.37,2.40,2.29,2.24,2.25,2.55,2.56
2022-11-16 18:00:00,1.65,1.44,1.93,1.83,2.29,2.05,2.11,2.08,2.64,2.71
2022-11-16 19:00:00,1.25,1.02,1.35,1.23,2.21,2.03,2.01,1.98,2.38,2.36
2022-11-16 20:00:00,0.787,0.468,1.05,0.876,1.94,1.73,1.72,1.60,2.10,2.10
2022-11-16 21:00:00,0.859,0.573,1.19,1.07,1.94,2.06,1.96,1.79,2.20,2.08
2022-11-16 22:00:00,1.79,1.48,1.46,1.28,1.91,2.05,1.77,1.72,2.09,2.15
2022-11-16 23:00:00,1.76,1.41,1.67,1.49,1.79,1.76,1.57,1.56,1.97,2.10
2022-11-17 00:00:00,1.68,1.36,1.63,1.54,1.74,1.59,1.55,1.52,1.91,1.97
2022-11-17 01:00:00,1.47,1.21,1.42,1.45,1.63,1.49,1.43,1.45,1.75,1.80
2022-11-17 02:00:00,1.36,1.07,1.43,1.20,1.48,1.47,1.26,1.18,1.68,1.75
2022-11-17 03:00:00,1.21,0.884,1.15,0.892,1.31,1.24,1.02,0.945,1.52,1.82
2022-11-17 04:00:00,0.774,0.458,0.491,0.331,0.895,0.672,0.606,0.498,1.20,1.08
2022-11-17 05:00:00,0.493,0.202,0.409,0.227,0.610,0.500,0.273,0.228,0.822,0.776
2022-11-17 06:00:00,0.403,0.0253,0.325,0.266,0.376,-0.205,0.0885,0.00683,0.476,0.475
2022-11-17 07:00:00,0.00917,-0.382,-0.0250,-0.194,-0.0707,-0.555,-0.454,-0.499,0.0990,-0.00733
2022-11-17 08:00:00,-0.275,-0.662,-0.261,-0.472,-0.441,-0.830,-0.743,-0.806,-0.245,-0.386
2022-11-17 09:00:00,-0.214,-0.761,0.202,-0.199,-0.757,-1.08,-1.04,-1.03,-0.487,-0.608
2022-11-17 10:00:00,0.269,-0.447,1.10,0.495,-0.622,-1.05,-0.959,-0.886,-0.557,-0.371
2022-11-17 11:00:00,2.88,0.236,2.37,1.97,0.301,-0.708,-0.461,-0.318,-0.0782,1.97
2022-11-17 12:00:00,2.34,1.20,3.17,3.01,1.33,0.734,0.741,0.666,1.14,2.16
2022-11-17 13:00:00,2.33,1.53,3.41,3.17,1.75,1.22,1.45,1.22,1.67,2.08
2022-11-17 14:00:00,2.52,1.98,3.43,3.76,2.10,1.75,1.85,1.74,2.25,2.55
2022-11-17 15:00:00,2.64,2.25,3.73,4.54,2.52,1.95,2.22,2.17,2.72,2.84
2022-11-17 16:00:00,2.73,2.26,3.48,4.13,2.61,2.15,2.23,2.22,2.61,3.02
2022-11-17 17:00:00,2.38,1.86,2.72,2.94,2.42,2.01,2.13,2.11,2.54,2.88
2022-11-17 18:00:00,2.52,2.01,2.65,2.32,2.43,2.41,2.21,2.14,2.73,2.71
2022-11-17 19:00:00,2.62,2.07,2.55,2.00,2.48,2.51,2.23,2.25,2.48,2.33
2022-11-17 20:00:00,2.32,1.82,2.25,1.72,2.27,2.28,2.04,2.03,2.30,2.21
2022-11-17 21:00:00,2.35,2.02,2.26,1.69,2.33,2.52,2.22,2.24,2.18,2.19
2022-11-17 22:00:00,2.21,1.84,2.03,1.46,2.02,2.23,1.79,1.94,1.84,1.76
2022-11-17 23:00:00,1.58,1.21,1.40,0.805,1.33,1.43,0.986,1.14,1.20,0.942
2022-11-18 00:00:00,1.02,0.644,0.801,0.402,0.891,0.804,0.554,0.548,0.920,0.625
2022-11-18 01:00:00,0.736,0.398,0.485,0.172,0.693,0.531,0.337,0.288,0.858,0.405
2022-11-18 02:00:00,0.0760,-0.261,-0.163,-0.447,0.0935,-0.127,-0.304,-0.357,0.283,-0.149
2022-11-18 03:00:00,-0.168,-0.464,-0.400,-0.629,-0.101,-0.384,-0.494,-0.555,0.108,-0.230
2022-11-18 04:00:00,-0.243,-0.542,-0.546,-0.756,-0.186,-0.359,-0.582,-0.606,0.0285,-0.360
2022-11-18 05:00:00,-0.185,-0.492,-0.474,-0.641,-0.0745,-0.345,-0.424,-0.507,0.127,-0.175
2022-11-18 06:00:00,-0.216,-0.501,-0.577,-0.716,-0.0957,-0.284,-0.458,-0.537,0.158,-0.191
2022-11-18 07:00:00,-0.0490,-0.350,-0.361,-0.533,0.0217,-0.234,-0.296,-0.424,0.275,-0.116
2022-11-18 08:00:00,0.108,-0.216,0.0407,-0.243,0.154,-0.128,-0.145,-0.273,0.434,0.178
2022-11-18 09:00:00,0.694,0.399,0.912,0.384,0.665,0.564,0.368,0.321,0.913,0.610
2022-11-18 10:00:00,1.46,1.18,1.88,1.04,1.31,1.20,0.967,0.943,1.22,0.966
2022-11-18 11:00:00,2.42,1.87,2.70,1.65,1.94,1.64,1.50,1.57,1.65,1.58
2022-11-18 11:00:36,3.38,,,,2.15,,,1.56,1.96,2.86

