"Time","WindDirection {DeviceID=""AirSENCE-032206C140232"", name=""Pollutant""}","WindDirection {DeviceID=""AirSENCE-032223EF40231"", name=""Pollutant""}","WindDirection {DeviceID=""AirSENCE-1021C46E40217"", name=""Pollutant""}","WindDirection {DeviceID=""AirSENCE-1021C65A40214"", name=""Pollutant""}","WindDirection {DeviceID=""AirSENCE-1021C6C640218"", name=""Pollutant""}"
2022-10-09 12:00:00,272,173,319,301,292
2022-10-09 13:00:00,270,189,312,297,266
2022-10-09 14:00:00,273,183,301,300,277
2022-10-09 15:00:00,189,215,169,155,160
2022-10-09 16:00:00,188,225,182,210,171
2022-10-09 17:00:00,268,214,248,298,194
2022-10-09 18:00:00,264,219,206,278,189
2022-10-09 19:00:00,264,203,284,304,217
2022-10-09 20:00:00,268,182,310,301,273
2022-10-09 21:00:00,285,181,325,300,298
2022-10-09 22:00:00,265,163,304,298,289
2022-10-09 23:00:00,228,187,322,305,291
2022-10-10 00:00:00,83.9,57.7,309,302,282
2022-10-10 01:00:00,106,65.5,302,287,223
2022-10-10 02:00:00,118,167,292,281,224
2022-10-10 03:00:00,100,63.8,292,268,236
2022-10-10 04:00:00,94.2,31.2,290,298,274
2022-10-10 05:00:00,102,75.2,293,302,299
2022-10-10 06:00:00,210,124,301,305,255
2022-10-10 07:00:00,159,174,314,315,232
2022-10-10 08:00:00,149,129,314,312,312
2022-10-10 09:00:00,221,90.1,326,296,308
2022-10-10 10:00:00,182,96.3,330,300,314
2022-10-10 11:00:00,185,145,306,266,286
2022-10-10 12:00:00,246,211,299,278,292
2022-10-10 13:00:00,257,198,225,272,262
2022-10-10 14:00:00,222,186,263,254,243
2022-10-10 15:00:00,200,203,163,157,205
2022-10-10 16:00:00,185,200,191,175,155
2022-10-10 17:00:00,195,189,178,157,155
2022-10-10 18:00:00,178,182,136,154,205
2022-10-10 19:00:00,183,171,147,165,170
2022-10-10 20:00:00,132,180,270,260,159
2022-10-10 21:00:00,104,174,275,281,176
2022-10-10 22:00:00,269,176,314,310,305
2022-10-10 23:00:00,284,181,296,297,304
2022-10-11 00:00:00,270,193,274,305,296
2022-10-11 01:00:00,245,188,306,306,306
2022-10-11 02:00:00,143,268,299,315,307
2022-10-11 03:00:00,61.3,232,268,298,229
2022-10-11 04:00:00,83.5,164,324,309,167
2022-10-11 05:00:00,167,170,328,331,163
2022-10-11 06:00:00,142,158,323,323,162
2022-10-11 07:00:00,142,248,323,234,245
2022-10-11 08:00:00,82.6,258,320,321,275
2022-10-11 09:00:00,176,244,270,293,302
2022-10-11 10:00:00,185,195,146,126,291
2022-10-11 11:00:00,183,188,170,174,265
2022-10-11 12:00:00,234,213,225,239,159
2022-10-11 13:00:00,248,202,233,244,148
2022-10-11 14:00:00,189,206,148,195,150
2022-10-11 15:00:00,182,196,158,160,155
2022-10-11 16:00:00,177,182,147,152,159
2022-10-11 17:00:00,176,180,144,160,247
2022-10-11 18:00:00,181,177,145,153,287
2022-10-11 19:00:00,127,226,168,165,160
2022-10-11 20:00:00,85.3,226,179,187,156
2022-10-11 21:00:00,72.5,216,167,184,156
2022-10-11 22:00:00,62.3,237,146,158,162
2022-10-11 23:00:00,188,230,175,149,165
2022-10-12 00:00:00,192,234,179,147,161
2022-10-12 01:00:00,195,237,184,146,162
2022-10-12 02:00:00,192,240,198,146,163
2022-10-12 03:00:00,202,242,188,151,162
2022-10-12 04:00:00,189,234,197,150,165
2022-10-12 05:00:00,186,230,167,151,172
2022-10-12 06:00:00,184,234,207,145,168
2022-10-12 07:00:00,126,223,202,148,165
2022-10-12 08:00:00,161,196,170,154,167
2022-10-12 09:00:00,177,184,158,144,183
2022-10-12 10:00:00,185,197,157,157,168
2022-10-12 11:00:00,184,211,158,155,158
2022-10-12 12:00:00,187,212,158,153,157
2022-10-12 13:00:00,197,206,155,155,160
2022-10-12 14:00:00,195,205,163,154,162
2022-10-12 15:00:00,195,216,159,157,163
2022-10-12 16:00:00,193,213,150,154,160
2022-10-12 17:00:00,176,205,150,157,170
2022-10-12 18:00:00,175,195,150,152,189
2022-10-12 19:00:00,175,201,143,159,193
2022-10-12 20:00:00,180,187,145,146,211
2022-10-12 21:00:00,179,202,150,153,177
2022-10-12 22:00:00,219,224,168,154,159
2022-10-12 23:00:00,187,199,163,162,175
2022-10-13 00:00:00,188,197,156,157,173
2022-10-13 01:00:00,200,219,163,155,165
2022-10-13 02:00:00,188,207,177,153,163
2022-10-13 03:00:00,196,212,235,156,143
2022-10-13 04:00:00,192,199,188,151,132
2022-10-13 05:00:00,198,182,187,151,169
2022-10-13 06:00:00,192,179,219,156,187
2022-10-13 07:00:00,201,196,212,152,191
2022-10-13 08:00:00,210,207,214,185,180
2022-10-13 09:00:00,239,158,269,280,246
2022-10-13 10:00:00,261,184,321,306,258
2022-10-13 11:00:00,251,208,238,282,194
2022-10-13 12:00:00,192,219,207,205,168
2022-10-13 13:00:00,201,245,207,174,157
2022-10-13 14:00:00,193,233,172,163,152
2022-10-13 15:00:00,190,212,157,153,156
2022-10-13 16:00:00,206,220,167,156,155
2022-10-13 17:00:00,213,232,167,173,155
2022-10-13 18:00:00,242,235,189,231,152
2022-10-13 19:00:00,226,233,189,236,155
2022-10-13 20:00:00,197,233,188,216,157
2022-10-13 21:00:00,130,237,179,183,159
2022-10-13 22:00:00,92.5,234,185,190,160
2022-10-13 23:00:00,163,200,251,286,157
2022-10-14 00:00:00,110,192,304,300,153
2022-10-14 01:00:00,188,186,303,321,160
2022-10-14 02:00:00,193,203,224,226,165
2022-10-14 03:00:00,193,231,185,152,163
2022-10-14 04:00:00,207,228,212,150,158
2022-10-14 05:00:00,159,228,195,168,154
2022-10-14 06:00:00,124,241,250,192,156
2022-10-14 07:00:00,82.1,227,293,243,155
2022-10-14 08:00:00,170,229,241,240,166
2022-10-14 09:00:00,188,223,266,264,162
2022-10-14 10:00:00,220,226,289,278,156
2022-10-14 11:00:00,241,233,247,264,180
2022-10-14 12:00:00,242,229,180,194,165
2022-10-14 13:00:00,201,238,165,184,153
2022-10-14 14:00:00,201,206,155,161,158
2022-10-14 15:00:00,200,202,171,157,158
2022-10-14 16:00:00,200,196,183,146,164
2022-10-14 17:00:00,183,191,158,157,177
2022-10-14 18:00:00,181,182,151,151,236
2022-10-14 19:00:00,190,230,160,155,163
2022-10-14 20:00:00,126,173,161,148,188
2022-10-14 21:00:00,105,165,188,189,307
2022-10-14 22:00:00,185,213,212,223,307
2022-10-14 23:00:00,183,188,150,160,302
2022-10-15 00:00:00,182,189,160,159,303
2022-10-15 01:00:00,191,194,167,153,306
2022-10-15 02:00:00,187,189,153,144,267
2022-10-15 03:00:00,179,185,153,147,248
2022-10-15 04:00:00,186,187,152,157,274
2022-10-15 05:00:00,188,189,148,152,299
2022-10-15 06:00:00,182,193,142,158,307
2022-10-15 07:00:00,177,187,152,158,305
2022-10-15 08:00:00,183,196,155,155,258
2022-10-15 09:00:00,191,210,162,157,180
2022-10-15 10:00:00,187,236,162,173,154
2022-10-15 11:00:00,258,239,192,237,159
2022-10-15 12:00:00,250,229,206,266,197
2022-10-15 13:00:00,268,228,215,286,198
2022-10-15 14:00:00,272,234,222,285,176
2022-10-15 15:00:00,272,237,213,265,166
2022-10-15 16:00:00,277,229,238,293,196
2022-10-15 17:00:00,273,230,272,305,193
2022-10-15 18:00:00,266,230,211,279,186
2022-10-15 19:00:00,273,226,225,294,170
2022-10-15 20:00:00,266,229,216,287,178
2022-10-15 21:00:00,233,217,189,234,180
2022-10-15 22:00:00,195,216,208,263,226
2022-10-15 23:00:00,197,217,199,234,188
2022-10-16 00:00:00,271,222,246,293,248
2022-10-16 01:00:00,260,225,205,279,201
2022-10-16 02:00:00,253,221,193,257,248
2022-10-16 03:00:00,160,200,206,254,200
2022-10-16 04:00:00,118,211,165,161,165
2022-10-16 05:00:00,201,225,165,168,160
2022-10-16 06:00:00,204,236,206,147,164
2022-10-16 07:00:00,199,241,183,154,163
2022-10-16 08:00:00,180,234,165,171,163
2022-10-16 09:00:00,169,222,182,163,161
2022-10-16 10:00:00,193,228,172,151,165
2022-10-16 11:00:00,218,226,177,156,160
2022-10-16 12:00:00,213,220,182,177,157
2022-10-16 13:00:00,217,228,170,190,153
2022-10-16 14:00:00,194,235,169,190,153
2022-10-16 15:00:00,203,229,184,171,153
2022-10-16 16:00:00,192,229,169,168,156
2022-10-16 17:00:00,187,216,186,180,162
2022-10-16 18:00:00,237,195,275,265,224
2022-10-16 19:00:00,256,155,325,293,291
2022-10-16 20:00:00,281,237,323,293,299
2022-10-16 21:00:00,259,255,315,296,296
2022-10-16 22:00:00,252,167,318,299,303
2022-10-16 23:00:00,151,212,205,143,193
2022-10-17 00:00:00,179,288,208,75.1,181
2022-10-17 01:00:00,168,228,236,87.0,198
2022-10-17 02:00:00,180,304,235,89.8,213
2022-10-17 03:00:00,165,311,288,49.4,223
2022-10-17 04:00:00,170,251,323,270,189
2022-10-17 05:00:00,190,324,248,93.5,238
2022-10-17 06:00:00,187,232,172,87.1,286
2022-10-17 07:00:00,202,216,162,119,281
2022-10-17 08:00:00,204,205,172,162,223
2022-10-17 09:00:00,265,229,210,273,150
2022-10-17 10:00:00,277,230,236,290,158
2022-10-17 11:00:00,197,226,191,180,157
2022-10-17 12:00:00,190,225,195,185,152
2022-10-17 13:00:00,188,230,195,178,155
2022-10-17 14:00:00,193,229,171,156,155
2022-10-17 15:00:00,197,224,172,158,159
2022-10-17 16:00:00,207,238,175,172,154
2022-10-17 17:00:00,196,240,212,162,155
2022-10-17 18:00:00,214,237,199,170,153
2022-10-17 19:00:00,215,236,191,184,155
2022-10-17 20:00:00,207,241,218,151,154
2022-10-17 21:00:00,209,234,195,155,154
2022-10-17 22:00:00,192,218,199,150,156
2022-10-17 23:00:00,196,212,174,152,161
2022-10-18 00:00:00,206,221,183,151,159
2022-10-18 01:00:00,191,190,165,169,237
2022-10-18 02:00:00,99.7,282,321,275,235
2022-10-18 03:00:00,169,83.2,319,318,309
2022-10-18 04:00:00,262,138,321,305,292
2022-10-18 05:00:00,286,165,315,308,302
2022-10-18 06:00:00,285,147,312,311,297
2022-10-18 07:00:00,278,189,332,313,296
2022-10-18 08:00:00,283,179,319,313,282
2022-10-18 09:00:00,264,181,294,314,285
2022-10-18 10:00:00,269,218,272,316,214
2022-10-18 11:00:00,269,227,217,277,151
2022-10-18 12:00:00,239,236,208,260,154
2022-10-18 13:00:00,265,233,187,264,153
2022-10-18 14:00:00,255,232,206,270,154
2022-10-18 15:00:00,205,233,183,184,155
2022-10-18 16:00:00,261,231,240,257,153
2022-10-18 17:00:00,243,234,205,237,152
2022-10-18 18:00:00,205,240,210,176,155
2022-10-18 19:00:00,229,236,204,206,154
2022-10-18 20:00:00,223,235,221,197,154
2022-10-18 21:00:00,202,235,208,159,164
2022-10-18 22:00:00,216,228,191,149,160
2022-10-18 23:00:00,226,230,196,180,154
2022-10-19 00:00:00,206,224,196,188,153
2022-10-19 01:00:00,210,239,192,170,153
2022-10-19 02:00:00,205,229,219,190,154
2022-10-19 03:00:00,211,224,249,248,154
2022-10-19 04:00:00,218,226,298,258,151
2022-10-19 05:00:00,231,230,317,284,153
2022-10-19 06:00:00,209,240,280,260,156
2022-10-19 07:00:00,195,238,266,241,158
2022-10-19 08:00:00,209,217,266,254,159
2022-10-19 09:00:00,247,224,309,277,161
2022-10-19 10:00:00,296,223,316,314,166
2022-10-19 11:00:00,282,223,304,305,166
2022-10-19 12:00:00,273,229,261,310,175
2022-10-19 13:00:00,213,226,203,216,154
2022-10-19 14:00:00,194,211,186,178,162
2022-10-19 15:00:00,198,199,172,158,159
2022-10-19 16:00:00,197,239,193,170,158
2022-10-19 17:00:00,251,228,190,255,194
2022-10-19 18:00:00,269,206,289,296,244
2022-10-19 19:00:00,262,190,310,304,272
2022-10-19 20:00:00,260,189,296,308,264
2022-10-19 21:00:00,264,228,272,306,208
2022-10-19 22:00:00,267,227,224,287,154
2022-10-19 23:00:00,272,233,226,281,159
2022-10-20 00:00:00,267,227,263,303,184
2022-10-20 01:00:00,269,225,242,291,166
2022-10-20 02:00:00,264,228,214,281,167
2022-10-20 03:00:00,262,228,232,301,170
2022-10-20 04:00:00,266,225,265,281,166
2022-10-20 05:00:00,263,231,203,270,155
2022-10-20 06:00:00,257,227,196,247,149
2022-10-20 07:00:00,244,230,201,280,151
2022-10-20 08:00:00,264,234,214,253,158
2022-10-20 09:00:00,268,231,186,263,160
2022-10-20 10:00:00,268,236,204,287,159
2022-10-20 11:00:00,267,236,197,292,168
2022-10-20 12:00:00,270,234,195,285,168
2022-10-20 13:00:00,275,234,219,270,177
2022-10-20 14:00:00,266,233,190,281,154
2022-10-20 15:00:00,267,227,228,301,188
2022-10-20 16:00:00,269,236,207,233,156
2022-10-20 17:00:00,252,237,201,235,157
2022-10-20 18:00:00,223,239,180,197,152
2022-10-20 19:00:00,261,235,197,245,150
2022-10-20 20:00:00,262,230,208,246,152
2022-10-20 21:00:00,213,233,202,205,157
2022-10-20 22:00:00,252,229,203,211,151
2022-10-20 23:00:00,264,222,208,257,165
2022-10-21 00:00:00,266,212,248,282,197
2022-10-21 01:00:00,231,217,206,232,184
2022-10-21 02:00:00,206,209,213,228,190
2022-10-21 03:00:00,154,200,212,211,189
2022-10-21 04:00:00,198,180,245,282,156
2022-10-21 05:00:00,187,158,214,199,190
2022-10-21 06:00:00,155,198,314,309,292
2022-10-21 07:00:00,147,205,162,133,311
2022-10-21 08:00:00,83.1,208,171,133,313
2022-10-21 09:00:00,209,178,271,210,308
2022-10-21 10:00:00,206,193,185,117,219
2022-10-21 11:00:00,191,212,175,160,159
2022-10-21 12:00:00,180,203,167,153,155
2022-10-21 13:00:00,192,215,151,153,155
2022-10-21 14:00:00,192,221,158,156,154
2022-10-21 15:00:00,192,224,162,152,154
2022-10-21 16:00:00,192,228,150,162,155
2022-10-21 17:00:00,187,236,143,154,155
2022-10-21 18:00:00,194,241,149,153,154
2022-10-21 19:00:00,190,238,155,146,158
2022-10-21 20:00:00,189,239,180,146,161
2022-10-21 21:00:00,191,228,169,144,166
2022-10-21 22:00:00,198,235,122,144,162
2022-10-21 23:00:00,202,232,181,144,160
2022-10-22 00:00:00,208,243,178,148,157
2022-10-22 01:00:00,168,239,189,152,155
2022-10-22 02:00:00,199,243,170,154,155
2022-10-22 03:00:00,144,236,167,159,153
2022-10-22 04:00:00,152,236,165,155,154
2022-10-22 05:00:00,158,234,167,160,154
2022-10-22 06:00:00,103,235,160,157,157
2022-10-22 07:00:00,186,240,169,156,159
2022-10-22 08:00:00,98.3,234,167,155,155
2022-10-22 09:00:00,159,236,160,161,162
2022-10-22 10:00:00,213,233,145,154,157
2022-10-22 11:00:00,226,239,155,156,154
2022-10-22 12:00:00,205,233,148,157,153
2022-10-22 13:00:00,185,224,151,155,153
2022-10-22 14:00:00,183,223,141,159,155
2022-10-22 15:00:00,193,220,159,156,159
2022-10-22 16:00:00,193,204,160,151,158
2022-10-22 17:00:00,190,198,144,154,159
2022-10-22 18:00:00,189,204,149,155,159
2022-10-22 19:00:00,115,195,183,150,171
2022-10-22 20:00:00,151,182,169,84.2,267
2022-10-22 21:00:00,171,187,161,88.6,302
2022-10-22 22:00:00,147,198,254,199,270
2022-10-22 23:00:00,73.6,162,325,319,181
2022-10-23 00:00:00,107,156,261,172,170
2022-10-23 01:00:00,99.9,168,199,147,171
2022-10-23 02:00:00,126,201,221,124,217
2022-10-23 03:00:00,111,181,338,274,189
2022-10-23 04:00:00,62.1,199,330,325,155
2022-10-23 05:00:00,64.8,301,337,313,176
2022-10-23 06:00:00,187,198,331,167,163
2022-10-23 07:00:00,203,197,325,78.6,169
2022-10-23 08:00:00,203,222,270,103,280
2022-10-23 09:00:00,177,311,191,66.4,297
2022-10-23 10:00:00,153,290,189,57.1,276
2022-10-23 11:00:00,177,230,186,90.7,268
2022-10-23 12:00:00,166,212,175,183,276
2022-10-23 13:00:00,167,177,157,166,291
2022-10-23 14:00:00,170,182,152,170,286
2022-10-23 15:00:00,174,213,161,168,298
2022-10-23 16:00:00,167,180,164,140,280
2022-10-23 17:00:00,173,196,154,103,273
2022-10-23 18:00:00,168,244,151,104,277
2022-10-23 19:00:00,166,261,210,55.1,222
2022-10-23 20:00:00,174,269,176,53.1,201
2022-10-23 21:00:00,178,235,199,55.0,200
2022-10-23 22:00:00,187,153,160,54.7,234
2022-10-23 23:00:00,181,151,164,70.7,252
2022-10-24 00:00:00,184,180,179,48,275
2022-10-24 01:00:00,193,258,202,80.6,242
2022-10-24 02:00:00,191,273,174,69.2,201
2022-10-24 03:00:00,53.9,260,209,74.8,195
2022-10-24 04:00:00,180,244,254,70.5,174
2022-10-24 05:00:00,182,43.5,315,188,160
2022-10-24 06:00:00,197,220,275,49.1,163
2022-10-24 07:00:00,153,240,275,126,162
2022-10-24 08:00:00,184,291,248,49.9,196
2022-10-24 09:00:00,194,258,256,71.9,222
2022-10-24 10:00:00,173,200,169,79.7,274
2022-10-24 11:00:00,181,177,159,167,266
2022-10-24 12:00:00,181,186,154,153,278
2022-10-24 13:00:00,177,184,160,166,216
2022-10-24 14:00:00,179,155,149,168,273
2022-10-24 15:00:00,182,182,135,134,252
2022-10-24 16:00:00,178,183,161,159,258
2022-10-24 17:00:00,177,185,159,140,275
2022-10-24 18:00:00,173,201,157,163,287
2022-10-24 19:00:00,175,251,164,101,267
2022-10-24 20:00:00,176,267,150,65.9,262
2022-10-24 21:00:00,181,296,233,88.2,283
2022-10-24 22:00:00,181,281,235,148,284
2022-10-24 23:00:00,178,323,216,122,282
2022-10-25 00:00:00,178,302,258,128,247
2022-10-25 01:00:00,177,108,227,49.6,214
2022-10-25 02:00:00,183,170,198,61.5,215
2022-10-25 03:00:00,183,253,198,105,224
2022-10-25 04:00:00,189,342,188,122,260
2022-10-25 05:00:00,181,274,167,155,256
2022-10-25 06:00:00,181,310,201,104,243
2022-10-25 07:00:00,100,283,318,169,170
2022-10-25 08:00:00,143,261,186,46.3,145
2022-10-25 09:00:00,152,308,259,66,146
2022-10-25 10:00:00,154,274,167,52.7,153
2022-10-25 11:00:00,172,219,168,121,258
2022-10-25 12:00:00,177,187,150,165,280
2022-10-25 13:00:00,179,183,155,166,290
2022-10-25 14:00:00,176,183,149,163,205
2022-10-25 15:00:00,181,179,145,161,281
2022-10-25 16:00:00,172,201,152,167,293
2022-10-25 17:00:00,172,237,147,121,283
2022-10-25 18:00:00,174,212,155,121,286
2022-10-25 19:00:00,176,222,184,172,283
2022-10-25 20:00:00,173,310,179,85.0,253
2022-10-25 21:00:00,179,323,156,103,266
2022-10-25 22:00:00,183,316,132,79.3,292
2022-10-25 23:00:00,182,322,127,85.4,273
2022-10-26 00:00:00,187,244,221,109,278
2022-10-26 01:00:00,172,216,216,172,254
2022-10-26 02:00:00,170,210,241,197,282
2022-10-26 03:00:00,98.2,206,223,178,274
2022-10-26 04:00:00,79.4,317,266,77.8,308
2022-10-26 05:00:00,198,251,249,51.5,290
2022-10-26 06:00:00,165,316,198,50.1,291
2022-10-26 07:00:00,158,321,241,65.3,293
2022-10-26 08:00:00,111,288,260,48.2,296
2022-10-26 09:00:00,185,256,197,54.9,295
2022-10-26 10:00:00,182,187,160,127,300
2022-10-26 11:00:00,182,183,152,158,301
2022-10-26 12:00:00,187,198,169,167,194
2022-10-26 13:00:00,200,226,183,178,157
2022-10-26 14:00:00,204,230,195,151,163
2022-10-26 15:00:00,201,238,189,154,184
2022-10-26 16:00:00,197,235,174,156,191
2022-10-26 17:00:00,200,236,175,155,193
2022-10-26 18:00:00,207,243,172,157,185
2022-10-26 19:00:00,232,216,229,233,216
2022-10-26 20:00:00,281,150,312,292,304
2022-10-26 21:00:00,287,150,311,289,309
2022-10-26 22:00:00,281,158,313,293,293
2022-10-26 23:00:00,282,147,329,300,308
2022-10-27 00:00:00,281,122,309,294,306
2022-10-27 01:00:00,285,134,317,298,310
2022-10-27 02:00:00,289,180,328,301,306
2022-10-27 03:00:00,289,139,319,298,300
2022-10-27 04:00:00,271,134,315,297,310
2022-10-27 05:00:00,287,157,311,302,304
2022-10-27 06:00:00,190,72.0,322,304,312
2022-10-27 07:00:00,98.4,92,313,291,304
2022-10-27 08:00:00,133,151,314,290,314
2022-10-27 09:00:00,173,148,301,313,294
2022-10-27 10:00:00,197,250,307,303,257
2022-10-27 11:00:00,266,198,314,314,253
2022-10-27 12:00:00,193,189,322,294,290
2022-10-27 13:00:00,171,119,311,281,291
2022-10-27 14:00:00,157,148,321,283,293
2022-10-27 15:00:00,225,107,308,295,314
2022-10-27 16:00:00,203,77.8,305,301,283
2022-10-27 17:00:00,180,134,324,299,305
2022-10-27 18:00:00,138,168,322,294,302
2022-10-27 19:00:00,155,168,307,297,309
2022-10-27 20:00:00,196,188,297,287,300
2022-10-27 21:00:00,180,142,291,282,283
2022-10-27 22:00:00,179,148,195,248,200
2022-10-27 23:00:00,177,224,253,274,192
2022-10-28 00:00:00,200,137,308,286,152
2022-10-28 01:00:00,200,137,317,315,152
2022-10-28 02:00:00,201,42.9,318,324,193
2022-10-28 03:00:00,197,31.0,323,320,166
2022-10-28 04:00:00,208,116,327,299,175
2022-10-28 05:00:00,188,155,331,327,165
2022-10-28 06:00:00,197,104,329,263,190
2022-10-28 07:00:00,132,47.5,328,325,168
2022-10-28 08:00:00,173,140,309,137,155
2022-10-28 09:00:00,174,260,201,52.2,215
2022-10-28 10:00:00,162,257,246,74.5,245
2022-10-28 11:00:00,178,180,182,140,289
2022-10-28 12:00:00,177,186,152,146,295
2022-10-28 13:00:00,175,211,189,140,291
2022-10-28 14:00:00,173,226,170,153,290
2022-10-28 15:00:00,169,213,174,110,284
2022-10-28 16:00:00,171,227,169,138,275
2022-10-28 17:00:00,168,197,189,104,286
2022-10-28 18:00:00,173,228,176,139,286
2022-10-28 19:00:00,176,287,182,132,273
2022-10-28 20:00:00,191,312,205,64.6,201
2022-10-28 21:00:00,190,330,296,105,237
2022-10-28 22:00:00,185,306,301,270,255
2022-10-28 23:00:00,204,257,323,330,272
2022-10-29 00:00:00,129,311,326,321,294
2022-10-29 01:00:00,123,209,323,328,229
2022-10-29 02:00:00,232,155,323,332,253
2022-10-29 03:00:00,198,207,321,326,173
2022-10-29 04:00:00,69.4,247,317,322,177
2022-10-29 05:00:00,145,218,319,325,160
2022-10-29 06:00:00,60.4,295,319,322,156
2022-10-29 07:00:00,67.7,300,317,322,157
2022-10-29 08:00:00,70.9,226,312,325,155
2022-10-29 09:00:00,146,187,316,310,156
2022-10-29 10:00:00,186,173,319,303,167
2022-10-29 11:00:00,200,198,227,208,166
2022-10-29 12:00:00,223,235,198,223,152
2022-10-29 13:00:00,205,232,176,210,153
2022-10-29 14:00:00,187,227,179,197,151
2022-10-29 15:00:00,199,219,195,207,153
2022-10-29 16:00:00,193,221,191,185,153
2022-10-29 17:00:00,187,199,176,180,156
2022-10-29 18:00:00,183,176,156,146,160
2022-10-29 19:00:00,186,181,147,159,290
2022-10-29 20:00:00,188,185,144,153,310
2022-10-29 21:00:00,189,182,155,155,309
2022-10-29 22:00:00,180,187,147,155,302
2022-10-29 23:00:00,196,179,180,119,305
2022-10-30 00:00:00,94.4,231,319,307,284
2022-10-30 01:00:00,179,248,323,322,274
2022-10-30 02:00:00,82.9,228,312,320,270
2022-10-30 03:00:00,70.7,147,312,316,290
2022-10-30 04:00:00,153,125,309,290,219
2022-10-30 05:00:00,157,311,327,158,159
2022-10-30 06:00:00,78.9,327,324,335,165
2022-10-30 07:00:00,83.3,294,326,323,199
2022-10-30 08:00:00,170,323,303,286,256
2022-10-30 09:00:00,181,254,209,109,258
2022-10-30 10:00:00,157,290,286,91.6,141
2022-10-30 11:00:00,138,284,308,217,118
2022-10-30 12:00:00,196,216,267,265,239
2022-10-30 13:00:00,203,201,194,203,162
2022-10-30 14:00:00,168,167,168,187,146
2022-10-30 15:00:00,173,194,170,144,155
2022-10-30 16:00:00,183,176,160,163,184
2022-10-30 17:00:00,196,188,175,203,185
2022-10-30 18:00:00,183,183,147,164,236
2022-10-30 19:00:00,188,191,156,161,245
2022-10-30 20:00:00,195,188,154,149,299
2022-10-30 21:00:00,184,259,198,62.4,287
2022-10-30 22:00:00,111,281,286,181,235
2022-10-30 23:00:00,181,174,320,317,167
2022-10-31 00:00:00,123,170,322,330,161
2022-10-31 01:00:00,48,210,319,324,163
2022-10-31 02:00:00,129,234,318,322,162
2022-10-31 03:00:00,208,307,314,304,169
2022-10-31 04:00:00,199,193,317,210,173
2022-10-31 05:00:00,161,224,299,174,234
2022-10-31 06:00:00,176,214,283,113,232
2022-10-31 07:00:00,154,231,256,124,242
2022-10-31 08:00:00,202,228,212,138,255
2022-10-31 09:00:00,162,209,238,165,280
2022-10-31 10:00:00,165,196,306,251,166
2022-10-31 11:00:00,154,170,208,160,267
2022-10-31 12:00:00,180,215,165,130,280
2022-10-31 13:00:00,156,207,177,135,263
2022-10-31 14:00:00,189,186,152,163,294
2022-10-31 15:00:00,176,184,149,160,278
2022-10-31 16:00:00,185,178,155,157,289
2022-10-31 17:00:00,177,175,148,121,286
2022-10-31 18:00:00,185,184,144,143,292
2022-10-31 19:00:00,175,278,170,86.8,256
2022-10-31 20:00:00,157,313,161,72.2,264
2022-10-31 21:00:00,176,283,248,65,205
2022-10-31 22:00:00,189,312,249,46.3,194
2022-10-31 23:00:00,172,236,320,278,205
2022-11-01 00:00:00,180,304,317,313,178
2022-11-01 01:00:00,126,209,286,255,182
2022-11-01 02:00:00,127,212,223,238,278
2022-11-01 03:00:00,67.8,211,175,173,180
2022-11-01 04:00:00,170,209,181,195,219
2022-11-01 05:00:00,195,214,203,223,237
2022-11-01 06:00:00,187,217,212,258,125
2022-11-01 07:00:00,151,219,208,307,105
2022-11-01 08:00:00,182,216,191,316,184
2022-11-01 09:00:00,263,207,186,314,219
2022-11-01 10:00:00,289,188,172,299,244
2022-11-01 11:00:00,275,164,251,288,295
2022-11-01 12:00:00,173,152,319,286,315
2022-11-01 13:00:00,239,147,309,296,271
2022-11-01 14:00:00,236,174,325,289,297
2022-11-01 15:00:00,252,174,306,294,288
2022-11-01 16:00:00,224,224,184,194,178
2022-11-01 17:00:00,188,242,158,165,155
2022-11-01 18:00:00,218,232,166,170,154
2022-11-01 19:00:00,221,225,198,295,254
2022-11-01 20:00:00,276,178,320,312,311
2022-11-01 21:00:00,272,177,310,302,300
2022-11-01 22:00:00,297,201,286,295,296
2022-11-01 23:00:00,293,172,309,307,304
2022-11-02 00:00:00,157,167,253,285,235
2022-11-02 01:00:00,55.6,169,224,266,163
2022-11-02 02:00:00,113,180,287,294,176
2022-11-02 03:00:00,86.5,165,316,309,165
2022-11-02 04:00:00,130,173,330,298,209
2022-11-02 05:00:00,299,170,285,287,207
2022-11-02 06:00:00,147,274,302,293,241
2022-11-02 07:00:00,106,193,302,262,192
2022-11-02 08:00:00,91.7,171,327,325,159
2022-11-02 09:00:00,93.5,199,323,321,163
2022-11-02 10:00:00,177,229,285,219,174
2022-11-02 11:00:00,123,214,211,101,149
2022-11-02 12:00:00,120,198,302,281,204
2022-11-02 13:00:00,168,178,165,138,243
2022-11-02 14:00:00,177,175,151,166,272
2022-11-02 15:00:00,175,175,162,133,258
2022-11-02 16:00:00,178,185,162,158,249
2022-11-02 17:00:00,176,181,162,133,266
2022-11-02 18:00:00,181,188,173,160,269
2022-11-02 19:00:00,184,175,162,102,266
2022-11-02 20:00:00,181,177,214,46.3,223
2022-11-02 21:00:00,179,215,197,93.9,187
2022-11-02 22:00:00,184,180,183,156,257
2022-11-02 23:00:00,195,217,223,176,199
2022-11-03 00:00:00,122,225,276,116,106
2022-11-03 01:00:00,78.5,127,318,240,214
2022-11-03 02:00:00,96.5,135,301,271,306
2022-11-03 03:00:00,186,204,309,253,230
2022-11-03 04:00:00,193,212,235,147,220
2022-11-03 05:00:00,194,194,276,243,159
2022-11-03 06:00:00,204,219,339,308,160
2022-11-03 07:00:00,223,210,317,298,160
2022-11-03 08:00:00,185,223,312,303,154
2022-11-03 09:00:00,240,225,302,310,150
2022-11-03 10:00:00,261,207,320,323,166
2022-11-03 11:00:00,260,223,277,277,163
2022-11-03 12:00:00,199,222,205,174,161
2022-11-03 13:00:00,182,225,189,187,153
2022-11-03 14:00:00,181,221,172,163,155
2022-11-03 15:00:00,199,224,171,156,157
2022-11-03 16:00:00,202,214,167,160,161
2022-11-03 17:00:00,195,215,150,152,165
2022-11-03 18:00:00,185,218,162,154,163
2022-11-03 19:00:00,175,219,193,157,167
2022-11-03 20:00:00,74.1,177,239,188,171
2022-11-03 21:00:00,174,185,227,238,259
2022-11-03 22:00:00,178,185,146,157,295
2022-11-03 23:00:00,181,186,148,159,288
2022-11-04 00:00:00,181,182,157,159,282
2022-11-04 01:00:00,177,195,220,125,251
2022-11-04 02:00:00,97.0,234,321,219,151
2022-11-04 03:00:00,158,279,273,66.1,165
2022-11-04 04:00:00,187,188,166,122,287
2022-11-04 05:00:00,174,236,209,83.1,280
2022-11-04 06:00:00,155,279,277,44.3,229
2022-11-04 07:00:00,131,261,273,62.9,209
2022-11-04 08:00:00,60.4,180,320,306,197
2022-11-04 09:00:00,92.6,183,317,318,231
2022-11-04 10:00:00,150,177,318,325,230
2022-11-04 11:00:00,186,188,161,164,188
2022-11-04 12:00:00,177,230,154,159,160
2022-11-04 13:00:00,206,236,128,177,154
2022-11-04 14:00:00,217,238,136,160,154
2022-11-04 15:00:00,185,226,153,156,157
2022-11-04 16:00:00,185,234,135,151,157
2022-11-04 17:00:00,189,236,125,149,155
2022-11-04 18:00:00,200,244,138,149,156
2022-11-04 19:00:00,171,247,179,151,158
2022-11-04 20:00:00,172,237,179,147,160
2022-11-04 21:00:00,134,234,165,164,159
2022-11-04 22:00:00,63.3,237,155,166,157
2022-11-04 23:00:00,156,240,160,147,159
2022-11-05 00:00:00,175,234,267,147,167
2022-11-05 01:00:00,166,245,185,144,163
2022-11-05 02:00:00,183,232,182,145,165
2022-11-05 03:00:00,181,236,211,146,162
2022-11-05 04:00:00,173,226,210,143,161
2022-11-05 05:00:00,187,238,197,147,161
2022-11-05 06:00:00,179,237,197,143,166
2022-11-05 07:00:00,182,237,193,143,164
2022-11-05 08:00:00,183,241,170,145,164
2022-11-05 09:00:00,190,235,186,146,166
2022-11-05 10:00:00,178,227,142,151,163
2022-11-05 11:00:00,170,229,146,154,159
2022-11-05 12:00:00,188,233,141,153,162
2022-11-05 13:00:00,172,222,135,154,163
2022-11-05 14:00:00,184,218,149,156,162
2022-11-05 15:00:00,192,213,156,156,157
2022-11-05 16:00:00,184,222,130,157,155
2022-11-05 17:00:00,175,231,126,152,158
2022-11-05 18:00:00,194,230,150,156,161
2022-11-05 19:00:00,172,201,146,153,172
2022-11-05 20:00:00,173,196,141,151,197
2022-11-05 21:00:00,171,201,145,149,196
2022-11-05 22:00:00,180,205,151,152,171
2022-11-05 23:00:00,182,243,147,156,158
2022-11-06 00:00:00,189,241,148,152,153
2022-11-06 01:00:00,186,230,167,195,164
2022-11-06 01:00:00,165,212,185,203,175
2022-11-06 02:00:00,169,212,171,178,168
2022-11-06 03:00:00,164,224,155,166,162
2022-11-06 04:00:00,156,245,157,164,155
2022-11-06 05:00:00,211,232,188,246,185
2022-11-06 06:00:00,273,242,193,281,200
2022-11-06 07:00:00,276,234,207,297,243
2022-11-06 08:00:00,274,236,244,300,203
2022-11-06 09:00:00,279,236,273,304,211
2022-11-06 10:00:00,273,238,197,288,181
2022-11-06 11:00:00,248,239,202,260,153
2022-11-06 12:00:00,243,244,184,233,157
2022-11-06 13:00:00,181,231,149,183,153
2022-11-06 14:00:00,177,237,168,182,152
2022-11-06 15:00:00,232,237,151,199,160
2022-11-06 16:00:00,202,243,168,198,154
2022-11-06 17:00:00,196,242,180,229,152
2022-11-06 18:00:00,252,241,176,234,155
2022-11-06 19:00:00,249,240,186,227,156
2022-11-06 20:00:00,252,235,178,224,164
2022-11-06 21:00:00,267,228,194,250,167
2022-11-06 22:00:00,269,229,183,276,206
2022-11-06 23:00:00,262,236,188,262,229
2022-11-07 00:00:00,202,235,166,179,179
2022-11-07 01:00:00,202,228,164,164,206
2022-11-07 02:00:00,246,213,185,234,272
2022-11-07 03:00:00,270,210,223,293,266
2022-11-07 04:00:00,271,206,269,305,255
2022-11-07 05:00:00,270,213,272,305,267
2022-11-07 06:00:00,271,179,311,306,301
2022-11-07 07:00:00,272,200,299,305,270
2022-11-07 08:00:00,272,229,237,306,214
2022-11-07 09:00:00,271,176,300,309,241
2022-11-07 10:00:00,273,180,326,306,260
2022-11-07 11:00:00,277,177,319,306,289
2022-11-07 12:00:00,284,144,307,307,270
2022-11-07 13:00:00,279,126,323,304,306
2022-11-07 14:00:00,286,170,324,302,293
2022-11-07 15:00:00,281,152,325,300,306
2022-11-07 16:00:00,291,131,329,301,306
2022-11-07 17:00:00,275,141,317,298,310
2022-11-07 18:00:00,288,144,316,298,311
2022-11-07 19:00:00,285,163,315,298,306
2022-11-07 20:00:00,287,177,313,302,296
2022-11-07 21:00:00,286,160,327,309,303
2022-11-07 22:00:00,275,190,327,310,309
2022-11-07 23:00:00,279,181,333,308,305
2022-11-08 00:00:00,281,175,326,308,308
2022-11-08 01:00:00,283,187,319,309,306
2022-11-08 02:00:00,292,210,292,301,305
2022-11-08 03:00:00,293,151,286,301,305
2022-11-08 04:00:00,268,195,303,302,312
2022-11-08 05:00:00,290,161,295,303,294
2022-11-08 06:00:00,207,108,300,304,296
2022-11-08 07:00:00,87.8,42.4,311,304,278
2022-11-08 08:00:00,128,138,264,244,194
2022-11-08 09:00:00,113,180,235,233,202
2022-11-08 10:00:00,95.3,117,231,203,175
2022-11-08 11:00:00,86.7,78.3,245,192,213
2022-11-08 12:00:00,115,107,215,193,199
2022-11-08 13:00:00,110,193,216,205,194
2022-11-08 14:00:00,139,209,249,233,136
2022-11-08 15:00:00,140,150,219,206,192
2022-11-08 16:00:00,152,199,193,150,223
2022-11-08 17:00:00,182,172,188,131,280
2022-11-08 18:00:00,179,194,175,140,285
2022-11-08 19:00:00,189,176,195,89.0,289
2022-11-08 20:00:00,171,212,192,71.8,296
2022-11-08 21:00:00,176,284,252,76.7,299
2022-11-08 22:00:00,186,235,250,197,300
2022-11-08 23:00:00,181,285,296,203,302
2022-11-09 00:00:00,175,198,263,283,302
2022-11-09 01:00:00,176,198,166,194,301
2022-11-09 02:00:00,176,191,183,156,298
2022-11-09 03:00:00,172,185,150,154,301
2022-11-09 04:00:00,172,187,155,153,302
2022-11-09 05:00:00,173,185,169,153,299
2022-11-09 06:00:00,171,207,259,128,298
2022-11-09 07:00:00,170,240,270,131,295
2022-11-09 08:00:00,171,219,255,159,294
2022-11-09 09:00:00,172,223,234,132,293
2022-11-09 10:00:00,169,201,186,134,288
2022-11-09 11:00:00,169,186,183,129,277
2022-11-09 12:00:00,166,182,174,150,253
2022-11-09 13:00:00,171,182,160,155,214
2022-11-09 14:00:00,180,194,168,157,158
2022-11-09 15:00:00,179,196,179,166,154
2022-11-09 16:00:00,174,179,199,119,202
2022-11-09 17:00:00,179,196,145,159,296
2022-11-09 18:00:00,175,180,141,156,305
2022-11-09 19:00:00,186,194,172,141,307
2022-11-09 20:00:00,182,215,238,152,300
2022-11-09 21:00:00,181,232,266,143,281
2022-11-09 22:00:00,132,174,292,147,176
2022-11-09 23:00:00,133,164,219,161,164
2022-11-10 00:00:00,161,163,156,183,169
2022-11-10 01:00:00,91.3,192,153,169,161
2022-11-10 02:00:00,61.7,232,161,161,156
2022-11-10 03:00:00,89.1,244,174,156,158
2022-11-10 04:00:00,139,241,161,153,164
2022-11-10 05:00:00,50.3,225,157,166,161
2022-11-10 06:00:00,63.2,236,157,165,170
2022-11-10 07:00:00,109,222,171,170,161
2022-11-10 08:00:00,148,239,160,163,157
2022-11-10 09:00:00,207,238,173,189,156
2022-11-10 10:00:00,244,246,183,190,154
2022-11-10 11:00:00,222,243,176,193,152
2022-11-10 12:00:00,217,240,171,196,150
2022-11-10 13:00:00,207,250,153,162,152
2022-11-10 14:00:00,200,234,143,173,153
2022-11-10 15:00:00,194,244,168,167,152
2022-11-10 16:00:00,180,246,137,160,156
2022-11-10 17:00:00,198,241,148,156,154
2022-11-10 18:00:00,214,249,169,157,156
2022-11-10 19:00:00,123,245,169,169,159
2022-11-10 20:00:00,112,235,161,174,160
2022-11-10 21:00:00,62.3,220,160,182,158
2022-11-10 22:00:00,110,229,148,154,161
2022-11-10 23:00:00,172,246,162,154,157
2022-11-11 00:00:00,178,247,131,156,157
2022-11-11 01:00:00,166,242,165,157,160
2022-11-11 02:00:00,153,243,185,154,157
2022-11-11 03:00:00,55.4,237,162,166,151
2022-11-11 04:00:00,47.6,230,175,155,154
2022-11-11 05:00:00,154,235,215,149,166
2022-11-11 06:00:00,180,223,186,149,168
2022-11-11 07:00:00,94.8,180,218,142,181
2022-11-11 08:00:00,115,179,260,146,179
2022-11-11 09:00:00,157,185,296,206,201
2022-11-11 10:00:00,168,176,264,117,163
2022-11-11 11:00:00,175,181,167,125,283
2022-11-11 12:00:00,166,194,147,159,296
2022-11-11 13:00:00,136,256,175,70,240
2022-11-11 14:00:00,167,242,190,105,242
2022-11-11 15:00:00,155,272,174,168,239
2022-11-11 16:00:00,166,301,221,119,235
2022-11-11 17:00:00,153,315,233,87.9,225
2022-11-11 18:00:00,172,277,210,108,200
2022-11-11 19:00:00,204,274,203,113,235
2022-11-11 20:00:00,280,177,308,285,292
2022-11-11 21:00:00,291,68.7,318,288,298
2022-11-11 22:00:00,286,75.0,308,286,307
2022-11-11 23:00:00,281,121,301,283,302
2022-11-12 00:00:00,266,105,313,289,316
2022-11-12 01:00:00,291,131,322,291,313
2022-11-12 02:00:00,297,120,320,295,308
2022-11-12 03:00:00,293,144,305,291,304
2022-11-12 04:00:00,294,134,315,293,306
2022-11-12 05:00:00,287,164,321,296,306
2022-11-12 06:00:00,285,130,324,301,299
2022-11-12 07:00:00,271,181,315,308,289
2022-11-12 08:00:00,271,225,249,305,185
2022-11-12 09:00:00,274,240,269,298,203
2022-11-12 10:00:00,270,230,285,307,195
2022-11-12 11:00:00,272,216,251,300,206
2022-11-12 12:00:00,272,198,303,309,195
2022-11-12 13:00:00,283,208,324,308,258
2022-11-12 14:00:00,273,195,289,308,212
2022-11-12 15:00:00,277,195,308,305,244
2022-11-12 16:00:00,281,184,324,305,296
2022-11-12 17:00:00,279,192,299,304,252
2022-11-12 18:00:00,277,216,323,310,250
2022-11-12 19:00:00,280,239,289,302,166
2022-11-12 20:00:00,276,240,255,301,149
2022-11-12 21:00:00,270,241,250,307,198
2022-11-12 22:00:00,274,241,254,306,177
2022-11-12 23:00:00,268,237,247,304,204
2022-11-13 00:00:00,270,202,293,307,217
2022-11-13 01:00:00,291,197,317,298,300
2022-11-13 02:00:00,289,210,323,303,294
2022-11-13 03:00:00,288,189,316,303,287
2022-11-13 04:00:00,143,220,310,306,291
2022-11-13 05:00:00,154,160,320,301,307
2022-11-13 06:00:00,208,193,322,309,308
2022-11-13 07:00:00,209,102,323,312,311
2022-11-13 08:00:00,163,58.1,321,316,316
2022-11-13 09:00:00,169,76.7,316,297,317
2022-11-13 10:00:00,206,71.8,323,299,317
2022-11-13 11:00:00,229,163,323,306,314
2022-11-13 12:00:00,255,138,314,297,302
2022-11-13 13:00:00,285,161,326,304,298
2022-11-13 14:00:00,284,180,319,300,300
2022-11-13 15:00:00,284,150,322,299,301
2022-11-13 16:00:00,268,104,316,299,314
2022-11-13 17:00:00,235,102,320,303,314
2022-11-13 18:00:00,285,193,320,301,306
2022-11-13 19:00:00,289,189,302,300,306
2022-11-13 20:00:00,286,159,325,303,306
2022-11-13 21:00:00,274,187,329,311,296
2022-11-13 22:00:00,270,171,315,312,287
2022-11-13 23:00:00,267,197,307,311,264
2022-11-14 00:00:00,268,215,296,311,240
2022-11-14 01:00:00,270,222,303,309,193
2022-11-14 02:00:00,274,197,322,311,305
2022-11-14 03:00:00,276,205,326,314,306
2022-11-14 04:00:00,283,144,318,310,308
2022-11-14 05:00:00,284,209,324,312,305
2022-11-14 06:00:00,279,201,329,312,308
2022-11-14 07:00:00,276,203,319,311,284
2022-11-14 08:00:00,277,202,329,312,285
2022-11-14 09:00:00,278,195,319,313,298
2022-11-14 10:00:00,276,189,323,309,301
2022-11-14 11:00:00,282,168,327,301,269
2022-11-14 12:00:00,260,200,331,307,296
2022-11-14 13:00:00,224,174,325,307,297
2022-11-14 14:00:00,268,196,325,302,281
2022-11-14 15:00:00,256,204,324,310,303
2022-11-14 16:00:00,253,236,321,313,311
2022-11-14 17:00:00,191,218,320,311,298
2022-11-14 18:00:00,183,239,319,312,285
2022-11-14 19:00:00,189,214,316,306,268
2022-11-14 20:00:00,213,260,313,281,310
2022-11-14 21:00:00,204,299,286,287,191
2022-11-14 22:00:00,204,303,299,267,212
2022-11-14 23:00:00,194,270,311,309,186
2022-11-15 00:00:00,154,25.9,293,320,227
2022-11-15 01:00:00,174,16.8,274,312,254
2022-11-15 02:00:00,111,36.7,251,226,272
2022-11-15 03:00:00,87.4,40.7,228,171,203
2022-11-15 04:00:00,125,111,221,49.7,210
2022-11-15 05:00:00,144,194,233,48.4,236
2022-11-15 06:00:00,174,192,228,49.5,209
2022-11-15 07:00:00,172,197,202,45.7,200
2022-11-15 08:00:00,165,216,204,52.6,162
2022-11-15 09:00:00,148,226,206,70.9,166
2022-11-15 10:00:00,152,224,225,68.2,177
2022-11-15 11:00:00,163,257,202,87.9,208
2022-11-15 12:00:00,156,229,224,78.7,197
2022-11-15 13:00:00,152,209,176,107,177
2022-11-15 14:00:00,144,212,189,102,212
2022-11-15 15:00:00,160,233,188,58.4,227
2022-11-15 16:00:00,160,200,215,56.9,247
2022-11-15 17:00:00,161,264,232,72.9,224
2022-11-15 18:00:00,161,224,193,74.6,244
2022-11-15 19:00:00,164,229,196,76.9,251
2022-11-15 20:00:00,160,272,190,96.1,236
2022-11-15 21:00:00,163,242,178,88.4,218
2022-11-15 22:00:00,155,201,222,76.8,198
2022-11-15 23:00:00,160,251,227,72.1,237
2022-11-16 00:00:00,152,267,205,78.3,245
2022-11-16 01:00:00,169,275,251,74.2,205
2022-11-16 02:00:00,161,261,260,72.7,182
2022-11-16 03:00:00,168,230,243,92.5,153
2022-11-16 04:00:00,124,158,254,215,222
2022-11-16 05:00:00,155,102,249,232,240
2022-11-16 06:00:00,163,155,243,276,235
2022-11-16 07:00:00,144,180,237,209,232
2022-11-16 08:00:00,201,75.8,242,247,223
2022-11-16 09:00:00,217,96.5,298,303,247
2022-11-16 10:00:00,259,130,307,307,283
2022-11-16 11:00:00,268,214,306,302,264
2022-11-16 12:00:00,282,171,309,304,222
2022-11-16 13:00:00,286,213,302,310,204
2022-11-16 14:00:00,291,186,307,310,302
2022-11-16 15:00:00,297,151,313,310,305
2022-11-16 16:00:00,281,207,313,313,306
2022-11-16 17:00:00,277,181,316,317,307
2022-11-16 18:00:00,203,184,320,321,304
2022-11-16 19:00:00,233,173,322,341,237
2022-11-16 20:00:00,197,186,323,326,220
2022-11-16 21:00:00,177,221,266,308,221
2022-11-16 22:00:00,274,201,294,318,284
2022-11-16 23:00:00,271,190,319,318,298
2022-11-17 00:00:00,288,180,323,313,311
2022-11-17 01:00:00,292,183,321,318,308
2022-11-17 02:00:00,271,212,299,315,306
2022-11-17 03:00:00,273,214,314,316,310
2022-11-17 04:00:00,271,212,319,312,279
2022-11-17 05:00:00,283,220,320,315,304
2022-11-17 06:00:00,284,184,331,312,292
2022-11-17 07:00:00,287,170,316,305,310
2022-11-17 08:00:00,285,166,320,307,308
2022-11-17 09:00:00,282,172,316,304,313
2022-11-17 10:00:00,284,164,323,307,311
2022-11-17 11:00:00,282,195,324,311,293
2022-11-17 12:00:00,279,184,305,311,254
2022-11-17 13:00:00,277,177,322,309,293
2022-11-17 14:00:00,280,170,326,308,286
2022-11-17 15:00:00,278,172,331,310,288
2022-11-17 16:00:00,286,157,326,307,308
2022-11-17 17:00:00,284,179,329,313,312
2022-11-17 18:00:00,274,227,269,291,209
2022-11-17 19:00:00,275,231,229,284,178
2022-11-17 20:00:00,275,241,252,286,162
2022-11-17 21:00:00,255,237,198,207,150
2022-11-17 22:00:00,264,238,204,246,146
2022-11-17 23:00:00,272,237,206,255,157
2022-11-18 00:00:00,277,231,245,299,191
2022-11-18 01:00:00,277,240,250,307,163
2022-11-18 02:00:00,273,241,242,292,174
2022-11-18 03:00:00,273,241,256,303,238
2022-11-18 04:00:00,273,240,224,288,174
2022-11-18 05:00:00,270,238,273,300,236
2022-11-18 06:00:00,273,236,250,300,215
2022-11-18 07:00:00,277,242,256,310,202
2022-11-18 08:00:00,274,229,301,306,259
2022-11-18 09:00:00,275,238,275,310,210
2022-11-18 10:00:00,278,237,246,301,179
2022-11-18 11:00:00,275,236,249,295,163
2022-11-18 11:04:16,283,247,215,320,213

