"Time","WindGust {DeviceID=""AirSENCE-032206C140232"", name=""Pollutant""}","WindGust {DeviceID=""AirSENCE-032223EF40231"", name=""Pollutant""}","WindGust {DeviceID=""AirSENCE-1021C46E40217"", name=""Pollutant""}","WindGust {DeviceID=""AirSENCE-1021C65A40214"", name=""Pollutant""}","WindGust {DeviceID=""AirSENCE-1021C6C640218"", name=""Pollutant""}"
2022-10-09 12:00:00,2.53,1.80,3.37,3.03,2.10
2022-10-09 13:00:00,2.09,1.46,2.69,2.66,1.98
2022-10-09 14:00:00,1.40,1.60,2.37,2.34,1.76
2022-10-09 15:00:00,1.46,2.10,1.64,2.65,2.63
2022-10-09 16:00:00,0.739,0.967,1.32,1.84,1.68
2022-10-09 17:00:00,1.41,1.42,1.68,2.46,2.68
2022-10-09 18:00:00,0.839,1.38,1.62,2.06,2.31
2022-10-09 19:00:00,1.79,1.20,2.22,3.25,2.31
2022-10-09 20:00:00,1.87,1.04,2.38,3.42,2.08
2022-10-09 21:00:00,1.62,0.554,2.12,2.30,1.69
2022-10-09 22:00:00,1.04,0.632,1.33,1.43,1.41
2022-10-09 23:00:00,1.09,0.995,1.30,1.30,1.23
2022-10-10 00:00:00,1.65,2.31,1.80,1.50,1.37
2022-10-10 01:00:00,1.12,2.03,1.17,1.19,1.07
2022-10-10 02:00:00,0.623,1.20,0.918,0.981,0.896
2022-10-10 03:00:00,0.798,1.71,1.01,0.990,1.07
2022-10-10 04:00:00,0.935,1.98,1.20,1.11,1.09
2022-10-10 05:00:00,0.711,1.65,1.16,0.993,1.29
2022-10-10 06:00:00,0.302,0.792,0.844,0.682,1.02
2022-10-10 07:00:00,0.499,0.988,1.11,0.970,1.12
2022-10-10 08:00:00,0.614,1.22,1.08,0.956,1.43
2022-10-10 09:00:00,0.855,1.40,1.58,1.19,1.45
2022-10-10 10:00:00,1.14,1.77,1.97,1.41,1.63
2022-10-10 11:00:00,1.09,1.59,1.53,1.36,1.28
2022-10-10 12:00:00,1.79,1.63,2.49,2.07,1.55
2022-10-10 13:00:00,1.62,2.17,2.35,2.37,1.91
2022-10-10 14:00:00,1.68,1.76,2.26,2.18,1.49
2022-10-10 15:00:00,2.24,3.08,2.10,2.85,2.95
2022-10-10 16:00:00,2.33,3.08,1.24,2.07,3.79
2022-10-10 17:00:00,2.15,3.00,1.12,1.79,3.22
2022-10-10 18:00:00,1.70,2.31,1.30,2.06,1.89
2022-10-10 19:00:00,1.57,1.46,1.20,1.76,1.14
2022-10-10 20:00:00,0.207,1.14,0.740,0.841,1.19
2022-10-10 21:00:00,0.224,1.14,1.27,1.33,2.17
2022-10-10 22:00:00,1.58,0.724,1.65,2.54,1.63
2022-10-10 23:00:00,1.43,0.608,1.65,1.76,1.92
2022-10-11 00:00:00,1.68,0.800,1.59,2.11,1.79
2022-10-11 01:00:00,1.74,0.543,1.65,2.82,1.80
2022-10-11 02:00:00,1.50,0.569,1.28,1.29,2.10
2022-10-11 03:00:00,0.686,0.372,1.07,0.887,1.58
2022-10-11 04:00:00,0.405,0.171,0.783,0.551,1.59
2022-10-11 05:00:00,0.0405,0.0676,0.859,0.651,1.07
2022-10-11 06:00:00,0.0784,0.149,0.848,0.623,1.10
2022-10-11 07:00:00,0.234,0.129,0.666,0.764,0.765
2022-10-11 08:00:00,0.264,0.0306,1.22,0.781,1.31
2022-10-11 09:00:00,0.493,0.384,0.766,0.903,2.08
2022-10-11 10:00:00,1.50,1.29,0.794,1.32,2.07
2022-10-11 11:00:00,1.85,2.35,1.26,1.67,1.51
2022-10-11 12:00:00,1.25,1.92,1.84,1.82,3.15
2022-10-11 13:00:00,1.07,1.81,1.53,1.68,2.93
2022-10-11 14:00:00,1.36,1.96,1.37,1.66,2.79
2022-10-11 15:00:00,2.02,2.79,1.81,2.70,3.23
2022-10-11 16:00:00,2.52,3.05,1.43,2.28,2.27
2022-10-11 17:00:00,2.42,2.76,1.63,2.98,1.45
2022-10-11 18:00:00,1.93,1.59,1.47,2.47,1.69
2022-10-11 19:00:00,0.710,1.71,2.16,3.10,3.56
2022-10-11 20:00:00,0.309,1.80,2.86,2.75,4.38
2022-10-11 21:00:00,0.178,1.64,2.20,2.64,3.63
2022-10-11 22:00:00,0.392,1.53,1.88,3.21,2.60
2022-10-11 23:00:00,0.970,1.79,1.22,3.74,2.74
2022-10-12 00:00:00,1.17,1.69,1.53,4.03,3.12
2022-10-12 01:00:00,1.34,1.71,1.69,3.97,3.02
2022-10-12 02:00:00,1.27,1.76,1.43,3.83,3.11
2022-10-12 03:00:00,1.04,1.65,1.74,3.90,2.89
2022-10-12 04:00:00,0.831,1.30,1.28,3.33,2.50
2022-10-12 05:00:00,0.532,1.44,0.968,3.46,2.27
2022-10-12 06:00:00,0.487,1.35,0.719,2.59,2.36
2022-10-12 07:00:00,0.510,1.31,0.672,1.96,2.09
2022-10-12 08:00:00,0.871,1.52,0.969,2.36,2.14
2022-10-12 09:00:00,1.64,2.14,1.07,1.95,2.28
2022-10-12 10:00:00,2.32,3.33,2.11,3.34,3.36
2022-10-12 11:00:00,2.45,3.85,2.37,3.73,4.25
2022-10-12 12:00:00,2.30,3.59,2.24,3.77,4.18
2022-10-12 13:00:00,2.15,4.12,3.21,5.61,4.31
2022-10-12 14:00:00,2.10,3.58,2.38,4.34,4.47
2022-10-12 15:00:00,2.50,3.34,2.44,4.02,3.74
2022-10-12 16:00:00,1.88,3.40,1.99,4.49,4.27
2022-10-12 17:00:00,2.28,2.59,2.16,3.85,3.21
2022-10-12 18:00:00,1.49,1.55,1.27,2.19,1.87
2022-10-12 19:00:00,1.64,1.67,1.22,2.01,2.02
2022-10-12 20:00:00,1.55,1.68,0.981,1.50,1.89
2022-10-12 21:00:00,1.68,2.27,1.50,2.62,2.98
2022-10-12 22:00:00,1.97,3.11,2.46,3.91,4.10
2022-10-12 23:00:00,2.19,2.78,1.92,3.32,3.08
2022-10-13 00:00:00,2.42,3.98,2.84,5.13,4.32
2022-10-13 01:00:00,2.25,4.29,3.33,5.65,4.68
2022-10-13 02:00:00,2.36,4.12,3.18,6.49,5.28
2022-10-13 03:00:00,2.05,3.24,1.82,4.47,4.53
2022-10-13 04:00:00,2.24,3.80,2.68,5.16,4.46
2022-10-13 05:00:00,2.33,4.44,2.34,5.44,4.30
2022-10-13 06:00:00,2.40,3.95,1.84,4.19,5.52
2022-10-13 07:00:00,1.55,3.67,1.73,3.96,5.69
2022-10-13 08:00:00,1.39,2.55,1.70,2.95,4.63
2022-10-13 09:00:00,1.46,2.13,1.64,1.93,2.04
2022-10-13 10:00:00,2.45,2.29,2.39,3.77,2.33
2022-10-13 11:00:00,1.33,2.18,2.22,2.54,3.42
2022-10-13 12:00:00,1.05,1.72,1.60,2.31,3.28
2022-10-13 13:00:00,1.52,2.30,1.64,2.50,4.40
2022-10-13 14:00:00,1.74,2.85,1.86,3.21,5.40
2022-10-13 15:00:00,1.86,3.21,2.09,3.92,4.56
2022-10-13 16:00:00,1.74,3.17,1.94,3.69,5.14
2022-10-13 17:00:00,1.62,3.51,2.37,3.76,6.52
2022-10-13 18:00:00,1.12,2.88,2.89,3.00,7.33
2022-10-13 19:00:00,0.922,2.27,2.97,2.55,5.60
2022-10-13 20:00:00,0.708,2.03,2.32,2.41,4.48
2022-10-13 21:00:00,0.476,1.64,1.84,2.24,3.19
2022-10-13 22:00:00,0.269,1.65,1.98,2.04,3.14
2022-10-13 23:00:00,0.452,1.28,1.33,1.57,2.24
2022-10-14 00:00:00,0.228,1.07,1.15,1.19,2.06
2022-10-14 01:00:00,0.131,0.516,0.827,0.704,1.29
2022-10-14 02:00:00,0.577,1.24,1.42,2.03,2.00
2022-10-14 03:00:00,1.46,2.15,1.91,3.95,3.64
2022-10-14 04:00:00,1.50,2.72,1.37,3.70,4.86
2022-10-14 05:00:00,1.000,2.55,1.72,3.10,4.66
2022-10-14 06:00:00,0.378,1.48,1.40,1.42,2.84
2022-10-14 07:00:00,0.312,1.25,1.20,1.41,2.19
2022-10-14 08:00:00,0.522,1.11,1.15,1.49,1.96
2022-10-14 09:00:00,0.610,1.15,1.13,1.24,2.11
2022-10-14 10:00:00,1.01,1.55,1.72,1.74,3.06
2022-10-14 11:00:00,1.53,1.59,2.26,2.43,3.15
2022-10-14 12:00:00,1.39,2.71,2.59,3.15,4.62
2022-10-14 13:00:00,1.45,2.70,1.59,2.70,4.73
2022-10-14 14:00:00,1.74,3.18,2.18,3.00,4.32
2022-10-14 15:00:00,1.76,3.81,2.51,3.81,4.61
2022-10-14 16:00:00,2.83,3.26,1.75,2.88,3.72
2022-10-14 17:00:00,2.57,2.88,1.54,2.83,2.93
2022-10-14 18:00:00,2.24,2.13,1.51,2.25,2.28
2022-10-14 19:00:00,0.874,1.45,1.42,2.89,2.55
2022-10-14 20:00:00,0.276,0.799,0.802,1.26,0.581
2022-10-14 21:00:00,0.111,0.316,0.804,1.45,1.79
2022-10-14 22:00:00,1.30,0.949,1.31,1.81,2.85
2022-10-14 23:00:00,1.90,1.69,2.05,3.33,3.60
2022-10-15 00:00:00,1.92,1.63,1.62,3.01,3.26
2022-10-15 01:00:00,1.13,1.39,1.22,2.32,2.42
2022-10-15 02:00:00,1.42,1.64,1.27,2.14,1.66
2022-10-15 03:00:00,1.71,1.96,1.22,2.08,1.55
2022-10-15 04:00:00,1.46,1.82,1.42,2.49,1.64
2022-10-15 05:00:00,1.65,1.81,1.42,3.00,2.42
2022-10-15 06:00:00,2.57,2.20,1.50,3.52,3.43
2022-10-15 07:00:00,3.57,3.21,2.51,4.22,3.51
2022-10-15 08:00:00,3.75,3.42,2.77,4.63,3.49
2022-10-15 09:00:00,2.59,3.35,2.25,3.81,4.32
2022-10-15 10:00:00,1.55,3.03,1.87,3.18,5.60
2022-10-15 11:00:00,1.59,3.15,3.51,3.71,7.39
2022-10-15 12:00:00,1.83,2.53,3.18,3.72,4.95
2022-10-15 13:00:00,3.29,2.96,5.13,6.08,6.80
2022-10-15 14:00:00,2.72,3.48,5.40,5.74,7.63
2022-10-15 15:00:00,2.16,3.69,4.58,4.58,8.37
2022-10-15 16:00:00,2.80,3.36,5.30,5.61,7.08
2022-10-15 17:00:00,2.88,2.94,4.46,5.44,6.09
2022-10-15 18:00:00,1.61,2.96,3.64,3.97,6.22
2022-10-15 19:00:00,1.53,2.12,2.69,3.30,4.61
2022-10-15 20:00:00,1.30,1.93,2.16,2.85,4.00
2022-10-15 21:00:00,0.875,1.82,2.44,2.12,3.72
2022-10-15 22:00:00,0.678,1.82,2.43,2.26,3.00
2022-10-15 23:00:00,0.821,1.76,2.32,2.15,3.29
2022-10-16 00:00:00,1.77,1.95,2.80,3.40,3.14
2022-10-16 01:00:00,1.40,2.04,2.45,2.77,3.44
2022-10-16 02:00:00,1.32,1.86,2.28,2.45,2.46
2022-10-16 03:00:00,0.142,1.50,1.92,2.04,2.28
2022-10-16 04:00:00,0.261,1.09,2.32,2.40,2.22
2022-10-16 05:00:00,0.690,1.06,2.32,2.19,2.18
2022-10-16 06:00:00,1.06,1.50,1.09,2.99,2.67
2022-10-16 07:00:00,0.669,1.34,1.71,2.44,2.35
2022-10-16 08:00:00,0.419,1.26,2.42,2.20,2.20
2022-10-16 09:00:00,0.668,1.27,2.04,2.21,2.19
2022-10-16 10:00:00,1.07,1.64,0.994,2.75,2.62
2022-10-16 11:00:00,1.32,2.24,1.67,2.96,3.08
2022-10-16 12:00:00,1.52,3.25,2.02,3.09,5.17
2022-10-16 13:00:00,1.69,3.21,1.99,2.77,5.77
2022-10-16 14:00:00,1.81,3.12,2.20,3.25,5.97
2022-10-16 15:00:00,1.46,2.61,1.71,2.90,4.82
2022-10-16 16:00:00,1.41,2.20,1.43,2.38,3.96
2022-10-16 17:00:00,0.942,1.61,1.56,2.07,2.76
2022-10-16 18:00:00,1.03,0.952,1.66,1.52,1.54
2022-10-16 19:00:00,1.28,1.01,1.92,1.67,1.39
2022-10-16 20:00:00,1.06,0.602,1.50,1.43,1.47
2022-10-16 21:00:00,0.892,0.449,1.15,1.17,1.30
2022-10-16 22:00:00,1.07,1.30,1.43,1.27,1.28
2022-10-16 23:00:00,0.720,1.06,0.551,0.918,1.03
2022-10-17 00:00:00,0.767,0.939,0.340,0.908,0.837
2022-10-17 01:00:00,1.03,1.21,0.435,1.04,0.873
2022-10-17 02:00:00,0.443,1.20,0.334,0.800,0.740
2022-10-17 03:00:00,0.218,0.732,0.216,0.712,0.746
2022-10-17 04:00:00,0.378,0.674,0.613,0.826,0.933
2022-10-17 05:00:00,0.495,0.286,0.216,0.717,1.07
2022-10-17 06:00:00,0.435,0.245,0.284,0.992,1.46
2022-10-17 07:00:00,0.917,1.01,0.930,1.67,1.50
2022-10-17 08:00:00,1.31,1.84,1.32,2.01,2.35
2022-10-17 09:00:00,1.26,1.95,2.36,2.27,4.64
2022-10-17 10:00:00,1.22,2.22,2.35,2.57,4.65
2022-10-17 11:00:00,1.73,2.64,1.55,2.35,4.60
2022-10-17 12:00:00,1.74,2.81,1.65,2.59,4.81
2022-10-17 13:00:00,1.86,3.03,1.82,2.98,5.13
2022-10-17 14:00:00,2.11,3.25,2.07,3.42,5.58
2022-10-17 15:00:00,2.03,3.47,2.29,3.73,5.03
2022-10-17 16:00:00,1.71,3.85,2.15,3.61,7.46
2022-10-17 17:00:00,1.66,2.91,1.86,3.41,5.99
2022-10-17 18:00:00,1.49,3.15,1.70,2.81,5.36
2022-10-17 19:00:00,1.00,2.25,1.79,2.48,4.16
2022-10-17 20:00:00,1.36,2.52,1.55,2.74,4.48
2022-10-17 21:00:00,1.60,2.77,1.78,3.19,5.32
2022-10-17 22:00:00,1.77,3.08,1.77,3.78,4.88
2022-10-17 23:00:00,1.86,2.93,1.99,3.86,3.91
2022-10-18 00:00:00,1.73,2.66,1.81,3.31,3.60
2022-10-18 01:00:00,1.54,1.72,1.15,1.61,1.94
2022-10-18 02:00:00,0.639,0.811,1.20,1.18,0.781
2022-10-18 03:00:00,0.824,1.32,1.55,1.27,1.31
2022-10-18 04:00:00,1.24,1.35,1.82,1.40,1.27
2022-10-18 05:00:00,1.25,1.36,1.92,1.54,1.38
2022-10-18 06:00:00,1.25,1.29,1.77,1.48,1.48
2022-10-18 07:00:00,1.62,1.04,1.88,1.85,1.37
2022-10-18 08:00:00,1.65,1.28,1.82,1.99,1.69
2022-10-18 09:00:00,1.88,1.27,1.80,2.48,1.69
2022-10-18 10:00:00,1.60,1.44,1.91,2.27,2.67
2022-10-18 11:00:00,1.04,1.90,1.83,1.89,4.07
2022-10-18 12:00:00,1.07,2.32,2.17,2.28,4.49
2022-10-18 13:00:00,1.36,2.62,3.16,2.82,5.82
2022-10-18 14:00:00,1.16,2.77,2.85,2.58,5.98
2022-10-18 15:00:00,1.64,3.07,1.95,3.17,5.80
2022-10-18 16:00:00,1.01,2.18,2.04,2.08,4.74
2022-10-18 17:00:00,1.17,2.81,2.42,2.31,5.50
2022-10-18 18:00:00,1.19,2.16,1.75,2.25,4.18
2022-10-18 19:00:00,0.949,2.08,1.80,1.82,3.98
2022-10-18 20:00:00,0.937,2.05,1.49,1.68,3.75
2022-10-18 21:00:00,1.05,2.14,1.39,2.43,3.38
2022-10-18 22:00:00,1.20,2.39,1.35,2.76,3.73
2022-10-18 23:00:00,0.723,1.95,1.64,2.01,3.72
2022-10-19 00:00:00,0.989,1.82,1.47,1.65,3.10
2022-10-19 01:00:00,1.04,1.71,1.58,1.99,3.20
2022-10-19 02:00:00,1.10,1.56,1.22,1.55,3.10
2022-10-19 03:00:00,0.540,1.34,1.10,1.09,2.62
2022-10-19 04:00:00,0.566,1.05,1.30,1.33,2.20
2022-10-19 05:00:00,0.752,0.919,1.41,1.32,1.87
2022-10-19 06:00:00,0.854,0.901,1.11,1.08,1.96
2022-10-19 07:00:00,0.992,1.00,1.25,1.28,1.98
2022-10-19 08:00:00,0.881,1.11,1.23,1.03,2.02
2022-10-19 09:00:00,1.04,1.08,1.43,1.33,2.35
2022-10-19 10:00:00,1.39,1.71,2.00,2.15,2.72
2022-10-19 11:00:00,1.30,1.73,2.00,2.22,3.06
2022-10-19 12:00:00,1.46,1.79,2.17,2.27,3.04
2022-10-19 13:00:00,1.27,2.20,1.78,1.93,4.01
2022-10-19 14:00:00,1.58,2.33,1.82,2.33,3.08
2022-10-19 15:00:00,1.70,3.02,2.06,2.90,3.64
2022-10-19 16:00:00,1.32,2.14,1.47,2.36,3.88
2022-10-19 17:00:00,1.76,2.13,2.68,2.95,3.87
2022-10-19 18:00:00,2.54,1.69,3.56,3.74,3.24
2022-10-19 19:00:00,2.56,1.52,3.43,3.99,2.66
2022-10-19 20:00:00,3.02,1.67,3.39,4.26,2.97
2022-10-19 21:00:00,2.46,2.09,3.29,3.90,3.72
2022-10-19 22:00:00,2.05,2.65,3.69,3.83,5.51
2022-10-19 23:00:00,1.66,2.22,2.70,3.21,4.98
2022-10-20 00:00:00,2.18,1.92,3.00,3.86,4.33
2022-10-20 01:00:00,1.73,2.20,3.00,3.53,4.32
2022-10-20 02:00:00,1.50,1.96,2.59,3.09,4.09
2022-10-20 03:00:00,1.99,2.06,3.19,3.73,4.87
2022-10-20 04:00:00,1.88,2.24,3.19,3.63,4.50
2022-10-20 05:00:00,1.47,2.40,2.75,2.92,5.70
2022-10-20 06:00:00,1.23,2.67,3.21,2.75,6.59
2022-10-20 07:00:00,1.10,2.81,3.07,3.03,6.73
2022-10-20 08:00:00,1.27,2.52,2.67,2.57,5.93
2022-10-20 09:00:00,1.19,2.42,2.97,2.89,5.53
2022-10-20 10:00:00,1.22,2.37,2.77,2.92,5.86
2022-10-20 11:00:00,1.63,2.60,3.40,3.57,5.40
2022-10-20 12:00:00,1.67,2.81,3.64,3.63,5.96
2022-10-20 13:00:00,1.86,2.80,3.92,4.11,6.24
2022-10-20 14:00:00,2.12,3.03,4.18,4.36,7.45
2022-10-20 15:00:00,2.02,2.60,3.26,4.03,4.88
2022-10-20 16:00:00,1.33,2.60,3.08,2.92,5.88
2022-10-20 17:00:00,1.24,2.64,2.79,2.77,5.74
2022-10-20 18:00:00,1.31,2.74,1.95,2.55,5.59
2022-10-20 19:00:00,1.05,2.52,2.88,2.67,5.80
2022-10-20 20:00:00,0.999,1.83,1.95,1.81,4.03
2022-10-20 21:00:00,0.723,1.55,1.84,1.78,3.34
2022-10-20 22:00:00,0.958,1.97,2.26,2.13,4.50
2022-10-20 23:00:00,1.15,1.66,1.88,2.11,2.94
2022-10-21 00:00:00,1.06,1.44,1.38,1.77,2.26
2022-10-21 01:00:00,0.764,1.09,1.61,1.95,2.34
2022-10-21 02:00:00,0.630,0.875,1.75,1.88,2.30
2022-10-21 03:00:00,0.629,0.915,1.41,1.59,1.75
2022-10-21 04:00:00,0.568,0.843,1.27,1.08,1.23
2022-10-21 05:00:00,0.234,0.508,1.48,1.50,1.19
2022-10-21 06:00:00,0.137,0.266,0.845,0.808,1.15
2022-10-21 07:00:00,0.322,0.409,0.797,1.83,1.97
2022-10-21 08:00:00,0.396,0.406,0.899,1.36,1.94
2022-10-21 09:00:00,0.312,0.752,0.636,1.01,1.42
2022-10-21 10:00:00,1.17,2.24,0.932,1.65,2.03
2022-10-21 11:00:00,1.66,3.61,2.08,3.77,5.11
2022-10-21 12:00:00,2.22,4.26,1.88,3.56,5.03
2022-10-21 13:00:00,2.13,4.13,2.34,4.74,5.87
2022-10-21 14:00:00,2.37,4.08,2.83,5.04,6.03
2022-10-21 15:00:00,2.34,3.60,2.67,5.39,6.19
2022-10-21 16:00:00,1.85,3.99,2.13,4.51,6.81
2022-10-21 17:00:00,1.79,3.71,1.91,4.93,6.83
2022-10-21 18:00:00,1.67,3.44,2.15,4.69,6.70
2022-10-21 19:00:00,1.79,2.74,1.75,4.42,5.41
2022-10-21 20:00:00,1.60,2.94,1.59,3.81,4.40
2022-10-21 21:00:00,1.44,2.81,1.48,4.24,3.91
2022-10-21 22:00:00,1.58,2.55,1.91,4.58,4.00
2022-10-21 23:00:00,1.51,2.90,1.80,4.71,4.21
2022-10-22 00:00:00,1.55,2.70,1.93,4.94,4.96
2022-10-22 01:00:00,1.71,2.76,2.23,4.80,5.67
2022-10-22 02:00:00,1.48,2.83,3.03,5.00,5.80
2022-10-22 03:00:00,1.16,3.19,3.91,4.84,6.46
2022-10-22 04:00:00,1.10,3.23,3.38,5.07,6.12
2022-10-22 05:00:00,0.930,3.07,3.69,4.73,5.72
2022-10-22 06:00:00,0.684,2.36,3.44,4.40,4.33
2022-10-22 07:00:00,1.17,2.19,2.44,4.72,4.12
2022-10-22 08:00:00,0.746,2.07,2.76,4.47,4.03
2022-10-22 09:00:00,0.661,1.79,2.87,3.96,3.13
2022-10-22 10:00:00,1.04,2.39,2.06,3.57,3.90
2022-10-22 11:00:00,1.38,3.02,1.90,3.62,6.15
2022-10-22 12:00:00,1.49,3.29,1.68,3.89,6.34
2022-10-22 13:00:00,1.67,3.43,1.79,3.93,5.60
2022-10-22 14:00:00,2.07,3.70,1.86,3.86,5.06
2022-10-22 15:00:00,2.08,3.88,2.78,4.80,4.80
2022-10-22 16:00:00,2.14,3.76,2.11,4.04,4.31
2022-10-22 17:00:00,2.26,3.96,1.93,3.67,4.02
2022-10-22 18:00:00,1.26,2.53,2.09,3.87,2.91
2022-10-22 19:00:00,0.308,1.32,0.678,1.92,1.68
2022-10-22 20:00:00,0.255,1.03,0.606,1.08,1.46
2022-10-22 21:00:00,0.207,0.288,1.13,1.17,2.24
2022-10-22 22:00:00,0.0792,0.300,0.594,0.919,1.63
2022-10-22 23:00:00,0.207,0.370,1.34,1.10,1.63
2022-10-23 00:00:00,0.219,0.524,1.76,2.18,1.68
2022-10-23 01:00:00,0.398,1.67,1.32,3.42,1.91
2022-10-23 02:00:00,0.434,1.02,0.735,2.18,1.55
2022-10-23 03:00:00,0.271,0.862,1.22,1.34,1.71
2022-10-23 04:00:00,0.203,0.0316,1.32,0.957,1.41
2022-10-23 05:00:00,0.155,0.0648,1.20,0.986,1.17
2022-10-23 06:00:00,0.209,0.790,0.549,0.777,1.19
2022-10-23 07:00:00,0.446,0.827,0.341,0.998,1.10
2022-10-23 08:00:00,0.0413,0.0654,0.277,0.831,1.73
2022-10-23 09:00:00,0.419,0.382,0.163,1.20,1.90
2022-10-23 10:00:00,0.484,0.692,0.155,0.935,1.62
2022-10-23 11:00:00,1.63,0.833,0.587,0.937,1.77
2022-10-23 12:00:00,1.98,1.43,1.58,1.60,1.77
2022-10-23 13:00:00,2.27,1.74,1.77,2.05,2.30
2022-10-23 14:00:00,2.42,2.29,2.41,2.91,2.36
2022-10-23 15:00:00,2.88,1.49,1.73,2.17,2.63
2022-10-23 16:00:00,2.59,1.52,1.43,1.55,2.48
2022-10-23 17:00:00,2.54,1.35,1.37,1.38,2.31
2022-10-23 18:00:00,2.16,1.29,1.33,1.43,2.49
2022-10-23 19:00:00,1.27,1.01,0.563,1.32,1.70
2022-10-23 20:00:00,1.16,1.55,0.439,1.11,1.63
2022-10-23 21:00:00,0.979,1.38,0.385,1.24,1.24
2022-10-23 22:00:00,0.619,2.00,0.300,1.09,1.49
2022-10-23 23:00:00,1.16,1.79,0.229,1.17,1.51
2022-10-24 00:00:00,0.686,1.81,0.133,1.08,1.40
2022-10-24 01:00:00,0.959,1.23,0.598,1.08,1.26
2022-10-24 02:00:00,0.634,0.792,0.771,1.06,0.893
2022-10-24 03:00:00,0.0855,0.414,0.439,1.15,0.979
2022-10-24 04:00:00,0.198,0.640,0.642,1.04,1.35
2022-10-24 05:00:00,0.425,1.31,0.433,0.781,1.15
2022-10-24 06:00:00,0.244,0.831,0.233,1.08,1.15
2022-10-24 07:00:00,0.299,0.910,0.543,1.09,1.21
2022-10-24 08:00:00,0.418,0.854,0.288,1.37,1.04
2022-10-24 09:00:00,0.345,0.782,0.318,1.19,1.10
2022-10-24 10:00:00,1.11,0.881,0.464,1.13,1.52
2022-10-24 11:00:00,1.49,1.49,1.04,1.36,1.73
2022-10-24 12:00:00,1.92,1.56,1.62,1.89,1.86
2022-10-24 13:00:00,2.50,1.98,1.43,1.39,1.93
2022-10-24 14:00:00,2.20,1.96,2.16,2.33,2.65
2022-10-24 15:00:00,2.21,2.08,1.52,2.08,2.05
2022-10-24 16:00:00,2.52,2.06,1.63,2.28,2.03
2022-10-24 17:00:00,2.13,1.67,1.41,1.83,2.35
2022-10-24 18:00:00,1.72,1.03,1.14,1.20,2.35
2022-10-24 19:00:00,1.22,0.431,0.698,1.14,1.82
2022-10-24 20:00:00,1.36,0.812,0.483,1.23,1.92
2022-10-24 21:00:00,0.914,0.775,0.362,1.28,2.09
2022-10-24 22:00:00,1.71,0.750,0.717,1.24,2.28
2022-10-24 23:00:00,1.68,1.09,0.639,1.49,2.34
2022-10-25 00:00:00,0.975,1.08,0.619,1.10,1.71
2022-10-25 01:00:00,0.595,1.55,0.222,1.07,1.05
2022-10-25 02:00:00,0.756,1.82,0.462,1.43,0.877
2022-10-25 03:00:00,1.28,1.45,1.06,1.28,1.48
2022-10-25 04:00:00,1.28,0.901,0.805,1.24,1.86
2022-10-25 05:00:00,1.90,1.06,1.43,1.58,1.81
2022-10-25 06:00:00,1.00,0.535,0.630,1.20,1.28
2022-10-25 07:00:00,0.400,0.547,0.662,0.961,0.864
2022-10-25 08:00:00,0.489,1.36,0.287,0.911,0.484
2022-10-25 09:00:00,0.674,1.14,0.524,1.13,0.679
2022-10-25 10:00:00,0.877,0.859,0.358,0.877,0.638
2022-10-25 11:00:00,1.63,0.910,0.745,0.939,1.58
2022-10-25 12:00:00,2.19,1.65,2.03,2.50,2.09
2022-10-25 13:00:00,2.32,1.97,2.11,2.51,2.02
2022-10-25 14:00:00,1.97,2.18,1.47,1.60,1.86
2022-10-25 15:00:00,2.23,2.23,1.63,2.10,1.93
2022-10-25 16:00:00,2.31,1.40,1.63,2.35,2.42
2022-10-25 17:00:00,2.31,1.05,1.33,1.60,2.47
2022-10-25 18:00:00,2.20,0.856,1.08,1.50,2.39
2022-10-25 19:00:00,1.98,0.898,0.840,1.29,2.47
2022-10-25 20:00:00,1.72,1.11,0.830,1.33,1.86
2022-10-25 21:00:00,1.70,0.879,0.610,1.40,2.05
2022-10-25 22:00:00,1.39,0.445,0.399,1.20,1.79
2022-10-25 23:00:00,1.53,0.616,0.434,1.26,1.83
2022-10-26 00:00:00,0.961,0.735,0.788,1.56,1.57
2022-10-26 01:00:00,0.817,0.892,0.752,1.17,1.45
2022-10-26 02:00:00,0.487,0.733,0.682,1.16,1.27
2022-10-26 03:00:00,0.258,0.389,0.937,1.61,1.75
2022-10-26 04:00:00,0.0664,0.117,0.302,1.12,1.74
2022-10-26 05:00:00,0.489,0.825,0.236,1.05,1.56
2022-10-26 06:00:00,0.191,0.463,0.226,1.06,1.87
2022-10-26 07:00:00,0.744,0.653,0.377,1.10,1.92
2022-10-26 08:00:00,0.241,0.301,0.508,1.16,1.85
2022-10-26 09:00:00,0.747,0.366,0.300,1.08,2.06
2022-10-26 10:00:00,1.28,1.27,0.988,1.89,2.26
2022-10-26 11:00:00,2.06,1.91,1.48,2.13,2.21
2022-10-26 12:00:00,1.47,1.97,1.49,2.17,2.60
2022-10-26 13:00:00,1.08,2.24,1.57,2.40,3.98
2022-10-26 14:00:00,1.18,2.08,1.45,2.90,3.36
2022-10-26 15:00:00,1.67,2.30,1.80,3.05,3.68
2022-10-26 16:00:00,2.06,2.25,2.76,3.08,3.93
2022-10-26 17:00:00,1.80,2.65,2.72,3.23,5.52
2022-10-26 18:00:00,1.45,2.64,3.05,3.58,5.27
2022-10-26 19:00:00,1.88,1.80,3.52,3.27,4.29
2022-10-26 20:00:00,2.64,1.54,4.25,3.47,3.58
2022-10-26 21:00:00,2.51,1.57,4.13,3.50,2.96
2022-10-26 22:00:00,2.88,1.87,4.81,3.98,3.00
2022-10-26 23:00:00,2.90,1.88,5.07,3.84,3.05
2022-10-27 00:00:00,2.69,2.27,5.15,4.17,3.29
2022-10-27 01:00:00,3.07,2.86,5.32,4.29,3.41
2022-10-27 02:00:00,2.52,1.78,4.54,3.18,2.80
2022-10-27 03:00:00,2.60,1.79,4.47,3.42,2.76
2022-10-27 04:00:00,2.51,2.51,4.84,3.64,2.73
2022-10-27 05:00:00,1.96,1.74,3.25,2.56,2.20
2022-10-27 06:00:00,1.84,2.32,2.92,2.29,2.29
2022-10-27 07:00:00,1.47,2.09,2.11,1.69,1.79
2022-10-27 08:00:00,0.943,1.84,1.77,1.48,1.75
2022-10-27 09:00:00,0.802,1.41,1.31,1.13,1.44
2022-10-27 10:00:00,1.18,1.20,1.52,1.39,1.45
2022-10-27 11:00:00,1.31,1.33,1.78,1.72,1.62
2022-10-27 12:00:00,1.42,1.55,2.45,1.86,1.51
2022-10-27 13:00:00,1.76,2.24,2.48,1.97,2.01
2022-10-27 14:00:00,1.95,2.70,2.85,2.26,1.98
2022-10-27 15:00:00,1.88,2.36,2.87,2.25,2.37
2022-10-27 16:00:00,1.68,2.77,2.44,1.95,1.70
2022-10-27 17:00:00,1.42,2.46,2.32,2.00,1.71
2022-10-27 18:00:00,1.06,1.86,2.09,1.68,1.85
2022-10-27 19:00:00,0.519,1.17,1.46,1.33,1.39
2022-10-27 20:00:00,0.596,1.30,1.28,1.23,1.39
2022-10-27 21:00:00,0.779,1.41,0.949,1.14,1.39
2022-10-27 22:00:00,0.834,1.16,0.715,0.898,1.05
2022-10-27 23:00:00,0.636,0.925,0.749,0.980,1.22
2022-10-28 00:00:00,0.641,1.09,0.933,0.816,1.20
2022-10-28 01:00:00,0.601,1.21,1.21,1.23,1.66
2022-10-28 02:00:00,0.693,1.53,1.40,1.24,1.53
2022-10-28 03:00:00,0.518,1.47,1.13,1.01,1.28
2022-10-28 04:00:00,0.457,1.63,1.03,1.00,1.04
2022-10-28 05:00:00,0.466,1.72,1.26,1.05,0.716
2022-10-28 06:00:00,0.381,1.76,1.07,1.02,1.04
2022-10-28 07:00:00,0.451,1.79,1.34,0.953,1.34
2022-10-28 08:00:00,0.691,2.08,0.760,1.00,1.66
2022-10-28 09:00:00,1.63,1.70,0.563,1.37,1.67
2022-10-28 10:00:00,1.47,1.36,0.556,1.08,1.50
2022-10-28 11:00:00,3.21,2.71,1.74,2.47,3.44
2022-10-28 12:00:00,3.58,2.60,1.76,2.59,3.69
2022-10-28 13:00:00,3.93,2.03,1.62,2.16,3.62
2022-10-28 14:00:00,3.77,2.19,1.77,1.96,4.25
2022-10-28 15:00:00,4.05,2.24,1.45,1.90,4.01
2022-10-28 16:00:00,3.78,1.90,1.41,1.79,4.13
2022-10-28 17:00:00,3.62,1.88,1.31,1.85,3.97
2022-10-28 18:00:00,2.94,1.68,1.21,1.54,3.56
2022-10-28 19:00:00,2.14,1.20,0.926,1.28,2.53
2022-10-28 20:00:00,0.782,0.918,0.404,0.871,1.21
2022-10-28 21:00:00,0.743,0.841,0.492,1.00,1.49
2022-10-28 22:00:00,0.389,0.545,1.26,1.000,1.73
2022-10-28 23:00:00,0.261,0.162,1.42,1.12,1.98
2022-10-29 00:00:00,0.136,0.247,1.59,1.21,1.83
2022-10-29 01:00:00,0.197,0.0376,1.18,0.914,1.24
2022-10-29 02:00:00,0.0418,0.0187,1.16,0.812,1.24
2022-10-29 03:00:00,0.0877,0.246,1.12,0.886,1.11
2022-10-29 04:00:00,0.489,0.636,0.971,0.958,1.16
2022-10-29 05:00:00,0.123,0.438,1.02,0.916,1.10
2022-10-29 06:00:00,0.203,0.353,1.06,0.982,1.18
2022-10-29 07:00:00,0.324,0.325,1.05,0.887,1.07
2022-10-29 08:00:00,0.259,0.145,1.06,0.834,1.11
2022-10-29 09:00:00,0.0464,0.259,0.956,0.721,1.05
2022-10-29 10:00:00,0.452,1.22,0.525,0.609,1.25
2022-10-29 11:00:00,1.21,1.66,1.24,1.25,1.96
2022-10-29 12:00:00,1.12,1.61,1.34,1.52,3.02
2022-10-29 13:00:00,1.34,2.24,1.38,1.75,4.09
2022-10-29 14:00:00,1.32,1.80,1.75,1.77,3.51
2022-10-29 15:00:00,1.20,1.88,1.67,1.83,3.14
2022-10-29 16:00:00,1.56,2.07,1.29,1.91,2.86
2022-10-29 17:00:00,1.41,2.31,1.32,1.81,3.17
2022-10-29 18:00:00,1.17,1.72,1.24,2.10,2.29
2022-10-29 19:00:00,1.08,1.19,1.25,1.64,1.27
2022-10-29 20:00:00,1.08,1.04,1.56,1.82,1.93
2022-10-29 21:00:00,0.480,0.962,1.34,1.85,1.79
2022-10-29 22:00:00,0.273,0.413,1.20,1.93,1.62
2022-10-29 23:00:00,0.168,0.322,0.708,1.24,1.59
2022-10-30 00:00:00,0.132,0.0716,0.721,0.836,1.87
2022-10-30 01:00:00,0.0991,0.0807,0.842,0.810,1.83
2022-10-30 02:00:00,0.207,0.659,0.943,0.943,1.56
2022-10-30 03:00:00,0.845,0.952,1.03,1.11,1.27
2022-10-30 04:00:00,0.605,1.37,0.607,0.721,1.32
2022-10-30 05:00:00,0.197,0.534,0.825,0.912,1.16
2022-10-30 06:00:00,0.131,0.242,1.08,0.790,1.17
2022-10-30 07:00:00,0.185,0.0985,1.18,0.966,1.38
2022-10-30 08:00:00,0.327,0.456,0.910,0.843,1.20
2022-10-30 09:00:00,0.929,0.559,0.691,1.06,1.68
2022-10-30 10:00:00,0.662,0.741,0.543,0.905,0.528
2022-10-30 11:00:00,0.684,0.830,0.923,1.03,0.619
2022-10-30 12:00:00,0.714,0.720,0.854,0.840,0.857
2022-10-30 13:00:00,0.963,1.64,1.19,1.33,2.07
2022-10-30 14:00:00,1.25,1.83,1.04,1.20,1.53
2022-10-30 15:00:00,1.38,1.66,0.969,1.32,1.69
2022-10-30 16:00:00,1.56,1.95,1.29,1.77,1.85
2022-10-30 17:00:00,0.979,1.47,1.05,1.41,2.22
2022-10-30 18:00:00,1.27,1.56,1.20,1.66,0.992
2022-10-30 19:00:00,1.50,1.33,1.39,2.08,1.31
2022-10-30 20:00:00,0.847,0.758,1.42,1.88,1.68
2022-10-30 21:00:00,0.216,0.170,0.423,1.04,1.51
2022-10-30 22:00:00,0.0442,0.162,0.553,0.869,1.06
2022-10-30 23:00:00,0.0451,0.0400,0.935,0.828,1.05
2022-10-31 00:00:00,0.0551,0.0281,0.821,0.682,0.925
2022-10-31 01:00:00,0.0607,0.0445,0.807,0.674,0.849
2022-10-31 02:00:00,0.0194,0.0441,0.789,0.668,0.696
2022-10-31 03:00:00,0.0425,0.210,0.650,0.651,0.813
2022-10-31 04:00:00,0.315,0.656,0.555,0.738,1.01
2022-10-31 05:00:00,0.396,0.412,0.677,0.909,1.01
2022-10-31 06:00:00,0.612,0.688,0.627,1.04,1.13
2022-10-31 07:00:00,0.561,0.855,0.629,1.10,1.26
2022-10-31 08:00:00,0.596,0.899,0.737,1.25,1.57
2022-10-31 09:00:00,0.368,0.459,0.739,1.01,1.51
2022-10-31 10:00:00,0.317,0.463,0.807,0.843,0.798
2022-10-31 11:00:00,0.697,0.734,0.778,1.17,1.02
2022-10-31 12:00:00,1.29,0.939,1.29,1.55,1.63
2022-10-31 13:00:00,1.09,0.953,0.970,0.981,1.28
2022-10-31 14:00:00,1.52,1.75,1.44,2.08,1.81
2022-10-31 15:00:00,1.60,1.27,1.52,1.97,1.67
2022-10-31 16:00:00,1.42,1.24,1.34,1.75,1.98
2022-10-31 17:00:00,1.37,0.951,1.06,1.28,2.21
2022-10-31 18:00:00,1.26,0.958,1.16,1.48,2.35
2022-10-31 19:00:00,0.797,0.703,0.956,0.891,1.33
2022-10-31 20:00:00,0.265,0.679,0.438,0.810,0.879
2022-10-31 21:00:00,0.142,0.325,0.267,0.783,0.500
2022-10-31 22:00:00,0.305,0.498,0.175,0.631,0.554
2022-10-31 23:00:00,0.0871,0.287,0.695,0.800,0.617
2022-11-01 00:00:00,0.0976,0.135,0.760,0.691,0.736
2022-11-01 01:00:00,0.0727,0.549,0.818,0.819,0.980
2022-11-01 02:00:00,0.175,0.977,1.22,1.33,1.24
2022-11-01 03:00:00,0.104,0.873,1.81,1.88,1.54
2022-11-01 04:00:00,0.208,1.13,2.85,2.41,2.11
2022-11-01 05:00:00,0.842,1.74,2.41,2.02,1.46
2022-11-01 06:00:00,0.807,1.58,2.15,1.51,1.49
2022-11-01 07:00:00,0.731,0.864,2.23,1.52,1.19
2022-11-01 08:00:00,0.429,0.854,2.78,1.37,1.04
2022-11-01 09:00:00,0.831,0.991,2.86,1.71,0.916
2022-11-01 10:00:00,1.16,0.925,2.25,1.36,1.29
2022-11-01 11:00:00,1.36,0.826,1.72,1.81,1.54
2022-11-01 12:00:00,1.15,1.71,1.78,1.67,1.49
2022-11-01 13:00:00,1.40,1.53,1.93,1.80,1.52
2022-11-01 14:00:00,1.45,1.63,2.51,1.95,1.51
2022-11-01 15:00:00,1.49,1.39,2.32,2.05,1.55
2022-11-01 16:00:00,1.68,1.90,1.74,2.93,4.47
2022-11-01 17:00:00,1.43,1.72,1.48,2.35,3.88
2022-11-01 18:00:00,0.653,1.25,2.04,2.06,2.69
2022-11-01 19:00:00,1.25,1.03,1.56,2.05,1.48
2022-11-01 20:00:00,1.55,1.01,1.41,2.91,1.44
2022-11-01 21:00:00,1.40,0.818,1.35,2.20,1.52
2022-11-01 22:00:00,1.10,0.897,1.37,1.76,1.41
2022-11-01 23:00:00,0.987,0.440,0.975,1.30,1.44
2022-11-02 00:00:00,0.942,0.322,0.992,0.870,1.30
2022-11-02 01:00:00,0.717,0.227,1.17,1.04,1.51
2022-11-02 02:00:00,0.484,0.338,0.972,0.961,1.62
2022-11-02 03:00:00,0.311,0.302,0.773,0.914,1.65
2022-11-02 04:00:00,0.389,0.317,1.17,1.16,1.41
2022-11-02 05:00:00,0.992,0.154,1.30,1.06,1.29
2022-11-02 06:00:00,0.767,0.0928,0.951,0.926,1.04
2022-11-02 07:00:00,0.797,0.111,0.793,0.734,1.03
2022-11-02 08:00:00,0.224,0.329,0.855,0.734,1.19
2022-11-02 09:00:00,0.136,0.139,0.804,0.708,1.19
2022-11-02 10:00:00,0.549,0.483,0.560,0.839,1.24
2022-11-02 11:00:00,0.927,0.789,0.508,0.929,1.12
2022-11-02 12:00:00,1.11,1.48,0.916,0.931,1.19
2022-11-02 13:00:00,1.71,1.97,1.52,1.55,1.71
2022-11-02 14:00:00,2.20,2.34,2.51,2.72,2.01
2022-11-02 15:00:00,2.17,2.01,1.89,2.28,2.08
2022-11-02 16:00:00,1.68,1.65,1.55,1.84,1.69
2022-11-02 17:00:00,1.70,1.45,1.20,1.22,1.89
2022-11-02 18:00:00,1.60,1.39,1.16,1.24,1.98
2022-11-02 19:00:00,1.31,1.26,0.811,1.11,1.76
2022-11-02 20:00:00,0.916,0.759,0.608,1.17,0.976
2022-11-02 21:00:00,1.33,1.05,0.845,1.23,1.19
2022-11-02 22:00:00,1.22,1.16,1.15,1.41,1.51
2022-11-02 23:00:00,0.710,0.685,0.681,0.807,0.896
2022-11-03 00:00:00,0.459,0.375,0.465,0.938,0.564
2022-11-03 01:00:00,0.805,1.41,1.05,0.987,0.969
2022-11-03 02:00:00,0.739,1.34,0.945,0.906,1.17
2022-11-03 03:00:00,0.564,0.915,0.965,0.936,1.12
2022-11-03 04:00:00,0.587,0.670,0.763,0.981,0.867
2022-11-03 05:00:00,0.781,1.05,1.41,1.42,1.98
2022-11-03 06:00:00,0.837,0.975,1.57,1.20,1.90
2022-11-03 07:00:00,0.689,0.915,1.22,1.15,1.38
2022-11-03 08:00:00,0.963,1.08,1.38,1.24,2.00
2022-11-03 09:00:00,1.08,1.26,1.47,1.60,2.42
2022-11-03 10:00:00,0.861,1.33,1.42,1.35,1.97
2022-11-03 11:00:00,1.24,1.49,1.32,1.55,2.22
2022-11-03 12:00:00,1.48,1.91,1.39,1.77,2.72
2022-11-03 13:00:00,1.56,1.93,1.63,1.83,3.21
2022-11-03 14:00:00,1.62,2.26,1.98,2.54,3.36
2022-11-03 15:00:00,1.51,2.08,2.22,2.60,2.88
2022-11-03 16:00:00,1.51,2.36,1.92,2.75,2.99
2022-11-03 17:00:00,1.35,1.80,1.64,2.95,2.23
2022-11-03 18:00:00,1.21,1.50,1.25,2.27,2.12
2022-11-03 19:00:00,0.719,1.25,0.936,2.08,1.97
2022-11-03 20:00:00,0.222,0.758,0.519,1.39,1.12
2022-11-03 21:00:00,1.26,1.27,1.26,1.52,1.29
2022-11-03 22:00:00,1.78,1.47,1.40,1.74,1.87
2022-11-03 23:00:00,1.84,1.49,1.58,2.02,1.80
2022-11-04 00:00:00,1.63,1.35,1.41,1.67,1.35
2022-11-04 01:00:00,0.817,0.831,0.507,0.732,0.755
2022-11-04 02:00:00,0.314,0.104,0.761,0.794,0.301
2022-11-04 03:00:00,0.554,0.353,0.379,0.833,0.235
2022-11-04 04:00:00,1.15,0.605,1.16,1.33,1.58
2022-11-04 05:00:00,0.914,0.493,0.391,0.905,1.30
2022-11-04 06:00:00,0.603,0.348,0.372,0.964,0.592
2022-11-04 07:00:00,0.504,0.650,0.366,0.956,0.410
2022-11-04 08:00:00,0.329,0.203,1.03,0.728,0.510
2022-11-04 09:00:00,0.411,0.372,1.10,0.845,0.658
2022-11-04 10:00:00,0.521,0.915,0.892,0.801,0.710
2022-11-04 11:00:00,1.07,1.82,1.000,2.00,2.40
2022-11-04 12:00:00,1.89,2.63,1.57,3.03,4.24
2022-11-04 13:00:00,1.39,2.70,1.45,2.85,5.41
2022-11-04 14:00:00,1.32,2.86,1.89,3.52,5.40
2022-11-04 15:00:00,1.66,3.16,1.47,3.89,4.76
2022-11-04 16:00:00,1.61,3.14,1.25,3.96,5.26
2022-11-04 17:00:00,1.86,2.86,1.32,4.18,5.22
2022-11-04 18:00:00,1.75,2.94,1.74,4.33,5.76
2022-11-04 19:00:00,1.41,2.39,1.54,3.88,4.22
2022-11-04 20:00:00,1.47,1.75,1.30,3.27,2.98
2022-11-04 21:00:00,1.07,1.66,1.74,3.03,2.84
2022-11-04 22:00:00,0.858,1.81,2.14,3.53,2.75
2022-11-04 23:00:00,1.30,1.87,1.56,4.06,3.22
2022-11-05 00:00:00,1.31,1.73,1.33,3.65,2.52
2022-11-05 01:00:00,1.16,2.36,1.28,3.83,3.60
2022-11-05 02:00:00,1.24,2.11,1.28,4.08,3.20
2022-11-05 03:00:00,1.29,2.15,1.23,3.65,3.00
2022-11-05 04:00:00,1.31,2.09,1.27,3.73,3.14
2022-11-05 05:00:00,1.68,1.88,1.76,4.29,2.97
2022-11-05 06:00:00,1.68,2.09,1.41,3.89,2.79
2022-11-05 07:00:00,1.51,2.66,1.36,3.69,3.62
2022-11-05 08:00:00,1.29,2.53,1.43,3.81,3.60
2022-11-05 09:00:00,1.23,2.42,1.15,3.83,3.19
2022-11-05 10:00:00,1.63,2.77,1.47,4.77,3.52
2022-11-05 11:00:00,2.07,2.91,2.09,4.87,3.62
2022-11-05 12:00:00,2.10,2.78,1.81,4.44,4.36
2022-11-05 13:00:00,2.19,3.09,1.82,4.15,4.14
2022-11-05 14:00:00,1.84,3.33,2.41,4.34,3.61
2022-11-05 15:00:00,1.89,3.67,1.92,4.13,5.06
2022-11-05 16:00:00,1.98,3.39,1.73,3.80,5.57
2022-11-05 17:00:00,1.88,2.99,1.69,4.34,5.28
2022-11-05 18:00:00,2.28,3.07,2.74,4.49,4.41
2022-11-05 19:00:00,4.58,3.83,2.58,4.61,4.75
2022-11-05 20:00:00,4.17,4.12,1.88,3.70,3.78
2022-11-05 21:00:00,5.15,4.13,1.98,3.48,3.69
2022-11-05 22:00:00,4.74,5.05,2.68,5.03,5.50
2022-11-05 23:00:00,3.33,4.33,3.56,7.29,6.75
2022-11-06 00:00:00,3.27,4.37,2.58,6.18,8.53
2022-11-06 01:00:00,2.10,3.33,3.38,4.50,7.42
2022-11-06 01:00:00,1.47,2.47,3.28,2.59,5.31
2022-11-06 02:00:00,0.887,2.00,3.23,3.01,4.25
2022-11-06 03:00:00,0.816,1.66,3.50,3.68,3.28
2022-11-06 04:00:00,1.01,2.06,3.59,4.31,4.11
2022-11-06 05:00:00,0.765,2.04,3.13,3.37,4.51
2022-11-06 06:00:00,1.53,2.21,3.31,3.46,4.42
2022-11-06 07:00:00,1.76,1.98,2.99,3.84,3.17
2022-11-06 08:00:00,1.98,2.05,3.15,3.83,4.13
2022-11-06 09:00:00,2.53,1.91,3.24,4.54,3.91
2022-11-06 10:00:00,1.78,2.28,3.47,3.87,4.76
2022-11-06 11:00:00,1.43,2.53,2.96,3.09,6.21
2022-11-06 12:00:00,1.50,2.51,2.97,3.00,5.98
2022-11-06 13:00:00,2.20,3.21,2.23,3.13,6.06
2022-11-06 14:00:00,2.15,2.90,1.99,3.08,6.02
2022-11-06 15:00:00,0.858,2.64,2.38,2.28,4.56
2022-11-06 16:00:00,0.841,2.59,2.35,2.43,5.31
2022-11-06 17:00:00,0.896,2.48,2.51,2.52,6.04
2022-11-06 18:00:00,1.08,2.70,3.26,2.96,6.80
2022-11-06 19:00:00,1.19,2.42,3.31,2.98,5.80
2022-11-06 20:00:00,1.41,2.38,3.43,2.80,5.30
2022-11-06 21:00:00,1.40,2.04,3.12,2.59,5.10
2022-11-06 22:00:00,1.75,2.14,2.69,3.08,3.58
2022-11-06 23:00:00,1.46,2.27,2.88,2.88,3.39
2022-11-07 00:00:00,1.46,1.81,3.86,3.67,3.66
2022-11-07 01:00:00,1.53,1.66,4.38,4.41,3.31
2022-11-07 02:00:00,1.45,1.62,3.60,3.37,2.91
2022-11-07 03:00:00,2.17,1.73,2.72,3.41,2.58
2022-11-07 04:00:00,2.68,1.63,3.24,4.14,2.94
2022-11-07 05:00:00,2.91,1.34,3.31,5.05,2.96
2022-11-07 06:00:00,3.01,1.30,3.71,5.00,2.78
2022-11-07 07:00:00,2.57,1.38,3.17,4.62,2.73
2022-11-07 08:00:00,2.37,1.66,3.43,4.29,3.52
2022-11-07 09:00:00,3.24,1.72,4.21,4.97,3.91
2022-11-07 10:00:00,3.41,1.90,5.19,5.35,3.89
2022-11-07 11:00:00,3.81,2.09,5.50,5.60,3.38
2022-11-07 12:00:00,3.18,2.28,4.96,5.23,3.64
2022-11-07 13:00:00,3.49,2.66,5.82,5.05,3.62
2022-11-07 14:00:00,2.84,1.93,5.13,4.68,3.02
2022-11-07 15:00:00,3.40,2.12,5.36,4.54,3.27
2022-11-07 16:00:00,2.73,2.14,5.50,4.22,3.23
2022-11-07 17:00:00,2.85,2.00,4.65,3.70,3.18
2022-11-07 18:00:00,2.67,1.90,4.22,3.66,2.95
2022-11-07 19:00:00,2.09,1.26,3.51,3.07,2.53
2022-11-07 20:00:00,1.63,1.06,2.57,2.06,2.02
2022-11-07 21:00:00,1.78,1.09,2.34,2.18,1.68
2022-11-07 22:00:00,1.93,1.31,2.36,2.45,1.73
2022-11-07 23:00:00,1.99,1.01,2.52,2.28,1.82
2022-11-08 00:00:00,2.05,1.18,2.30,2.02,1.95
2022-11-08 01:00:00,1.90,1.24,1.99,1.80,1.70
2022-11-08 02:00:00,1.81,0.924,2.13,1.98,2.01
2022-11-08 03:00:00,1.63,1.21,1.86,1.71,1.94
2022-11-08 04:00:00,1.11,0.980,1.61,1.34,1.73
2022-11-08 05:00:00,1.27,1.07,1.31,1.24,1.21
2022-11-08 06:00:00,1.32,1.92,1.49,1.33,1.40
2022-11-08 07:00:00,1.39,2.63,1.71,1.45,1.61
2022-11-08 08:00:00,1.09,1.92,1.19,1.36,1.37
2022-11-08 09:00:00,1.75,2.79,1.21,1.48,1.51
2022-11-08 10:00:00,2.89,3.62,1.57,1.87,1.90
2022-11-08 11:00:00,2.63,3.65,1.64,1.80,1.53
2022-11-08 12:00:00,2.22,2.85,1.79,1.65,1.66
2022-11-08 13:00:00,1.98,2.50,1.66,1.55,1.35
2022-11-08 14:00:00,1.95,2.36,1.49,1.59,1.62
2022-11-08 15:00:00,1.41,1.83,1.58,1.49,1.31
2022-11-08 16:00:00,1.93,1.78,1.24,1.62,1.89
2022-11-08 17:00:00,2.47,1.69,1.31,1.74,2.50
2022-11-08 18:00:00,1.45,0.942,1.03,1.42,2.25
2022-11-08 19:00:00,1.02,0.439,0.601,1.12,2.04
2022-11-08 20:00:00,1.09,0.251,0.648,1.36,1.94
2022-11-08 21:00:00,1.79,0.532,0.634,1.44,2.42
2022-11-08 22:00:00,0.731,0.419,0.498,0.866,2.21
2022-11-08 23:00:00,1.33,0.741,0.858,1.14,2.49
2022-11-09 00:00:00,1.89,1.13,0.988,1.06,2.73
2022-11-09 01:00:00,2.17,1.24,1.58,1.69,3.10
2022-11-09 02:00:00,2.73,1.36,1.29,1.73,3.05
2022-11-09 03:00:00,3.50,1.83,1.97,2.69,3.50
2022-11-09 04:00:00,3.11,2.19,2.17,3.04,3.31
2022-11-09 05:00:00,2.69,1.39,1.36,1.95,3.10
2022-11-09 06:00:00,3.96,1.49,1.31,1.66,3.51
2022-11-09 07:00:00,3.32,1.19,1.30,1.77,3.60
2022-11-09 08:00:00,3.82,1.46,1.39,1.72,3.68
2022-11-09 09:00:00,4.24,1.65,1.42,1.81,3.80
2022-11-09 10:00:00,3.92,1.84,1.31,1.68,3.65
2022-11-09 11:00:00,3.10,1.52,1.03,1.49,2.43
2022-11-09 12:00:00,2.48,1.68,1.66,2.09,2.02
2022-11-09 13:00:00,2.86,2.66,1.84,2.15,2.19
2022-11-09 14:00:00,2.05,2.64,1.53,2.13,3.57
2022-11-09 15:00:00,2.03,2.42,1.59,2.32,3.62
2022-11-09 16:00:00,1.77,1.74,0.774,1.24,1.33
2022-11-09 17:00:00,1.79,1.51,1.65,2.27,2.14
2022-11-09 18:00:00,1.75,1.43,1.79,2.35,2.13
2022-11-09 19:00:00,1.02,0.909,1.10,1.36,1.63
2022-11-09 20:00:00,1.23,0.858,0.646,0.988,2.08
2022-11-09 21:00:00,1.41,0.986,0.399,0.912,0.840
2022-11-09 22:00:00,0.601,0.870,0.970,1.92,1.50
2022-11-09 23:00:00,0.203,0.823,1.59,2.94,2.05
2022-11-10 00:00:00,0.135,0.514,1.93,2.19,1.52
2022-11-10 01:00:00,0.543,1.55,3.63,3.76,3.14
2022-11-10 02:00:00,0.750,2.00,3.18,3.86,3.22
2022-11-10 03:00:00,0.909,2.04,2.17,4.15,3.79
2022-11-10 04:00:00,0.624,1.46,1.67,3.47,2.55
2022-11-10 05:00:00,0.267,1.25,1.93,2.75,2.35
2022-11-10 06:00:00,0.460,1.87,3.01,3.70,3.67
2022-11-10 07:00:00,0.843,2.19,3.40,3.80,4.51
2022-11-10 08:00:00,1.05,2.10,2.20,3.51,3.88
2022-11-10 09:00:00,1.31,2.68,3.32,3.51,5.29
2022-11-10 10:00:00,1.36,3.14,2.83,3.30,6.62
2022-11-10 11:00:00,1.52,3.36,2.69,3.19,7.50
2022-11-10 12:00:00,1.60,3.62,2.83,3.92,8.89
2022-11-10 13:00:00,2.19,3.68,2.90,4.58,8.49
2022-11-10 14:00:00,2.00,3.54,2.09,3.59,7.35
2022-11-10 15:00:00,1.59,2.78,1.91,3.41,6.33
2022-11-10 16:00:00,1.68,2.87,1.47,3.15,5.76
2022-11-10 17:00:00,1.56,2.96,1.82,4.15,5.71
2022-11-10 18:00:00,1.27,2.80,2.18,4.35,5.72
2022-11-10 19:00:00,0.782,2.22,2.93,3.80,4.33
2022-11-10 20:00:00,0.478,1.83,3.56,4.24,3.77
2022-11-10 21:00:00,0.368,1.73,2.77,3.78,3.66
2022-11-10 22:00:00,1.12,1.79,1.74,3.93,2.89
2022-11-10 23:00:00,1.63,2.35,2.38,4.86,4.46
2022-11-11 00:00:00,1.89,2.39,2.51,5.13,4.62
2022-11-11 01:00:00,1.63,2.02,2.36,4.59,3.72
2022-11-11 02:00:00,1.42,1.93,1.91,3.90,3.79
2022-11-11 03:00:00,0.564,1.74,2.26,3.23,3.54
2022-11-11 04:00:00,0.663,1.39,1.57,2.92,2.88
2022-11-11 05:00:00,1.22,1.45,1.24,3.32,2.25
2022-11-11 06:00:00,1.10,1.50,1.08,3.26,2.46
2022-11-11 07:00:00,0.400,1.24,0.838,2.36,1.73
2022-11-11 08:00:00,0.569,1.15,0.563,1.57,1.53
2022-11-11 09:00:00,1.03,1.23,0.578,0.925,0.705
2022-11-11 10:00:00,0.890,1.02,0.473,1.28,0.718
2022-11-11 11:00:00,1.45,1.20,0.904,1.24,1.35
2022-11-11 12:00:00,1.48,1.60,1.21,1.59,1.76
2022-11-11 13:00:00,0.758,0.399,0.539,0.938,1.09
2022-11-11 14:00:00,1.49,0.655,1.06,1.08,1.63
2022-11-11 15:00:00,1.60,0.985,0.704,1.02,1.52
2022-11-11 16:00:00,2.06,1.28,0.911,1.26,1.63
2022-11-11 17:00:00,1.17,1.03,0.375,0.906,0.965
2022-11-11 18:00:00,0.857,0.868,0.498,0.749,0.945
2022-11-11 19:00:00,0.891,0.593,0.736,0.877,1.50
2022-11-11 20:00:00,0.884,0.684,1.17,1.06,0.893
2022-11-11 21:00:00,1.38,1.67,1.90,1.68,1.47
2022-11-11 22:00:00,1.46,1.86,1.88,1.83,1.98
2022-11-11 23:00:00,1.31,1.49,1.75,1.69,2.00
2022-11-12 00:00:00,2.25,2.26,3.84,3.33,3.01
2022-11-12 01:00:00,2.23,1.87,3.45,2.89,2.75
2022-11-12 02:00:00,2.85,2.68,4.25,3.32,2.74
2022-11-12 03:00:00,2.67,2.13,4.08,3.54,2.73
2022-11-12 04:00:00,2.43,2.08,4.45,3.45,2.96
2022-11-12 05:00:00,2.39,1.64,4.40,3.40,2.73
2022-11-12 06:00:00,2.76,1.56,4.43,3.29,2.63
2022-11-12 07:00:00,2.46,1.18,3.16,3.57,2.20
2022-11-12 08:00:00,2.03,1.86,2.62,3.41,3.50
2022-11-12 09:00:00,2.48,2.05,3.24,3.64,3.71
2022-11-12 10:00:00,2.47,2.13,3.21,3.54,3.65
2022-11-12 11:00:00,2.19,2.00,3.25,3.88,3.89
2022-11-12 12:00:00,2.31,1.56,2.98,3.39,3.56
2022-11-12 13:00:00,2.42,1.61,3.63,3.71,2.65
2022-11-12 14:00:00,2.68,1.77,3.52,4.03,3.70
2022-11-12 15:00:00,2.51,1.84,3.76,3.88,2.92
2022-11-12 16:00:00,2.48,1.30,3.60,3.31,2.71
2022-11-12 17:00:00,1.94,1.20,2.83,2.84,2.11
2022-11-12 18:00:00,1.98,1.43,2.77,3.11,2.45
2022-11-12 19:00:00,1.94,2.04,2.65,3.15,4.13
2022-11-12 20:00:00,2.23,2.10,2.73,3.45,4.80
2022-11-12 21:00:00,2.31,1.72,2.83,3.67,3.29
2022-11-12 22:00:00,2.09,2.03,2.73,3.30,4.14
2022-11-12 23:00:00,2.05,1.74,2.53,3.17,3.17
2022-11-13 00:00:00,2.08,1.38,2.31,3.49,2.34
2022-11-13 01:00:00,1.71,1.09,2.92,2.41,1.80
2022-11-13 02:00:00,1.49,0.910,2.73,2.06,1.91
2022-11-13 03:00:00,1.58,1.10,2.48,1.83,1.56
2022-11-13 04:00:00,1.01,1.10,1.93,1.51,1.49
2022-11-13 05:00:00,1.27,1.60,2.22,1.58,1.75
2022-11-13 06:00:00,1.17,1.04,1.89,1.44,1.52
2022-11-13 07:00:00,1.11,1.61,2.00,1.39,1.74
2022-11-13 08:00:00,1.27,2.10,2.30,1.69,2.17
2022-11-13 09:00:00,1.56,2.16,2.49,1.85,2.28
2022-11-13 10:00:00,1.61,2.47,2.64,1.99,2.44
2022-11-13 11:00:00,1.79,2.08,3.04,2.21,2.19
2022-11-13 12:00:00,1.68,1.87,2.89,2.31,1.95
2022-11-13 13:00:00,2.17,1.75,3.56,2.70,2.05
2022-11-13 14:00:00,2.42,1.91,3.98,3.00,2.40
2022-11-13 15:00:00,2.56,1.64,3.84,2.86,2.44
2022-11-13 16:00:00,2.15,2.11,3.67,3.04,2.59
2022-11-13 17:00:00,2.16,2.38,3.67,2.91,2.69
2022-11-13 18:00:00,2.54,1.29,4.06,3.17,3.01
2022-11-13 19:00:00,2.23,1.33,3.72,3.04,2.84
2022-11-13 20:00:00,2.15,1.38,3.27,2.70,2.39
2022-11-13 21:00:00,2.12,1.09,3.17,3.18,2.18
2022-11-13 22:00:00,2.35,1.23,2.67,3.57,2.26
2022-11-13 23:00:00,2.52,1.42,2.53,3.47,2.58
2022-11-14 00:00:00,2.40,1.35,2.32,3.12,2.52
2022-11-14 01:00:00,1.92,1.30,1.75,2.21,2.27
2022-11-14 02:00:00,1.70,0.756,1.74,2.19,1.64
2022-11-14 03:00:00,1.11,0.461,1.74,1.62,1.41
2022-11-14 04:00:00,1.15,0.687,1.58,1.47,1.61
2022-11-14 05:00:00,1.47,0.391,1.99,1.93,1.67
2022-11-14 06:00:00,1.68,0.623,2.20,1.96,1.61
2022-11-14 07:00:00,1.75,1.10,1.93,2.32,1.67
2022-11-14 08:00:00,1.69,1.10,1.89,2.27,1.65
2022-11-14 09:00:00,1.68,0.976,2.05,2.17,1.47
2022-11-14 10:00:00,1.50,1.31,2.33,1.94,1.52
2022-11-14 11:00:00,1.97,1.65,3.11,2.46,2.11
2022-11-14 12:00:00,1.89,1.59,2.83,2.15,2.08
2022-11-14 13:00:00,1.66,1.58,2.44,1.92,1.74
2022-11-14 14:00:00,1.49,1.55,2.40,1.76,1.48
2022-11-14 15:00:00,1.55,1.17,2.49,1.92,1.62
2022-11-14 16:00:00,1.29,1.06,2.18,2.06,1.47
2022-11-14 17:00:00,1.09,1.38,2.01,1.61,1.59
2022-11-14 18:00:00,0.735,1.06,1.38,1.43,1.30
2022-11-14 19:00:00,0.714,1.07,1.28,1.27,1.13
2022-11-14 20:00:00,0.480,0.778,1.51,1.37,1.56
2022-11-14 21:00:00,0.528,0.579,0.665,1.07,1.06
2022-11-14 22:00:00,0.653,0.358,0.656,1.06,1.09
2022-11-14 23:00:00,0.712,0.569,0.737,1.04,1.09
2022-11-15 00:00:00,0.906,1.44,0.625,0.905,1.18
2022-11-15 01:00:00,0.827,1.93,0.611,0.859,1.47
2022-11-15 02:00:00,0.727,1.63,0.691,1.03,1.44
2022-11-15 03:00:00,0.788,1.47,0.804,1.04,1.18
2022-11-15 04:00:00,0.817,1.69,0.458,1.11,1.47
2022-11-15 05:00:00,1.44,2.00,0.684,1.55,1.62
2022-11-15 06:00:00,1.57,1.93,0.459,1.43,1.52
2022-11-15 07:00:00,1.87,2.43,0.619,1.38,1.90
2022-11-15 08:00:00,2.19,2.19,0.749,1.49,1.64
2022-11-15 09:00:00,1.76,2.23,1.10,1.37,1.69
2022-11-15 10:00:00,1.99,2.27,1.00,1.40,1.62
2022-11-15 11:00:00,2.60,2.25,0.923,1.49,1.94
2022-11-15 12:00:00,2.70,2.72,1.15,1.75,1.68
2022-11-15 13:00:00,2.17,3.05,1.66,1.31,1.68
2022-11-15 14:00:00,2.24,2.31,1.10,1.17,1.52
2022-11-15 15:00:00,3.04,3.16,1.18,1.59,2.18
2022-11-15 16:00:00,2.91,2.90,1.10,1.55,2.02
2022-11-15 17:00:00,3.07,2.40,1.09,1.42,2.10
2022-11-15 18:00:00,3.24,2.69,0.947,1.44,2.11
2022-11-15 19:00:00,2.58,2.38,0.886,1.48,2.11
2022-11-15 20:00:00,3.08,2.65,1.01,1.65,2.66
2022-11-15 21:00:00,3.17,3.42,1.17,1.88,2.74
2022-11-15 22:00:00,2.92,3.12,1.18,1.92,2.10
2022-11-15 23:00:00,2.68,2.55,0.876,1.70,1.74
2022-11-16 00:00:00,2.41,2.83,0.910,1.54,1.79
2022-11-16 01:00:00,2.38,3.34,0.880,1.33,1.85
2022-11-16 02:00:00,2.54,2.86,0.910,1.09,1.73
2022-11-16 03:00:00,1.78,2.94,0.737,0.695,1.45
2022-11-16 04:00:00,0.753,2.22,0.250,0.103,0.902
2022-11-16 05:00:00,0.353,2.16,0.253,0.0787,0.986
2022-11-16 06:00:00,0.452,2.02,0.205,0.191,0.874
2022-11-16 07:00:00,0.318,1.76,0.146,0.0691,0.847
2022-11-16 08:00:00,0.235,1.41,0.0708,0.0647,0.908
2022-11-16 09:00:00,0.349,1.40,0.479,0.352,0.851
2022-11-16 10:00:00,0.316,0.947,0.465,0.442,0.707
2022-11-16 11:00:00,0.676,0.803,0.471,0.620,0.480
2022-11-16 12:00:00,0.844,0.368,0.325,0.611,0.765
2022-11-16 13:00:00,1.02,0.459,0.413,0.649,0.947
2022-11-16 14:00:00,1.33,0.726,0.992,1.14,1.05
2022-11-16 15:00:00,1.33,0.964,1.51,1.42,1.41
2022-11-16 16:00:00,1.51,1.05,1.92,1.79,1.76
2022-11-16 17:00:00,1.10,0.661,1.42,1.52,1.33
2022-11-16 18:00:00,0.883,0.400,1.25,1.21,1.37
2022-11-16 19:00:00,0.485,0.553,0.975,1.07,1.20
2022-11-16 20:00:00,0.255,0.422,1.08,1.30,1.13
2022-11-16 21:00:00,0.261,1.10,1.10,1.78,1.69
2022-11-16 22:00:00,1.53,0.765,1.34,2.33,1.51
2022-11-16 23:00:00,1.53,1.09,1.43,2.02,1.45
2022-11-17 00:00:00,1.34,0.480,1.68,1.85,1.56
2022-11-17 01:00:00,1.08,0.552,1.37,1.41,1.38
2022-11-17 02:00:00,1.62,0.782,1.32,2.16,1.30
2022-11-17 03:00:00,1.54,0.854,1.24,2.25,1.31
2022-11-17 04:00:00,1.54,0.812,1.53,2.29,1.41
2022-11-17 05:00:00,1.53,0.607,1.40,2.28,1.51
2022-11-17 06:00:00,1.98,0.814,2.87,2.48,2.07
2022-11-17 07:00:00,2.08,1.23,3.21,2.57,2.54
2022-11-17 08:00:00,2.17,1.13,3.12,2.71,2.61
2022-11-17 09:00:00,2.55,1.53,3.67,3.11,2.79
2022-11-17 10:00:00,2.42,1.59,3.64,3.17,2.85
2022-11-17 11:00:00,2.54,1.56,3.74,3.26,2.63
2022-11-17 12:00:00,2.71,1.81,3.83,4.24,3.12
2022-11-17 13:00:00,2.87,1.61,3.96,4.56,3.05
2022-11-17 14:00:00,3.04,1.50,4.39,4.37,3.09
2022-11-17 15:00:00,2.83,1.71,4.19,3.73,2.89
2022-11-17 16:00:00,2.17,1.07,3.39,3.36,2.27
2022-11-17 17:00:00,1.61,0.957,2.35,2.40,1.64
2022-11-17 18:00:00,1.64,1.56,2.18,2.75,2.90
2022-11-17 19:00:00,1.47,1.74,2.19,2.35,3.49
2022-11-17 20:00:00,1.52,1.51,1.83,2.23,2.98
2022-11-17 21:00:00,1.10,1.74,2.04,1.91,3.84
2022-11-17 22:00:00,1.24,1.97,2.27,2.16,5.11
2022-11-17 23:00:00,1.62,2.19,2.84,2.90,5.41
2022-11-18 00:00:00,1.80,2.15,2.96,3.69,4.82
2022-11-18 01:00:00,2.15,2.29,3.19,4.13,5.31
2022-11-18 02:00:00,2.34,2.17,3.46,4.31,5.39
2022-11-18 03:00:00,2.67,1.94,3.54,4.24,4.38
2022-11-18 04:00:00,2.30,2.10,3.56,3.97,4.91
2022-11-18 05:00:00,2.37,1.76,3.01,3.79,3.97
2022-11-18 06:00:00,2.27,1.75,2.71,3.68,3.29
2022-11-18 07:00:00,2.51,1.91,3.19,3.98,4.41
2022-11-18 08:00:00,2.54,1.28,2.60,3.54,2.73
2022-11-18 09:00:00,2.47,1.82,3.18,3.99,4.13
2022-11-18 10:00:00,2.66,2.26,3.84,4.51,6.35
2022-11-18 11:00:00,2.37,2.43,3.99,3.99,6.31
2022-11-18 11:08:49,3.98,2.75,5.03,6.05,6.85

