"Time","WindSpeed {DeviceID=""AirSENCE-032206C140232"", name=""Pollutant""}","WindSpeed {DeviceID=""AirSENCE-032223EF40231"", name=""Pollutant""}","WindSpeed {DeviceID=""AirSENCE-1021C46E40217"", name=""Pollutant""}","WindSpeed {DeviceID=""AirSENCE-1021C65A40214"", name=""Pollutant""}","WindSpeed {DeviceID=""AirSENCE-1021C6C640218"", name=""Pollutant""}"
2022-10-09 12:00:00,1.92,1.17,2.30,2.15,1.37
2022-10-09 13:00:00,1.54,0.999,1.92,1.97,1.32
2022-10-09 14:00:00,1.04,1.12,1.66,1.73,1.24
2022-10-09 15:00:00,0.978,1.56,1.16,1.88,1.98
2022-10-09 16:00:00,0.568,0.700,0.947,1.34,1.27
2022-10-09 17:00:00,1.07,1.00,1.22,1.78,1.86
2022-10-09 18:00:00,0.626,0.961,1.10,1.40,1.56
2022-10-09 19:00:00,1.27,0.846,1.49,2.26,1.48
2022-10-09 20:00:00,1.43,0.755,1.60,2.47,1.35
2022-10-09 21:00:00,1.17,0.448,1.56,1.76,1.13
2022-10-09 22:00:00,0.758,0.489,0.973,1.12,0.999
2022-10-09 23:00:00,0.791,0.725,1.01,1.02,0.897
2022-10-10 00:00:00,1.06,1.70,1.31,1.10,0.968
2022-10-10 01:00:00,0.756,1.47,0.840,0.832,0.752
2022-10-10 02:00:00,0.492,0.894,0.680,0.713,0.641
2022-10-10 03:00:00,0.594,1.27,0.767,0.700,0.761
2022-10-10 04:00:00,0.694,1.46,0.869,0.812,0.760
2022-10-10 05:00:00,0.539,1.26,0.829,0.715,0.907
2022-10-10 06:00:00,0.243,0.585,0.638,0.500,0.762
2022-10-10 07:00:00,0.409,0.748,0.854,0.704,0.818
2022-10-10 08:00:00,0.491,0.884,0.863,0.732,1.06
2022-10-10 09:00:00,0.645,1.02,1.27,0.875,1.04
2022-10-10 10:00:00,0.817,1.27,1.50,1.07,1.19
2022-10-10 11:00:00,0.794,1.10,1.13,1.03,0.897
2022-10-10 12:00:00,1.30,1.13,1.82,1.54,1.06
2022-10-10 13:00:00,1.16,1.51,1.59,1.64,1.33
2022-10-10 14:00:00,1.18,1.18,1.64,1.66,1.04
2022-10-10 15:00:00,1.43,2.10,1.51,2.00,2.10
2022-10-10 16:00:00,1.50,2.11,0.898,1.42,2.88
2022-10-10 17:00:00,1.37,2.09,0.795,1.30,2.45
2022-10-10 18:00:00,1.12,1.63,0.985,1.53,1.38
2022-10-10 19:00:00,1.06,1.07,0.900,1.25,0.827
2022-10-10 20:00:00,0.161,0.864,0.552,0.623,1.03
2022-10-10 21:00:00,0.195,0.839,0.911,0.938,1.74
2022-10-10 22:00:00,1.16,0.564,1.14,1.99,1.05
2022-10-10 23:00:00,1.08,0.475,1.15,1.34,1.28
2022-10-11 00:00:00,1.35,0.592,1.07,1.61,1.23
2022-10-11 01:00:00,1.35,0.410,1.18,2.17,1.22
2022-10-11 02:00:00,1.03,0.477,0.976,1.00,1.45
2022-10-11 03:00:00,0.541,0.316,0.809,0.674,1.25
2022-10-11 04:00:00,0.304,0.147,0.598,0.428,1.30
2022-10-11 05:00:00,0.0391,0.0625,0.728,0.489,0.889
2022-10-11 06:00:00,0.0690,0.125,0.664,0.459,0.881
2022-10-11 07:00:00,0.209,0.111,0.515,0.583,0.564
2022-10-11 08:00:00,0.249,0.0270,1.02,0.610,0.970
2022-10-11 09:00:00,0.408,0.292,0.636,0.695,1.54
2022-10-11 10:00:00,1.01,0.915,0.608,0.939,1.52
2022-10-11 11:00:00,1.26,1.64,0.944,1.16,1.10
2022-10-11 12:00:00,0.861,1.33,1.21,1.30,2.39
2022-10-11 13:00:00,0.766,1.26,1.08,1.21,2.27
2022-10-11 14:00:00,0.934,1.39,0.951,1.14,2.16
2022-10-11 15:00:00,1.31,1.98,1.22,1.91,2.36
2022-10-11 16:00:00,1.61,2.18,1.02,1.61,1.59
2022-10-11 17:00:00,1.55,1.94,1.18,2.22,1.08
2022-10-11 18:00:00,1.31,1.12,1.11,1.94,1.29
2022-10-11 19:00:00,0.548,1.21,1.42,2.19,2.71
2022-10-11 20:00:00,0.271,1.27,1.86,1.71,3.42
2022-10-11 21:00:00,0.159,1.18,1.42,1.79,2.80
2022-10-11 22:00:00,0.318,1.14,1.20,2.28,1.82
2022-10-11 23:00:00,0.744,1.24,0.832,2.60,1.92
2022-10-12 00:00:00,0.801,1.28,0.990,2.76,2.18
2022-10-12 01:00:00,0.934,1.30,1.13,3.05,2.19
2022-10-12 02:00:00,0.852,1.30,0.956,2.78,2.25
2022-10-12 03:00:00,0.733,1.22,1.10,2.81,2.09
2022-10-12 04:00:00,0.632,0.957,0.863,2.46,1.84
2022-10-12 05:00:00,0.431,1.02,0.728,2.51,1.62
2022-10-12 06:00:00,0.389,0.969,0.528,1.82,1.73
2022-10-12 07:00:00,0.439,0.889,0.530,1.37,1.54
2022-10-12 08:00:00,0.623,1.13,0.684,1.56,1.55
2022-10-12 09:00:00,1.10,1.61,0.770,1.29,1.64
2022-10-12 10:00:00,1.49,2.37,1.45,2.25,2.44
2022-10-12 11:00:00,1.52,2.66,1.56,2.52,3.05
2022-10-12 12:00:00,1.38,2.45,1.50,2.49,3.01
2022-10-12 13:00:00,1.32,2.88,2.15,3.96,3.06
2022-10-12 14:00:00,1.27,2.60,1.62,2.93,3.17
2022-10-12 15:00:00,1.53,2.36,1.60,2.66,2.68
2022-10-12 16:00:00,1.19,2.42,1.24,3.03,3.01
2022-10-12 17:00:00,1.43,1.86,1.45,2.57,2.25
2022-10-12 18:00:00,1.01,1.11,0.910,1.48,1.32
2022-10-12 19:00:00,1.07,1.16,0.929,1.38,1.44
2022-10-12 20:00:00,0.990,1.25,0.771,1.07,1.29
2022-10-12 21:00:00,1.07,1.60,1.04,1.71,2.07
2022-10-12 22:00:00,1.18,2.11,1.57,2.59,2.96
2022-10-12 23:00:00,1.33,1.94,1.29,2.18,2.16
2022-10-13 00:00:00,1.46,2.80,1.83,3.27,3.04
2022-10-13 01:00:00,1.37,2.74,2.14,3.97,3.21
2022-10-13 02:00:00,1.33,2.67,1.93,4.58,3.50
2022-10-13 03:00:00,1.22,2.25,1.09,3.06,3.20
2022-10-13 04:00:00,1.31,2.63,1.71,3.60,3.05
2022-10-13 05:00:00,1.39,3.09,1.47,3.91,3.17
2022-10-13 06:00:00,1.46,2.79,1.15,2.78,4.39
2022-10-13 07:00:00,0.987,2.61,1.12,2.69,4.53
2022-10-13 08:00:00,0.947,1.84,1.11,1.98,3.69
2022-10-13 09:00:00,1.07,1.74,1.12,1.42,1.42
2022-10-13 10:00:00,1.87,1.82,1.67,2.78,1.54
2022-10-13 11:00:00,0.990,1.61,1.43,1.72,2.45
2022-10-13 12:00:00,0.738,1.23,1.05,1.53,2.47
2022-10-13 13:00:00,0.983,1.62,1.08,1.64,3.19
2022-10-13 14:00:00,1.09,2.01,1.20,2.06,4.05
2022-10-13 15:00:00,1.21,2.26,1.38,2.74,3.30
2022-10-13 16:00:00,1.10,2.24,1.17,2.38,3.83
2022-10-13 17:00:00,1.06,2.41,1.49,2.42,4.76
2022-10-13 18:00:00,0.761,2.06,1.79,1.82,5.60
2022-10-13 19:00:00,0.672,1.61,1.83,1.57,4.24
2022-10-13 20:00:00,0.525,1.42,1.42,1.54,3.44
2022-10-13 21:00:00,0.396,1.18,1.21,1.43,2.42
2022-10-13 22:00:00,0.231,1.18,1.29,1.33,2.35
2022-10-13 23:00:00,0.368,0.942,0.924,1.10,1.72
2022-10-14 00:00:00,0.203,0.782,0.849,0.911,1.71
2022-10-14 01:00:00,0.126,0.398,0.676,0.537,1.02
2022-10-14 02:00:00,0.437,0.929,1.02,1.47,1.51
2022-10-14 03:00:00,0.953,1.57,1.26,2.76,2.61
2022-10-14 04:00:00,0.952,1.93,0.933,2.52,3.34
2022-10-14 05:00:00,0.657,1.85,1.10,2.11,3.41
2022-10-14 06:00:00,0.299,1.08,0.962,1.01,2.15
2022-10-14 07:00:00,0.255,0.913,0.831,0.998,1.71
2022-10-14 08:00:00,0.420,0.827,0.799,1.02,1.46
2022-10-14 09:00:00,0.481,0.816,0.776,0.893,1.65
2022-10-14 10:00:00,0.744,1.14,1.22,1.27,2.28
2022-10-14 11:00:00,1.12,1.14,1.46,1.71,2.31
2022-10-14 12:00:00,0.970,1.88,1.62,1.87,3.24
2022-10-14 13:00:00,0.929,1.92,1.04,1.74,3.52
2022-10-14 14:00:00,1.13,2.28,1.44,1.98,3.09
2022-10-14 15:00:00,1.13,2.79,1.74,2.59,3.40
2022-10-14 16:00:00,1.60,2.28,1.21,1.87,2.69
2022-10-14 17:00:00,1.58,1.92,1.11,1.98,2.09
2022-10-14 18:00:00,1.45,1.46,1.08,1.55,1.64
2022-10-14 19:00:00,0.676,1.04,1.01,2.11,1.99
2022-10-14 20:00:00,0.251,0.618,0.618,0.902,0.452
2022-10-14 21:00:00,0.106,0.247,0.629,1.02,1.31
2022-10-14 22:00:00,0.900,0.651,0.929,1.27,2.04
2022-10-14 23:00:00,1.26,1.12,1.46,2.31,2.50
2022-10-15 00:00:00,1.23,1.11,1.18,1.94,2.28
2022-10-15 01:00:00,0.820,0.981,0.896,1.56,1.73
2022-10-15 02:00:00,0.965,1.18,0.895,1.48,1.16
2022-10-15 03:00:00,1.10,1.42,0.919,1.45,1.10
2022-10-15 04:00:00,0.945,1.29,1.01,1.58,1.16
2022-10-15 05:00:00,1.08,1.25,0.997,1.93,1.74
2022-10-15 06:00:00,1.50,1.47,0.976,2.14,2.43
2022-10-15 07:00:00,2.01,1.98,1.64,2.79,2.42
2022-10-15 08:00:00,2.19,2.21,1.73,3.02,2.36
2022-10-15 09:00:00,1.58,2.33,1.38,2.45,3.07
2022-10-15 10:00:00,0.977,2.16,1.18,2.03,4.14
2022-10-15 11:00:00,1.13,2.22,2.14,2.37,5.15
2022-10-15 12:00:00,1.34,1.80,2.06,2.35,3.47
2022-10-15 13:00:00,2.41,1.95,3.03,3.99,4.29
2022-10-15 14:00:00,2.01,2.41,3.20,3.57,5.13
2022-10-15 15:00:00,1.55,2.59,2.82,2.75,5.70
2022-10-15 16:00:00,1.99,2.30,3.17,3.58,4.67
2022-10-15 17:00:00,2.15,2.08,2.72,3.69,4.01
2022-10-15 18:00:00,1.18,1.98,2.22,2.46,4.37
2022-10-15 19:00:00,1.14,1.49,1.70,2.19,3.29
2022-10-15 20:00:00,0.987,1.38,1.42,1.88,2.76
2022-10-15 21:00:00,0.639,1.35,1.61,1.33,2.71
2022-10-15 22:00:00,0.505,1.31,1.54,1.43,1.98
2022-10-15 23:00:00,0.606,1.26,1.51,1.42,2.46
2022-10-16 00:00:00,1.33,1.30,1.72,2.19,2.00
2022-10-16 01:00:00,1.03,1.47,1.50,1.75,2.22
2022-10-16 02:00:00,0.967,1.36,1.48,1.61,1.65
2022-10-16 03:00:00,0.124,1.10,1.33,1.38,1.61
2022-10-16 04:00:00,0.229,0.812,1.68,1.68,1.66
2022-10-16 05:00:00,0.505,0.787,1.67,1.54,1.72
2022-10-16 06:00:00,0.731,1.13,0.754,2.15,1.93
2022-10-16 07:00:00,0.504,0.990,1.13,1.71,1.76
2022-10-16 08:00:00,0.346,0.912,1.68,1.48,1.66
2022-10-16 09:00:00,0.497,0.923,1.43,1.56,1.63
2022-10-16 10:00:00,0.777,1.18,0.728,1.93,1.96
2022-10-16 11:00:00,0.887,1.60,1.12,2.15,2.28
2022-10-16 12:00:00,1.00,2.33,1.30,1.98,3.86
2022-10-16 13:00:00,1.05,2.32,1.27,1.76,4.27
2022-10-16 14:00:00,1.18,2.23,1.42,2.05,4.50
2022-10-16 15:00:00,0.958,1.90,1.13,1.84,3.59
2022-10-16 16:00:00,0.971,1.56,0.980,1.63,2.93
2022-10-16 17:00:00,0.722,1.11,1.10,1.47,2.08
2022-10-16 18:00:00,0.746,0.702,1.19,1.14,1.14
2022-10-16 19:00:00,0.903,0.686,1.43,1.30,0.967
2022-10-16 20:00:00,0.734,0.470,1.14,1.13,0.999
2022-10-16 21:00:00,0.647,0.353,0.880,0.934,0.917
2022-10-16 22:00:00,0.788,0.966,1.10,1.01,0.892
2022-10-16 23:00:00,0.557,0.796,0.439,0.666,0.751
2022-10-17 00:00:00,0.591,0.739,0.281,0.679,0.633
2022-10-17 01:00:00,0.754,0.966,0.372,0.736,0.632
2022-10-17 02:00:00,0.369,0.938,0.288,0.589,0.552
2022-10-17 03:00:00,0.183,0.603,0.197,0.539,0.567
2022-10-17 04:00:00,0.324,0.507,0.474,0.612,0.734
2022-10-17 05:00:00,0.378,0.249,0.193,0.550,0.816
2022-10-17 06:00:00,0.336,0.196,0.248,0.751,1.12
2022-10-17 07:00:00,0.620,0.786,0.688,1.18,1.11
2022-10-17 08:00:00,0.886,1.32,0.924,1.37,1.70
2022-10-17 09:00:00,0.930,1.44,1.46,1.54,3.52
2022-10-17 10:00:00,0.918,1.52,1.54,1.77,3.51
2022-10-17 11:00:00,1.10,1.89,1.05,1.51,3.42
2022-10-17 12:00:00,1.14,2.02,1.11,1.69,3.58
2022-10-17 13:00:00,1.17,2.09,1.17,1.95,3.83
2022-10-17 14:00:00,1.29,2.32,1.34,2.35,4.14
2022-10-17 15:00:00,1.28,2.42,1.41,2.42,3.63
2022-10-17 16:00:00,1.04,2.77,1.34,2.18,5.55
2022-10-17 17:00:00,1.02,2.15,1.19,2.17,4.30
2022-10-17 18:00:00,0.940,2.14,1.04,1.77,3.88
2022-10-17 19:00:00,0.704,1.63,1.15,1.58,3.16
2022-10-17 20:00:00,0.904,1.81,1.03,1.79,3.30
2022-10-17 21:00:00,1.02,1.96,1.14,2.16,3.83
2022-10-17 22:00:00,1.12,2.15,1.12,2.49,3.47
2022-10-17 23:00:00,1.14,2.09,1.29,2.72,2.72
2022-10-18 00:00:00,1.08,1.85,1.21,2.32,2.68
2022-10-18 01:00:00,1.01,1.25,0.833,1.14,1.39
2022-10-18 02:00:00,0.497,0.614,0.901,0.869,0.594
2022-10-18 03:00:00,0.613,0.977,1.21,0.942,0.948
2022-10-18 04:00:00,0.871,0.948,1.38,1.09,0.900
2022-10-18 05:00:00,0.989,0.948,1.41,1.20,0.931
2022-10-18 06:00:00,0.962,0.912,1.27,1.15,1.01
2022-10-18 07:00:00,1.23,0.765,1.38,1.42,0.899
2022-10-18 08:00:00,1.27,0.903,1.30,1.53,1.13
2022-10-18 09:00:00,1.52,0.896,1.26,1.86,1.15
2022-10-18 10:00:00,1.22,1.03,1.34,1.69,1.97
2022-10-18 11:00:00,0.753,1.38,1.23,1.30,3.22
2022-10-18 12:00:00,0.782,1.67,1.43,1.57,3.34
2022-10-18 13:00:00,0.964,1.83,2.03,1.75,4.36
2022-10-18 14:00:00,0.802,2.00,1.82,1.67,4.65
2022-10-18 15:00:00,1.01,2.19,1.24,1.92,4.28
2022-10-18 16:00:00,0.746,1.56,1.32,1.37,3.53
2022-10-18 17:00:00,0.823,1.97,1.51,1.38,4.12
2022-10-18 18:00:00,0.833,1.55,1.12,1.45,3.10
2022-10-18 19:00:00,0.690,1.50,1.18,1.20,2.98
2022-10-18 20:00:00,0.659,1.41,0.968,1.12,2.83
2022-10-18 21:00:00,0.713,1.48,0.917,1.59,2.37
2022-10-18 22:00:00,0.800,1.74,0.897,1.88,2.63
2022-10-18 23:00:00,0.563,1.42,1.07,1.38,2.76
2022-10-19 00:00:00,0.710,1.30,0.992,1.15,2.39
2022-10-19 01:00:00,0.737,1.25,1.07,1.36,2.41
2022-10-19 02:00:00,0.750,1.15,0.871,1.07,2.33
2022-10-19 03:00:00,0.435,0.963,0.780,0.778,2.01
2022-10-19 04:00:00,0.458,0.748,0.920,0.954,1.80
2022-10-19 05:00:00,0.575,0.680,1.08,1.00,1.51
2022-10-19 06:00:00,0.645,0.659,0.794,0.775,1.51
2022-10-19 07:00:00,0.703,0.710,0.877,0.906,1.51
2022-10-19 08:00:00,0.647,0.814,0.901,0.737,1.56
2022-10-19 09:00:00,0.748,0.788,1.03,0.987,1.86
2022-10-19 10:00:00,1.04,1.23,1.45,1.65,2.01
2022-10-19 11:00:00,0.979,1.24,1.40,1.66,2.28
2022-10-19 12:00:00,1.07,1.27,1.52,1.65,2.31
2022-10-19 13:00:00,0.867,1.57,1.18,1.32,3.11
2022-10-19 14:00:00,1.00,1.70,1.31,1.61,2.29
2022-10-19 15:00:00,1.08,2.21,1.40,1.99,2.71
2022-10-19 16:00:00,0.890,1.52,1.01,1.55,2.90
2022-10-19 17:00:00,1.33,1.53,1.70,1.99,2.63
2022-10-19 18:00:00,1.92,1.17,2.38,2.61,2.06
2022-10-19 19:00:00,1.97,1.06,2.28,2.87,1.61
2022-10-19 20:00:00,2.30,1.13,2.25,3.01,1.81
2022-10-19 21:00:00,1.92,1.43,2.10,2.71,2.35
2022-10-19 22:00:00,1.59,1.76,2.18,2.47,3.87
2022-10-19 23:00:00,1.23,1.51,1.64,2.03,3.58
2022-10-20 00:00:00,1.67,1.37,1.84,2.53,2.88
2022-10-20 01:00:00,1.29,1.50,1.84,2.20,2.87
2022-10-20 02:00:00,1.11,1.37,1.60,1.94,2.80
2022-10-20 03:00:00,1.49,1.44,2.01,2.38,3.32
2022-10-20 04:00:00,1.42,1.52,2.05,2.36,2.96
2022-10-20 05:00:00,1.06,1.69,1.67,1.83,4.01
2022-10-20 06:00:00,0.842,1.81,1.89,1.68,4.76
2022-10-20 07:00:00,0.795,1.96,1.85,1.84,4.97
2022-10-20 08:00:00,0.891,1.81,1.68,1.57,4.36
2022-10-20 09:00:00,0.860,1.70,1.81,1.76,4.06
2022-10-20 10:00:00,0.881,1.62,1.69,1.76,4.34
2022-10-20 11:00:00,1.18,1.77,1.98,2.31,3.74
2022-10-20 12:00:00,1.21,1.95,2.20,2.22,4.32
2022-10-20 13:00:00,1.38,1.94,2.40,2.56,4.37
2022-10-20 14:00:00,1.50,2.08,2.47,2.68,5.42
2022-10-20 15:00:00,1.52,1.76,2.09,2.62,3.28
2022-10-20 16:00:00,1.00,1.81,1.88,1.81,4.43
2022-10-20 17:00:00,0.875,1.93,1.67,1.76,4.36
2022-10-20 18:00:00,0.876,2.01,1.25,1.69,4.07
2022-10-20 19:00:00,0.782,1.81,1.71,1.62,4.51
2022-10-20 20:00:00,0.733,1.33,1.25,1.15,3.16
2022-10-20 21:00:00,0.529,1.13,1.21,1.22,2.52
2022-10-20 22:00:00,0.690,1.41,1.43,1.37,3.48
2022-10-20 23:00:00,0.860,1.20,1.21,1.37,2.12
2022-10-21 00:00:00,0.833,1.02,0.948,1.23,1.58
2022-10-21 01:00:00,0.590,0.794,1.10,1.36,1.83
2022-10-21 02:00:00,0.471,0.620,1.24,1.30,1.77
2022-10-21 03:00:00,0.462,0.656,0.989,1.19,1.36
2022-10-21 04:00:00,0.440,0.648,0.950,0.771,0.969
2022-10-21 05:00:00,0.192,0.420,1.05,1.06,0.883
2022-10-21 06:00:00,0.127,0.215,0.677,0.581,0.869
2022-10-21 07:00:00,0.285,0.305,0.610,1.20,1.40
2022-10-21 08:00:00,0.341,0.317,0.681,0.979,1.43
2022-10-21 09:00:00,0.283,0.545,0.492,0.752,1.05
2022-10-21 10:00:00,0.795,1.67,0.676,1.12,1.48
2022-10-21 11:00:00,1.09,2.60,1.31,2.53,3.53
2022-10-21 12:00:00,1.34,3.01,1.27,2.25,3.74
2022-10-21 13:00:00,1.30,2.93,1.49,3.25,4.09
2022-10-21 14:00:00,1.45,2.78,1.68,3.23,4.27
2022-10-21 15:00:00,1.41,2.52,1.60,3.66,4.48
2022-10-21 16:00:00,1.13,2.76,1.26,2.88,4.72
2022-10-21 17:00:00,1.07,2.65,1.20,3.13,4.97
2022-10-21 18:00:00,1.03,2.49,1.32,2.94,4.64
2022-10-21 19:00:00,1.14,2.01,1.12,3.01,3.66
2022-10-21 20:00:00,1.02,2.08,0.994,2.47,3.06
2022-10-21 21:00:00,0.951,2.00,0.975,2.79,2.71
2022-10-21 22:00:00,0.957,1.81,1.20,3.18,2.69
2022-10-21 23:00:00,0.928,2.04,1.16,3.26,3.00
2022-10-22 00:00:00,0.975,1.98,1.23,3.42,3.61
2022-10-22 01:00:00,1.06,1.98,1.36,3.34,4.12
2022-10-22 02:00:00,0.963,2.11,1.75,3.46,4.31
2022-10-22 03:00:00,0.783,2.28,2.31,3.31,4.78
2022-10-22 04:00:00,0.790,2.30,1.99,3.39,4.44
2022-10-22 05:00:00,0.668,2.19,2.10,3.23,4.19
2022-10-22 06:00:00,0.532,1.70,2.10,2.92,3.22
2022-10-22 07:00:00,0.809,1.64,1.41,3.41,2.75
2022-10-22 08:00:00,0.580,1.54,1.60,3.03,2.80
2022-10-22 09:00:00,0.525,1.34,1.75,2.69,2.29
2022-10-22 10:00:00,0.733,1.72,1.26,2.50,2.89
2022-10-22 11:00:00,0.894,2.14,1.18,2.34,4.46
2022-10-22 12:00:00,0.937,2.30,1.05,2.46,4.57
2022-10-22 13:00:00,1.07,2.38,1.17,2.55,4.08
2022-10-22 14:00:00,1.24,2.60,1.24,2.50,3.63
2022-10-22 15:00:00,1.25,2.67,1.80,3.34,3.43
2022-10-22 16:00:00,1.33,2.62,1.40,2.96,3.01
2022-10-22 17:00:00,1.39,2.79,1.32,2.50,2.91
2022-10-22 18:00:00,0.891,1.89,1.39,2.74,2.17
2022-10-22 19:00:00,0.256,0.990,0.514,1.37,1.29
2022-10-22 20:00:00,0.231,0.758,0.450,0.790,1.10
2022-10-22 21:00:00,0.174,0.220,0.864,0.844,1.64
2022-10-22 22:00:00,0.0741,0.248,0.483,0.672,1.26
2022-10-22 23:00:00,0.189,0.278,1.08,0.831,1.25
2022-10-23 00:00:00,0.193,0.413,1.24,1.47,1.19
2022-10-23 01:00:00,0.332,1.38,0.924,2.42,1.37
2022-10-23 02:00:00,0.354,0.784,0.536,1.55,1.10
2022-10-23 03:00:00,0.237,0.653,0.933,0.950,1.29
2022-10-23 04:00:00,0.180,0.0314,1.12,0.721,1.09
2022-10-23 05:00:00,0.140,0.0634,0.976,0.740,0.890
2022-10-23 06:00:00,0.182,0.613,0.454,0.590,0.988
2022-10-23 07:00:00,0.344,0.631,0.284,0.728,0.882
2022-10-23 08:00:00,0.0410,0.0518,0.241,0.628,1.30
2022-10-23 09:00:00,0.315,0.310,0.160,0.858,1.36
2022-10-23 10:00:00,0.368,0.547,0.143,0.687,1.19
2022-10-23 11:00:00,1.10,0.639,0.444,0.685,1.34
2022-10-23 12:00:00,1.36,0.979,1.17,1.12,1.22
2022-10-23 13:00:00,1.42,1.20,1.34,1.45,1.67
2022-10-23 14:00:00,1.58,1.58,1.86,2.12,1.68
2022-10-23 15:00:00,1.85,1.00,1.21,1.50,1.79
2022-10-23 16:00:00,1.63,1.05,1.04,1.02,1.80
2022-10-23 17:00:00,1.62,0.918,1.000,0.940,1.65
2022-10-23 18:00:00,1.45,0.904,0.933,0.983,1.79
2022-10-23 19:00:00,0.895,0.763,0.449,0.943,1.19
2022-10-23 20:00:00,0.839,1.07,0.383,0.798,1.13
2022-10-23 21:00:00,0.715,1.07,0.327,0.876,0.857
2022-10-23 22:00:00,0.476,1.53,0.266,0.762,1.04
2022-10-23 23:00:00,0.815,1.36,0.214,0.808,1.04
2022-10-24 00:00:00,0.504,1.40,0.129,0.778,0.968
2022-10-24 01:00:00,0.704,0.961,0.469,0.795,0.926
2022-10-24 02:00:00,0.473,0.594,0.610,0.776,0.682
2022-10-24 03:00:00,0.0830,0.331,0.370,0.809,0.715
2022-10-24 04:00:00,0.159,0.490,0.488,0.772,1.10
2022-10-24 05:00:00,0.345,0.968,0.331,0.587,0.969
2022-10-24 06:00:00,0.208,0.602,0.184,0.801,0.926
2022-10-24 07:00:00,0.267,0.679,0.448,0.814,0.973
2022-10-24 08:00:00,0.352,0.643,0.252,1.00,0.776
2022-10-24 09:00:00,0.278,0.595,0.271,0.880,0.833
2022-10-24 10:00:00,0.767,0.644,0.389,0.843,1.14
2022-10-24 11:00:00,0.976,1.08,0.800,0.990,1.29
2022-10-24 12:00:00,1.24,1.15,1.26,1.39,1.37
2022-10-24 13:00:00,1.69,1.37,1.01,0.970,1.29
2022-10-24 14:00:00,1.44,1.40,1.60,1.66,1.79
2022-10-24 15:00:00,1.42,1.47,1.17,1.47,1.44
2022-10-24 16:00:00,1.57,1.40,1.18,1.65,1.42
2022-10-24 17:00:00,1.42,1.14,1.06,1.32,1.70
2022-10-24 18:00:00,1.17,0.738,0.821,0.821,1.73
2022-10-24 19:00:00,0.857,0.345,0.556,0.797,1.33
2022-10-24 20:00:00,0.940,0.623,0.418,0.850,1.37
2022-10-24 21:00:00,0.653,0.577,0.307,0.900,1.48
2022-10-24 22:00:00,1.19,0.577,0.531,0.862,1.65
2022-10-24 23:00:00,1.15,0.816,0.512,0.980,1.64
2022-10-25 00:00:00,0.715,0.818,0.508,0.800,1.21
2022-10-25 01:00:00,0.454,1.17,0.202,0.770,0.755
2022-10-25 02:00:00,0.556,1.45,0.398,0.986,0.661
2022-10-25 03:00:00,0.908,1.13,0.786,0.898,0.987
2022-10-25 04:00:00,0.874,0.699,0.589,0.872,1.26
2022-10-25 05:00:00,1.26,0.818,1.03,1.06,1.25
2022-10-25 06:00:00,0.727,0.427,0.490,0.877,0.910
2022-10-25 07:00:00,0.333,0.433,0.528,0.720,0.693
2022-10-25 08:00:00,0.398,1.02,0.264,0.687,0.403
2022-10-25 09:00:00,0.502,0.825,0.399,0.797,0.545
2022-10-25 10:00:00,0.620,0.670,0.327,0.659,0.485
2022-10-25 11:00:00,1.11,0.650,0.580,0.698,1.16
2022-10-25 12:00:00,1.44,1.15,1.60,1.80,1.47
2022-10-25 13:00:00,1.50,1.35,1.55,1.85,1.46
2022-10-25 14:00:00,1.29,1.46,1.06,1.17,1.32
2022-10-25 15:00:00,1.45,1.50,1.19,1.51,1.37
2022-10-25 16:00:00,1.54,0.992,1.21,1.71,1.81
2022-10-25 17:00:00,1.51,0.766,0.962,1.11,1.83
2022-10-25 18:00:00,1.46,0.643,0.794,1.02,1.79
2022-10-25 19:00:00,1.31,0.663,0.628,0.918,1.83
2022-10-25 20:00:00,1.15,0.828,0.617,0.918,1.26
2022-10-25 21:00:00,1.11,0.667,0.507,0.971,1.45
2022-10-25 22:00:00,0.966,0.364,0.344,0.850,1.27
2022-10-25 23:00:00,1.04,0.486,0.379,0.920,1.34
2022-10-26 00:00:00,0.735,0.563,0.598,1.12,1.13
2022-10-26 01:00:00,0.631,0.638,0.603,0.869,1.00
2022-10-26 02:00:00,0.387,0.551,0.544,0.812,0.904
2022-10-26 03:00:00,0.226,0.307,0.730,1.12,1.23
2022-10-26 04:00:00,0.0611,0.105,0.238,0.825,1.28
2022-10-26 05:00:00,0.360,0.644,0.202,0.754,1.12
2022-10-26 06:00:00,0.147,0.363,0.201,0.787,1.37
2022-10-26 07:00:00,0.561,0.502,0.335,0.777,1.43
2022-10-26 08:00:00,0.215,0.235,0.398,0.838,1.40
2022-10-26 09:00:00,0.566,0.295,0.264,0.778,1.52
2022-10-26 10:00:00,0.886,0.907,0.751,1.31,1.73
2022-10-26 11:00:00,1.36,1.37,1.07,1.49,1.66
2022-10-26 12:00:00,1.02,1.47,1.06,1.51,1.85
2022-10-26 13:00:00,0.789,1.52,1.02,1.62,3.04
2022-10-26 14:00:00,0.836,1.54,0.962,1.98,2.58
2022-10-26 15:00:00,1.14,1.62,1.23,2.12,2.78
2022-10-26 16:00:00,1.40,1.64,1.94,2.08,2.91
2022-10-26 17:00:00,1.17,1.95,1.81,2.17,4.27
2022-10-26 18:00:00,0.890,1.92,1.88,2.45,4.01
2022-10-26 19:00:00,1.36,1.30,2.31,2.33,3.30
2022-10-26 20:00:00,1.97,0.972,2.92,2.71,2.25
2022-10-26 21:00:00,1.83,1.04,2.87,2.72,1.96
2022-10-26 22:00:00,2.12,1.21,3.33,3.06,1.96
2022-10-26 23:00:00,2.19,1.17,3.55,2.89,1.88
2022-10-27 00:00:00,1.88,1.45,3.63,3.12,2.05
2022-10-27 01:00:00,2.14,1.77,3.73,3.24,2.19
2022-10-27 02:00:00,1.82,1.12,3.26,2.39,1.79
2022-10-27 03:00:00,1.88,1.17,3.20,2.54,1.74
2022-10-27 04:00:00,1.77,1.48,3.28,2.67,1.84
2022-10-27 05:00:00,1.33,1.16,2.35,1.95,1.48
2022-10-27 06:00:00,1.21,1.61,2.12,1.67,1.57
2022-10-27 07:00:00,0.986,1.45,1.55,1.23,1.23
2022-10-27 08:00:00,0.688,1.23,1.28,1.04,1.21
2022-10-27 09:00:00,0.589,0.957,0.984,0.835,1.01
2022-10-27 10:00:00,0.867,0.861,1.16,1.06,1.01
2022-10-27 11:00:00,0.983,0.940,1.23,1.30,1.14
2022-10-27 12:00:00,1.04,1.11,1.72,1.42,1.01
2022-10-27 13:00:00,1.17,1.51,1.78,1.41,1.34
2022-10-27 14:00:00,1.31,1.81,2.01,1.63,1.34
2022-10-27 15:00:00,1.36,1.61,2.07,1.68,1.61
2022-10-27 16:00:00,1.22,1.92,1.67,1.44,1.13
2022-10-27 17:00:00,0.927,1.72,1.67,1.41,1.16
2022-10-27 18:00:00,0.749,1.33,1.54,1.21,1.29
2022-10-27 19:00:00,0.412,0.836,1.11,1.03,1.02
2022-10-27 20:00:00,0.471,0.936,0.965,0.922,1.00
2022-10-27 21:00:00,0.596,1.00,0.729,0.850,1.01
2022-10-27 22:00:00,0.646,0.818,0.555,0.638,0.745
2022-10-27 23:00:00,0.514,0.687,0.553,0.703,0.896
2022-10-28 00:00:00,0.499,0.787,0.730,0.609,0.993
2022-10-28 01:00:00,0.466,0.889,0.924,0.897,1.38
2022-10-28 02:00:00,0.535,1.17,1.11,0.939,1.20
2022-10-28 03:00:00,0.413,1.11,0.905,0.731,0.979
2022-10-28 04:00:00,0.351,1.23,0.826,0.746,0.746
2022-10-28 05:00:00,0.380,1.32,1.09,0.807,0.566
2022-10-28 06:00:00,0.296,1.37,0.866,0.754,0.773
2022-10-28 07:00:00,0.375,1.36,1.09,0.694,0.913
2022-10-28 08:00:00,0.539,1.56,0.550,0.710,1.07
2022-10-28 09:00:00,1.15,1.19,0.464,0.952,1.11
2022-10-28 10:00:00,1.02,0.987,0.445,0.793,1.09
2022-10-28 11:00:00,1.93,1.66,1.22,1.67,2.39
2022-10-28 12:00:00,2.32,1.70,1.22,1.75,2.57
2022-10-28 13:00:00,2.52,1.30,1.10,1.44,2.53
2022-10-28 14:00:00,2.31,1.34,1.16,1.27,3.04
2022-10-28 15:00:00,2.51,1.45,0.980,1.21,2.73
2022-10-28 16:00:00,2.40,1.22,0.957,1.17,2.96
2022-10-28 17:00:00,2.25,1.21,0.905,1.19,2.76
2022-10-28 18:00:00,1.86,1.13,0.862,1.04,2.59
2022-10-28 19:00:00,1.41,0.862,0.689,0.853,1.85
2022-10-28 20:00:00,0.593,0.674,0.348,0.651,0.858
2022-10-28 21:00:00,0.524,0.615,0.386,0.727,1.05
2022-10-28 22:00:00,0.295,0.441,1.05,0.750,1.26
2022-10-28 23:00:00,0.229,0.144,1.24,0.880,1.43
2022-10-29 00:00:00,0.120,0.204,1.39,0.949,1.34
2022-10-29 01:00:00,0.165,0.0374,0.985,0.725,0.908
2022-10-29 02:00:00,0.0418,0.0185,1.02,0.601,0.925
2022-10-29 03:00:00,0.0822,0.193,0.986,0.682,0.874
2022-10-29 04:00:00,0.372,0.502,0.780,0.738,0.926
2022-10-29 05:00:00,0.118,0.342,0.851,0.663,0.886
2022-10-29 06:00:00,0.180,0.297,0.917,0.776,0.967
2022-10-29 07:00:00,0.263,0.280,0.884,0.672,0.833
2022-10-29 08:00:00,0.212,0.131,0.887,0.641,0.892
2022-10-29 09:00:00,0.0422,0.183,0.807,0.554,0.798
2022-10-29 10:00:00,0.336,0.971,0.429,0.456,0.941
2022-10-29 11:00:00,0.807,1.22,0.885,0.907,1.51
2022-10-29 12:00:00,0.776,1.17,0.912,1.04,2.41
2022-10-29 13:00:00,0.921,1.58,0.943,1.18,3.26
2022-10-29 14:00:00,0.890,1.33,1.19,1.26,2.84
2022-10-29 15:00:00,0.839,1.35,1.14,1.34,2.35
2022-10-29 16:00:00,1.00,1.41,0.917,1.34,2.12
2022-10-29 17:00:00,0.951,1.68,0.951,1.25,2.48
2022-10-29 18:00:00,0.821,1.28,0.887,1.51,1.76
2022-10-29 19:00:00,0.777,0.832,0.994,1.22,0.911
2022-10-29 20:00:00,0.742,0.733,1.17,1.30,1.37
2022-10-29 21:00:00,0.366,0.689,0.967,1.33,1.29
2022-10-29 22:00:00,0.218,0.310,0.913,1.42,1.21
2022-10-29 23:00:00,0.140,0.249,0.558,0.893,1.17
2022-10-30 00:00:00,0.122,0.0685,0.595,0.624,1.41
2022-10-30 01:00:00,0.0990,0.0702,0.713,0.604,1.40
2022-10-30 02:00:00,0.178,0.496,0.788,0.712,1.16
2022-10-30 03:00:00,0.634,0.724,0.827,0.857,0.932
2022-10-30 04:00:00,0.466,0.975,0.472,0.517,1.04
2022-10-30 05:00:00,0.143,0.396,0.660,0.696,0.947
2022-10-30 06:00:00,0.110,0.200,0.951,0.606,0.906
2022-10-30 07:00:00,0.162,0.0950,1.03,0.745,1.08
2022-10-30 08:00:00,0.261,0.363,0.756,0.653,0.904
2022-10-30 09:00:00,0.644,0.435,0.518,0.753,1.26
2022-10-30 10:00:00,0.511,0.597,0.435,0.691,0.413
2022-10-30 11:00:00,0.534,0.633,0.719,0.747,0.501
2022-10-30 12:00:00,0.545,0.568,0.674,0.626,0.659
2022-10-30 13:00:00,0.697,1.22,0.879,0.938,1.60
2022-10-30 14:00:00,0.901,1.35,0.785,0.879,1.16
2022-10-30 15:00:00,0.941,1.19,0.730,0.982,1.23
2022-10-30 16:00:00,1.05,1.41,0.976,1.29,1.42
2022-10-30 17:00:00,0.685,1.06,0.801,1.05,1.78
2022-10-30 18:00:00,0.903,1.18,0.903,1.24,0.771
2022-10-30 19:00:00,1.01,0.946,1.08,1.64,1.01
2022-10-30 20:00:00,0.624,0.561,1.05,1.36,1.25
2022-10-30 21:00:00,0.194,0.133,0.354,0.782,1.12
2022-10-30 22:00:00,0.0440,0.147,0.477,0.654,0.817
2022-10-30 23:00:00,0.0451,0.0395,0.803,0.618,0.828
2022-10-31 00:00:00,0.0549,0.0249,0.689,0.515,0.765
2022-10-31 01:00:00,0.0570,0.0428,0.666,0.519,0.679
2022-10-31 02:00:00,0.0194,0.0398,0.646,0.506,0.548
2022-10-31 03:00:00,0.0394,0.187,0.527,0.488,0.613
2022-10-31 04:00:00,0.255,0.504,0.435,0.565,0.806
2022-10-31 05:00:00,0.302,0.316,0.558,0.693,0.788
2022-10-31 06:00:00,0.480,0.533,0.488,0.754,0.849
2022-10-31 07:00:00,0.415,0.638,0.505,0.813,0.950
2022-10-31 08:00:00,0.443,0.659,0.573,0.908,1.16
2022-10-31 09:00:00,0.322,0.364,0.581,0.768,1.15
2022-10-31 10:00:00,0.281,0.368,0.641,0.644,0.613
2022-10-31 11:00:00,0.512,0.557,0.630,0.861,0.794
2022-10-31 12:00:00,0.920,0.697,0.948,1.12,1.18
2022-10-31 13:00:00,0.793,0.705,0.737,0.737,0.955
2022-10-31 14:00:00,1.06,1.25,1.10,1.55,1.37
2022-10-31 15:00:00,1.09,0.894,1.17,1.51,1.25
2022-10-31 16:00:00,0.982,0.846,0.975,1.27,1.50
2022-10-31 17:00:00,0.920,0.697,0.780,0.952,1.70
2022-10-31 18:00:00,0.893,0.707,0.843,1.04,1.75
2022-10-31 19:00:00,0.596,0.534,0.693,0.661,0.982
2022-10-31 20:00:00,0.226,0.512,0.358,0.608,0.641
2022-10-31 21:00:00,0.133,0.265,0.216,0.589,0.404
2022-10-31 22:00:00,0.253,0.408,0.160,0.483,0.446
2022-10-31 23:00:00,0.0790,0.230,0.547,0.597,0.505
2022-11-01 00:00:00,0.0943,0.120,0.583,0.532,0.568
2022-11-01 01:00:00,0.0662,0.445,0.596,0.601,0.746
2022-11-01 02:00:00,0.155,0.739,0.870,0.942,0.919
2022-11-01 03:00:00,0.0892,0.635,1.32,1.34,1.21
2022-11-01 04:00:00,0.167,0.832,1.91,1.66,1.57
2022-11-01 05:00:00,0.681,1.42,1.74,1.42,1.04
2022-11-01 06:00:00,0.622,1.31,1.72,1.13,1.15
2022-11-01 07:00:00,0.560,0.686,1.91,1.19,0.816
2022-11-01 08:00:00,0.348,0.613,2.41,1.09,0.738
2022-11-01 09:00:00,0.587,0.696,2.28,1.37,0.633
2022-11-01 10:00:00,0.875,0.656,1.71,1.04,0.852
2022-11-01 11:00:00,0.980,0.619,1.13,1.42,1.06
2022-11-01 12:00:00,0.800,1.20,1.32,1.29,1.05
2022-11-01 13:00:00,1.02,1.04,1.41,1.38,1.05
2022-11-01 14:00:00,1.04,1.13,1.73,1.46,1.01
2022-11-01 15:00:00,1.05,0.983,1.67,1.52,1.06
2022-11-01 16:00:00,1.10,1.39,1.18,2.06,3.34
2022-11-01 17:00:00,0.953,1.28,1.08,1.66,3.10
2022-11-01 18:00:00,0.495,0.925,1.49,1.47,2.19
2022-11-01 19:00:00,0.910,0.740,1.07,1.47,1.04
2022-11-01 20:00:00,1.19,0.724,0.998,2.34,0.977
2022-11-01 21:00:00,1.06,0.602,0.981,1.65,1.03
2022-11-01 22:00:00,0.834,0.649,0.953,1.46,0.975
2022-11-01 23:00:00,0.704,0.359,0.713,1.07,1.03
2022-11-02 00:00:00,0.652,0.272,0.697,0.655,0.944
2022-11-02 01:00:00,0.523,0.198,0.863,0.779,1.25
2022-11-02 02:00:00,0.386,0.268,0.717,0.801,1.26
2022-11-02 03:00:00,0.232,0.254,0.576,0.686,1.31
2022-11-02 04:00:00,0.304,0.249,0.888,0.891,1.06
2022-11-02 05:00:00,0.729,0.138,0.972,0.780,0.953
2022-11-02 06:00:00,0.559,0.0832,0.660,0.674,0.744
2022-11-02 07:00:00,0.572,0.103,0.582,0.545,0.836
2022-11-02 08:00:00,0.198,0.264,0.666,0.548,0.969
2022-11-02 09:00:00,0.126,0.111,0.622,0.531,0.940
2022-11-02 10:00:00,0.442,0.383,0.452,0.639,0.927
2022-11-02 11:00:00,0.703,0.628,0.393,0.667,0.827
2022-11-02 12:00:00,0.801,1.08,0.703,0.681,0.902
2022-11-02 13:00:00,1.14,1.35,1.11,1.14,1.25
2022-11-02 14:00:00,1.49,1.63,1.93,1.95,1.44
2022-11-02 15:00:00,1.35,1.37,1.38,1.67,1.55
2022-11-02 16:00:00,1.18,1.13,1.12,1.32,1.22
2022-11-02 17:00:00,1.14,1.01,0.858,0.905,1.39
2022-11-02 18:00:00,1.09,0.986,0.828,0.891,1.46
2022-11-02 19:00:00,0.927,0.897,0.608,0.834,1.32
2022-11-02 20:00:00,0.674,0.584,0.480,0.878,0.708
2022-11-02 21:00:00,0.926,0.775,0.662,0.920,0.883
2022-11-02 22:00:00,0.865,0.849,0.866,1.05,1.16
2022-11-02 23:00:00,0.524,0.496,0.523,0.596,0.678
2022-11-03 00:00:00,0.364,0.317,0.383,0.717,0.445
2022-11-03 01:00:00,0.585,1.08,0.802,0.734,0.738
2022-11-03 02:00:00,0.561,1.03,0.739,0.664,0.877
2022-11-03 03:00:00,0.426,0.731,0.761,0.703,0.894
2022-11-03 04:00:00,0.451,0.512,0.565,0.736,0.679
2022-11-03 05:00:00,0.568,0.791,1.03,1.03,1.54
2022-11-03 06:00:00,0.619,0.726,1.19,0.929,1.54
2022-11-03 07:00:00,0.515,0.676,0.920,0.864,1.08
2022-11-03 08:00:00,0.675,0.763,1.01,0.951,1.60
2022-11-03 09:00:00,0.796,0.920,1.11,1.20,2.02
2022-11-03 10:00:00,0.641,0.962,1.09,1.06,1.60
2022-11-03 11:00:00,0.866,1.06,0.941,1.15,1.78
2022-11-03 12:00:00,0.990,1.35,0.986,1.21,2.12
2022-11-03 13:00:00,1.00,1.35,1.15,1.28,2.49
2022-11-03 14:00:00,1.04,1.69,1.39,1.81,2.61
2022-11-03 15:00:00,1.01,1.55,1.57,1.84,2.20
2022-11-03 16:00:00,0.993,1.75,1.38,1.96,2.23
2022-11-03 17:00:00,0.917,1.34,1.16,2.13,1.66
2022-11-03 18:00:00,0.831,1.06,0.936,1.67,1.62
2022-11-03 19:00:00,0.529,0.903,0.697,1.45,1.48
2022-11-03 20:00:00,0.198,0.619,0.414,0.973,0.921
2022-11-03 21:00:00,0.843,0.872,0.968,1.18,0.958
2022-11-03 22:00:00,1.16,1.04,1.05,1.30,1.42
2022-11-03 23:00:00,1.22,0.996,1.17,1.56,1.35
2022-11-04 00:00:00,1.10,1.01,1.06,1.28,1.01
2022-11-04 01:00:00,0.622,0.593,0.404,0.552,0.585
2022-11-04 02:00:00,0.260,0.0967,0.614,0.589,0.242
2022-11-04 03:00:00,0.411,0.281,0.314,0.645,0.200
2022-11-04 04:00:00,0.811,0.458,0.886,1.02,1.19
2022-11-04 05:00:00,0.692,0.397,0.333,0.686,1.01
2022-11-04 06:00:00,0.472,0.284,0.310,0.720,0.465
2022-11-04 07:00:00,0.412,0.503,0.308,0.717,0.329
2022-11-04 08:00:00,0.287,0.171,0.809,0.538,0.392
2022-11-04 09:00:00,0.360,0.283,0.865,0.634,0.511
2022-11-04 10:00:00,0.430,0.665,0.688,0.622,0.536
2022-11-04 11:00:00,0.764,1.35,0.691,1.35,1.75
2022-11-04 12:00:00,1.23,1.96,1.03,1.95,3.06
2022-11-04 13:00:00,0.907,1.92,0.938,1.85,3.95
2022-11-04 14:00:00,0.909,2.05,1.15,2.29,3.96
2022-11-04 15:00:00,1.07,2.22,0.976,2.55,3.39
2022-11-04 16:00:00,1.04,2.13,0.868,2.54,3.84
2022-11-04 17:00:00,1.16,2.08,0.872,2.64,3.74
2022-11-04 18:00:00,1.09,2.17,1.10,2.83,4.16
2022-11-04 19:00:00,0.938,1.74,1.03,2.54,3.05
2022-11-04 20:00:00,0.952,1.31,0.871,2.16,2.22
2022-11-04 21:00:00,0.752,1.24,1.10,1.94,2.08
2022-11-04 22:00:00,0.673,1.31,1.30,2.32,1.94
2022-11-04 23:00:00,0.887,1.34,1.01,2.86,2.37
2022-11-05 00:00:00,0.859,1.27,0.871,2.54,1.77
2022-11-05 01:00:00,0.841,1.65,0.838,2.57,2.50
2022-11-05 02:00:00,0.869,1.47,0.881,2.82,2.29
2022-11-05 03:00:00,0.893,1.53,0.831,2.44,2.17
2022-11-05 04:00:00,0.917,1.46,0.898,2.56,2.15
2022-11-05 05:00:00,1.06,1.39,1.12,3.11,2.10
2022-11-05 06:00:00,1.10,1.50,0.925,2.74,1.89
2022-11-05 07:00:00,0.967,1.84,0.901,2.42,2.42
2022-11-05 08:00:00,0.880,1.82,0.975,2.50,2.47
2022-11-05 09:00:00,0.855,1.71,0.801,2.58,2.25
2022-11-05 10:00:00,1.12,1.95,0.921,3.27,2.56
2022-11-05 11:00:00,1.35,2.09,1.33,3.35,2.57
2022-11-05 12:00:00,1.35,1.96,1.10,2.87,3.09
2022-11-05 13:00:00,1.37,2.16,1.18,2.76,2.89
2022-11-05 14:00:00,1.16,2.32,1.57,2.99,2.55
2022-11-05 15:00:00,1.28,2.63,1.20,2.57,3.49
2022-11-05 16:00:00,1.24,2.31,1.12,2.48,3.99
2022-11-05 17:00:00,1.23,2.10,1.01,2.80,3.76
2022-11-05 18:00:00,1.38,2.13,1.82,2.91,3.06
2022-11-05 19:00:00,2.74,2.65,1.67,2.89,3.23
2022-11-05 20:00:00,2.65,2.69,1.28,2.27,2.58
2022-11-05 21:00:00,3.14,2.65,1.28,2.06,2.52
2022-11-05 22:00:00,2.83,3.29,1.62,3.02,3.77
2022-11-05 23:00:00,1.93,3.10,2.14,5.03,4.75
2022-11-06 00:00:00,1.92,3.04,1.47,3.79,6.01
2022-11-06 01:00:00,1.37,2.25,2.04,2.94,5.35
2022-11-06 01:00:00,1.05,1.69,2.14,1.62,4.13
2022-11-06 02:00:00,0.586,1.46,2.06,1.96,3.15
2022-11-06 03:00:00,0.631,1.17,2.23,2.50,2.47
2022-11-06 04:00:00,0.740,1.51,2.25,2.94,3.08
2022-11-06 05:00:00,0.576,1.48,1.97,2.07,3.19
2022-11-06 06:00:00,1.14,1.55,2.06,2.21,2.80
2022-11-06 07:00:00,1.31,1.38,1.87,2.50,2.01
2022-11-06 08:00:00,1.44,1.44,1.88,2.59,2.55
2022-11-06 09:00:00,1.91,1.26,2.09,3.11,2.43
2022-11-06 10:00:00,1.34,1.61,2.19,2.42,3.24
2022-11-06 11:00:00,1.01,1.84,1.86,1.90,4.62
2022-11-06 12:00:00,1.03,1.84,1.86,1.85,4.42
2022-11-06 13:00:00,1.37,2.23,1.43,2.00,4.44
2022-11-06 14:00:00,1.40,2.06,1.24,2.00,4.66
2022-11-06 15:00:00,0.622,1.87,1.50,1.46,3.42
2022-11-06 16:00:00,0.593,1.80,1.45,1.56,4.01
2022-11-06 17:00:00,0.681,1.73,1.61,1.50,4.68
2022-11-06 18:00:00,0.783,1.94,2.07,1.83,5.07
2022-11-06 19:00:00,0.853,1.70,2.08,1.83,4.43
2022-11-06 20:00:00,0.984,1.72,2.17,1.74,3.93
2022-11-06 21:00:00,0.981,1.54,2.01,1.69,3.67
2022-11-06 22:00:00,1.32,1.57,1.72,2.03,2.24
2022-11-06 23:00:00,1.04,1.63,1.83,1.91,2.22
2022-11-07 00:00:00,1.04,1.31,2.65,2.42,2.70
2022-11-07 01:00:00,1.02,1.20,3.08,2.99,2.34
2022-11-07 02:00:00,1.08,1.20,2.30,2.12,1.90
2022-11-07 03:00:00,1.60,1.20,1.66,2.24,1.65
2022-11-07 04:00:00,1.99,1.12,2.08,2.88,1.83
2022-11-07 05:00:00,2.22,0.951,2.10,3.49,1.89
2022-11-07 06:00:00,2.28,0.895,2.41,3.54,1.76
2022-11-07 07:00:00,1.92,0.948,2.06,3.20,1.67
2022-11-07 08:00:00,1.74,1.20,2.06,2.94,2.20
2022-11-07 09:00:00,2.40,1.11,2.88,3.47,2.29
2022-11-07 10:00:00,2.56,1.29,3.42,3.78,2.28
2022-11-07 11:00:00,2.83,1.32,3.55,4.06,2.05
2022-11-07 12:00:00,2.33,1.38,3.43,3.65,2.28
2022-11-07 13:00:00,2.58,1.58,3.82,3.56,2.18
2022-11-07 14:00:00,2.08,1.23,3.47,3.49,1.88
2022-11-07 15:00:00,2.52,1.32,3.70,3.41,1.97
2022-11-07 16:00:00,1.93,1.29,3.65,3.21,2.00
2022-11-07 17:00:00,1.94,1.25,3.36,2.85,1.98
2022-11-07 18:00:00,1.84,1.24,3.01,2.85,1.88
2022-11-07 19:00:00,1.59,0.879,2.50,2.31,1.64
2022-11-07 20:00:00,1.25,0.762,1.85,1.59,1.31
2022-11-07 21:00:00,1.37,0.751,1.70,1.64,1.14
2022-11-07 22:00:00,1.48,0.927,1.66,1.85,1.11
2022-11-07 23:00:00,1.55,0.744,1.81,1.74,1.17
2022-11-08 00:00:00,1.60,0.855,1.57,1.51,1.27
2022-11-08 01:00:00,1.52,0.861,1.43,1.36,1.15
2022-11-08 02:00:00,1.40,0.671,1.49,1.53,1.34
2022-11-08 03:00:00,1.25,0.860,1.33,1.37,1.31
2022-11-08 04:00:00,0.801,0.700,1.20,1.06,1.23
2022-11-08 05:00:00,0.937,0.761,0.986,0.984,0.879
2022-11-08 06:00:00,0.961,1.33,1.11,1.06,0.973
2022-11-08 07:00:00,0.965,1.89,1.21,1.03,1.09
2022-11-08 08:00:00,0.770,1.33,0.869,0.925,0.897
2022-11-08 09:00:00,1.14,2.00,0.829,1.02,0.945
2022-11-08 10:00:00,1.78,2.57,1.03,1.28,1.15
2022-11-08 11:00:00,1.68,2.53,1.09,1.22,1.000
2022-11-08 12:00:00,1.39,2.09,1.19,1.15,1.05
2022-11-08 13:00:00,1.25,1.76,1.14,1.03,0.917
2022-11-08 14:00:00,1.29,1.65,1.03,1.11,1.08
2022-11-08 15:00:00,0.969,1.34,1.12,1.02,0.924
2022-11-08 16:00:00,1.36,1.28,0.891,1.18,1.25
2022-11-08 17:00:00,1.76,1.14,0.944,1.24,1.92
2022-11-08 18:00:00,1.07,0.692,0.774,0.976,1.74
2022-11-08 19:00:00,0.756,0.341,0.487,0.800,1.59
2022-11-08 20:00:00,0.807,0.206,0.532,0.970,1.50
2022-11-08 21:00:00,1.26,0.414,0.492,1.02,1.83
2022-11-08 22:00:00,0.536,0.335,0.413,0.622,1.64
2022-11-08 23:00:00,0.971,0.572,0.668,0.849,1.79
2022-11-09 00:00:00,1.32,0.786,0.735,0.762,1.95
2022-11-09 01:00:00,1.52,0.861,1.17,1.19,2.19
2022-11-09 02:00:00,1.88,0.941,0.932,1.14,2.19
2022-11-09 03:00:00,2.27,1.19,1.37,1.81,2.49
2022-11-09 04:00:00,2.07,1.44,1.48,2.15,2.37
2022-11-09 05:00:00,1.86,0.939,0.972,1.30,2.17
2022-11-09 06:00:00,2.73,0.961,0.859,1.01,2.51
2022-11-09 07:00:00,2.37,0.854,0.852,1.16,2.57
2022-11-09 08:00:00,2.64,0.981,0.914,1.13,2.62
2022-11-09 09:00:00,2.88,1.10,0.962,1.11,2.71
2022-11-09 10:00:00,2.67,1.19,0.934,1.14,2.66
2022-11-09 11:00:00,2.05,1.07,0.732,0.985,1.70
2022-11-09 12:00:00,1.67,1.17,1.25,1.43,1.39
2022-11-09 13:00:00,1.86,1.82,1.34,1.47,1.56
2022-11-09 14:00:00,1.36,1.86,1.05,1.38,2.65
2022-11-09 15:00:00,1.44,1.78,1.09,1.59,2.76
2022-11-09 16:00:00,1.22,1.29,0.597,0.923,1.01
2022-11-09 17:00:00,1.30,1.08,1.25,1.78,1.68
2022-11-09 18:00:00,1.28,1.03,1.31,1.67,1.64
2022-11-09 19:00:00,0.754,0.661,0.829,0.984,1.21
2022-11-09 20:00:00,0.885,0.587,0.501,0.738,1.70
2022-11-09 21:00:00,0.985,0.712,0.347,0.686,0.651
2022-11-09 22:00:00,0.481,0.658,0.701,1.33,1.11
2022-11-09 23:00:00,0.192,0.635,1.03,2.07,1.53
2022-11-10 00:00:00,0.125,0.398,1.36,1.41,1.11
2022-11-10 01:00:00,0.450,1.16,2.39,2.38,2.35
2022-11-10 02:00:00,0.582,1.46,2.06,2.62,2.46
2022-11-10 03:00:00,0.677,1.53,1.30,3.01,2.78
2022-11-10 04:00:00,0.455,1.08,1.09,2.54,1.80
2022-11-10 05:00:00,0.217,0.926,1.22,1.89,1.71
2022-11-10 06:00:00,0.348,1.36,1.84,2.48,2.69
2022-11-10 07:00:00,0.627,1.55,2.08,2.36,3.34
2022-11-10 08:00:00,0.768,1.53,1.40,2.44,2.86
2022-11-10 09:00:00,0.907,2.01,2.06,2.17,3.96
2022-11-10 10:00:00,0.961,2.36,1.80,2.05,5.14
2022-11-10 11:00:00,1.04,2.35,1.72,1.97,5.71
2022-11-10 12:00:00,1.07,2.59,1.67,2.53,6.97
2022-11-10 13:00:00,1.31,2.58,1.65,2.75,6.37
2022-11-10 14:00:00,1.23,2.50,1.29,2.37,5.39
2022-11-10 15:00:00,1.10,2.02,1.17,2.15,4.57
2022-11-10 16:00:00,1.10,2.02,0.961,2.06,4.18
2022-11-10 17:00:00,1.01,2.18,1.09,2.71,4.27
2022-11-10 18:00:00,0.884,2.06,1.31,2.87,4.22
2022-11-10 19:00:00,0.577,1.64,1.77,2.65,3.28
2022-11-10 20:00:00,0.397,1.32,2.21,2.91,3.05
2022-11-10 21:00:00,0.298,1.32,1.67,2.53,3.00
2022-11-10 22:00:00,0.754,1.35,1.12,2.95,2.09
2022-11-10 23:00:00,1.02,1.73,1.43,3.51,3.23
2022-11-11 00:00:00,1.24,1.71,1.47,3.64,3.47
2022-11-11 01:00:00,1.09,1.50,1.44,3.29,2.87
2022-11-11 02:00:00,0.940,1.43,1.19,2.74,3.00
2022-11-11 03:00:00,0.453,1.28,1.38,2.19,2.69
2022-11-11 04:00:00,0.504,1.06,1.02,2.15,2.13
2022-11-11 05:00:00,0.873,1.06,0.838,2.50,1.62
2022-11-11 06:00:00,0.764,1.11,0.772,2.26,1.73
2022-11-11 07:00:00,0.335,0.912,0.643,1.62,1.32
2022-11-11 08:00:00,0.459,0.854,0.437,1.14,1.19
2022-11-11 09:00:00,0.765,0.879,0.446,0.701,0.548
2022-11-11 10:00:00,0.678,0.742,0.376,0.910,0.558
2022-11-11 11:00:00,1.02,0.869,0.688,0.907,0.993
2022-11-11 12:00:00,1.05,1.06,0.924,1.13,1.31
2022-11-11 13:00:00,0.568,0.322,0.418,0.680,0.823
2022-11-11 14:00:00,1.04,0.496,0.780,0.778,1.22
2022-11-11 15:00:00,1.14,0.691,0.546,0.724,1.10
2022-11-11 16:00:00,1.45,0.878,0.680,0.851,1.11
2022-11-11 17:00:00,0.862,0.753,0.314,0.658,0.711
2022-11-11 18:00:00,0.674,0.631,0.397,0.566,0.683
2022-11-11 19:00:00,0.686,0.456,0.542,0.656,1.10
2022-11-11 20:00:00,0.676,0.514,0.881,0.827,0.658
2022-11-11 21:00:00,1.03,1.13,1.38,1.30,1.02
2022-11-11 22:00:00,1.05,1.25,1.37,1.43,1.35
2022-11-11 23:00:00,0.941,1.02,1.32,1.35,1.41
2022-11-12 00:00:00,1.51,1.44,2.72,2.49,1.93
2022-11-12 01:00:00,1.59,1.22,2.52,2.18,1.79
2022-11-12 02:00:00,2.01,1.71,3.07,2.54,1.72
2022-11-12 03:00:00,1.90,1.37,2.94,2.72,1.76
2022-11-12 04:00:00,1.79,1.29,3.18,2.61,1.88
2022-11-12 05:00:00,1.73,1.06,3.15,2.58,1.75
2022-11-12 06:00:00,2.09,1.03,3.16,2.44,1.65
2022-11-12 07:00:00,1.95,0.861,2.06,2.55,1.37
2022-11-12 08:00:00,1.60,1.34,1.66,2.30,2.35
2022-11-12 09:00:00,1.94,1.46,2.11,2.43,2.35
2022-11-12 10:00:00,1.92,1.46,2.21,2.49,2.44
2022-11-12 11:00:00,1.73,1.41,2.12,2.68,2.64
2022-11-12 12:00:00,1.81,1.05,2.08,2.47,2.42
2022-11-12 13:00:00,1.81,1.10,2.47,2.73,1.67
2022-11-12 14:00:00,2.11,1.20,2.33,2.99,2.44
2022-11-12 15:00:00,1.87,1.24,2.39,2.84,1.79
2022-11-12 16:00:00,1.83,0.856,2.51,2.49,1.65
2022-11-12 17:00:00,1.52,0.877,1.92,2.12,1.35
2022-11-12 18:00:00,1.52,1.000,1.95,2.28,1.59
2022-11-12 19:00:00,1.57,1.50,1.74,2.24,2.96
2022-11-12 20:00:00,1.77,1.54,1.74,2.37,3.30
2022-11-12 21:00:00,1.82,1.25,1.77,2.56,2.21
2022-11-12 22:00:00,1.61,1.47,1.79,2.22,2.78
2022-11-12 23:00:00,1.60,1.26,1.67,2.20,2.13
2022-11-13 00:00:00,1.69,0.971,1.57,2.50,1.46
2022-11-13 01:00:00,1.31,0.770,2.10,1.86,1.20
2022-11-13 02:00:00,1.12,0.662,1.97,1.57,1.26
2022-11-13 03:00:00,1.11,0.776,1.86,1.42,1.05
2022-11-13 04:00:00,0.729,0.814,1.47,1.21,0.999
2022-11-13 05:00:00,0.886,1.13,1.76,1.17,1.24
2022-11-13 06:00:00,0.848,0.754,1.51,1.07,1.13
2022-11-13 07:00:00,0.802,1.14,1.56,1.04,1.21
2022-11-13 08:00:00,0.900,1.49,1.78,1.26,1.61
2022-11-13 09:00:00,1.09,1.56,1.89,1.39,1.64
2022-11-13 10:00:00,1.13,1.69,2.00,1.45,1.71
2022-11-13 11:00:00,1.25,1.39,2.29,1.64,1.51
2022-11-13 12:00:00,1.15,1.31,2.07,1.79,1.29
2022-11-13 13:00:00,1.58,1.10,2.55,2.03,1.33
2022-11-13 14:00:00,1.76,1.25,2.91,2.26,1.56
2022-11-13 15:00:00,1.86,1.04,2.76,2.12,1.54
2022-11-13 16:00:00,1.49,1.36,2.58,2.38,1.64
2022-11-13 17:00:00,1.49,1.55,2.69,2.20,1.64
2022-11-13 18:00:00,1.94,0.905,2.89,2.43,1.84
2022-11-13 19:00:00,1.62,0.900,2.64,2.35,1.85
2022-11-13 20:00:00,1.67,0.917,2.35,2.10,1.58
2022-11-13 21:00:00,1.64,0.796,2.24,2.34,1.34
2022-11-13 22:00:00,1.84,0.879,1.83,2.47,1.47
2022-11-13 23:00:00,1.97,0.997,1.72,2.47,1.58
2022-11-14 00:00:00,1.90,0.968,1.59,2.21,1.61
2022-11-14 01:00:00,1.56,0.910,1.18,1.63,1.48
2022-11-14 02:00:00,1.32,0.566,1.23,1.67,1.11
2022-11-14 03:00:00,0.826,0.364,1.34,1.25,0.967
2022-11-14 04:00:00,0.853,0.514,1.21,1.12,1.08
2022-11-14 05:00:00,1.12,0.328,1.43,1.48,1.13
2022-11-14 06:00:00,1.32,0.471,1.62,1.49,1.09
2022-11-14 07:00:00,1.38,0.790,1.42,1.76,1.08
2022-11-14 08:00:00,1.32,0.783,1.38,1.74,1.07
2022-11-14 09:00:00,1.31,0.712,1.49,1.63,1.01
2022-11-14 10:00:00,1.15,0.953,1.73,1.46,1.04
2022-11-14 11:00:00,1.46,1.12,2.26,1.83,1.33
2022-11-14 12:00:00,1.38,1.09,2.11,1.59,1.32
2022-11-14 13:00:00,1.23,1.10,1.82,1.44,1.19
2022-11-14 14:00:00,1.12,1.06,1.83,1.34,1.02
2022-11-14 15:00:00,1.16,0.808,1.84,1.48,1.09
2022-11-14 16:00:00,0.938,0.754,1.59,1.56,0.994
2022-11-14 17:00:00,0.774,0.937,1.50,1.26,1.09
2022-11-14 18:00:00,0.550,0.805,1.04,1.08,0.966
2022-11-14 19:00:00,0.546,0.792,0.954,0.934,0.795
2022-11-14 20:00:00,0.384,0.591,1.18,0.980,1.13
2022-11-14 21:00:00,0.436,0.471,0.518,0.783,0.741
2022-11-14 22:00:00,0.519,0.311,0.497,0.792,0.768
2022-11-14 23:00:00,0.568,0.451,0.555,0.785,0.791
2022-11-15 00:00:00,0.672,1.06,0.483,0.659,0.811
2022-11-15 01:00:00,0.630,1.48,0.478,0.636,0.982
2022-11-15 02:00:00,0.538,1.26,0.516,0.744,0.988
2022-11-15 03:00:00,0.589,1.12,0.596,0.750,0.814
2022-11-15 04:00:00,0.582,1.34,0.392,0.794,1.02
2022-11-15 05:00:00,0.989,1.49,0.500,1.08,1.10
2022-11-15 06:00:00,1.08,1.46,0.377,0.960,1.02
2022-11-15 07:00:00,1.28,1.77,0.480,0.944,1.26
2022-11-15 08:00:00,1.47,1.65,0.561,1.04,1.06
2022-11-15 09:00:00,1.25,1.69,0.750,0.948,1.12
2022-11-15 10:00:00,1.22,1.68,0.703,0.962,1.09
2022-11-15 11:00:00,1.71,1.60,0.668,1.03,1.27
2022-11-15 12:00:00,1.74,1.82,0.755,1.16,1.03
2022-11-15 13:00:00,1.41,2.21,1.14,0.886,1.10
2022-11-15 14:00:00,1.38,1.61,0.746,0.813,0.968
2022-11-15 15:00:00,1.90,2.15,0.786,1.09,1.32
2022-11-15 16:00:00,1.79,2.15,0.771,1.02,1.32
2022-11-15 17:00:00,1.94,1.68,0.705,0.962,1.32
2022-11-15 18:00:00,2.07,1.85,0.632,0.955,1.31
2022-11-15 19:00:00,1.70,1.65,0.650,0.955,1.32
2022-11-15 20:00:00,1.94,1.72,0.692,1.06,1.63
2022-11-15 21:00:00,2.05,2.29,0.791,1.22,1.74
2022-11-15 22:00:00,1.80,2.06,0.779,1.21,1.28
2022-11-15 23:00:00,1.68,1.77,0.639,1.08,1.13
2022-11-16 00:00:00,1.61,1.94,0.660,1.01,1.14
2022-11-16 01:00:00,1.49,2.45,0.617,0.887,1.19
2022-11-16 02:00:00,1.62,2.00,0.640,0.767,1.12
2022-11-16 03:00:00,1.14,2.09,0.554,0.546,0.948
2022-11-16 04:00:00,0.529,1.66,0.210,0.0882,0.644
2022-11-16 05:00:00,0.290,1.61,0.228,0.0725,0.705
2022-11-16 06:00:00,0.355,1.48,0.182,0.157,0.635
2022-11-16 07:00:00,0.261,1.28,0.142,0.0688,0.646
2022-11-16 08:00:00,0.211,0.995,0.0657,0.0601,0.676
2022-11-16 09:00:00,0.309,1.00,0.366,0.311,0.635
2022-11-16 10:00:00,0.260,0.687,0.365,0.343,0.538
2022-11-16 11:00:00,0.528,0.592,0.382,0.481,0.382
2022-11-16 12:00:00,0.651,0.297,0.300,0.457,0.598
2022-11-16 13:00:00,0.801,0.343,0.351,0.471,0.687
2022-11-16 14:00:00,1.01,0.553,0.718,0.837,0.758
2022-11-16 15:00:00,0.962,0.697,1.06,1.09,0.959
2022-11-16 16:00:00,1.16,0.747,1.39,1.33,1.16
2022-11-16 17:00:00,0.803,0.516,1.10,1.13,0.940
2022-11-16 18:00:00,0.667,0.343,1.01,0.905,0.958
2022-11-16 19:00:00,0.381,0.421,0.755,0.824,0.886
2022-11-16 20:00:00,0.221,0.331,0.897,1.06,0.838
2022-11-16 21:00:00,0.220,0.757,0.782,1.34,1.21
2022-11-16 22:00:00,1.21,0.543,0.926,1.75,1.03
2022-11-16 23:00:00,1.23,0.780,1.05,1.55,0.970
2022-11-17 00:00:00,0.958,0.391,1.24,1.41,1.06
2022-11-17 01:00:00,0.806,0.421,1.04,1.11,0.953
2022-11-17 02:00:00,1.33,0.565,0.970,1.64,0.883
2022-11-17 03:00:00,1.22,0.614,0.904,1.72,0.917
2022-11-17 04:00:00,1.22,0.580,1.11,1.74,0.972
2022-11-17 05:00:00,1.22,0.445,1.04,1.68,1.02
2022-11-17 06:00:00,1.51,0.587,2.09,1.86,1.30
2022-11-17 07:00:00,1.58,0.846,2.36,1.97,1.66
2022-11-17 08:00:00,1.68,0.814,2.24,2.01,1.62
2022-11-17 09:00:00,1.93,1.04,2.61,2.38,1.81
2022-11-17 10:00:00,1.78,1.06,2.56,2.28,1.75
2022-11-17 11:00:00,1.93,1.03,2.68,2.44,1.70
2022-11-17 12:00:00,2.05,1.15,2.51,3.00,2.06
2022-11-17 13:00:00,2.22,1.10,2.78,3.21,1.83
2022-11-17 14:00:00,2.32,0.991,3.01,3.20,1.90
2022-11-17 15:00:00,2.21,1.12,3.05,2.80,1.74
2022-11-17 16:00:00,1.59,0.777,2.42,2.44,1.41
2022-11-17 17:00:00,1.23,0.680,1.68,1.80,1.10
2022-11-17 18:00:00,1.28,1.08,1.43,1.93,1.97
2022-11-17 19:00:00,1.14,1.25,1.42,1.59,2.45
2022-11-17 20:00:00,1.18,1.09,1.28,1.61,2.16
2022-11-17 21:00:00,0.796,1.28,1.31,1.23,2.92
2022-11-17 22:00:00,0.889,1.40,1.48,1.37,4.01
2022-11-17 23:00:00,1.22,1.55,1.79,1.82,3.86
2022-11-18 00:00:00,1.38,1.49,1.84,2.35,3.16
2022-11-18 01:00:00,1.61,1.60,2.00,2.73,3.47
2022-11-18 02:00:00,1.80,1.53,2.13,2.81,3.55
2022-11-18 03:00:00,2.04,1.39,2.22,2.70,2.68
2022-11-18 04:00:00,1.78,1.52,2.15,2.55,3.00
2022-11-18 05:00:00,1.84,1.23,1.91,2.53,2.47
2022-11-18 06:00:00,1.75,1.23,1.68,2.42,2.04
2022-11-18 07:00:00,1.93,1.32,2.00,2.66,2.69
2022-11-18 08:00:00,1.99,0.891,1.75,2.53,1.72
2022-11-18 09:00:00,1.92,1.28,2.01,2.63,2.63
2022-11-18 10:00:00,1.99,1.59,2.34,2.90,4.20
2022-11-18 11:00:00,1.78,1.69,2.49,2.66,4.09
2022-11-18 11:09:34,2.85,1.90,3.08,4.21,4.44

